entity,project,run_id,run_name,run_path,state,created_at,updated_at,url,_step,loss/total,loss/mse,loss/lpips,loss/flow_mse,loss/bootstrap_mse,loss/loss_emp,loss/loss_self,stats/psnr,stats/keep_prob,stats/masked_frac,stats/action_shuffle_loss_ratio,stats/sigma_mean,stats/B_self,eval/mse_pred,eval/mse_floor,eval/mse_ratio_pred_over_floor,eval/psnr_pred,eval/psnr_floor,eval/psnr_gain_over_floor_db,eval/mse_pred_t1,eval/mse_pred_tmid,eval/mse_pred_tend,eval/mse_floor_t1,eval/mse_floor_tmid,eval/mse_floor_tend,debug/z_std,amp/scale,lr,time/hrs
jerrychsh-ucsd,dreamer4-tokenizer,qpuq9n6z,pusht-tokenizer,jerrychsh-ucsd/dreamer4-tokenizer/qpuq9n6z,killed,2026-05-02T02:20:46Z,,https://wandb.ai/jerrychsh-ucsd/dreamer4-tokenizer/runs/qpuq9n6z,0,0.6111791133880615,0.4222719967365265,0.9445356130599976,,,,,3.744077205657959,0.47564196586608887,0.522369384765625,,,,,,,,,,,,,,,,0.6588556170463562,65536,0.0001,0.0008057619465721978
jerrychsh-ucsd,dreamer4-tokenizer,qpuq9n6z,pusht-tokenizer,jerrychsh-ucsd/dreamer4-tokenizer/qpuq9n6z,killed,2026-05-02T02:20:46Z,,https://wandb.ai/jerrychsh-ucsd/dreamer4-tokenizer/runs/qpuq9n6z,100,0.04273505508899689,0.00897008366882801,0.16882485151290894,,,,,20.472034454345703,0.5668048858642578,0.432861328125,,,,,,,,,,,,,,,,0.9962300658226013,65536,0.0001,0.018580627706315783
jerrychsh-ucsd,dreamer4-tokenizer,qpuq9n6z,pusht-tokenizer,jerrychsh-ucsd/dreamer4-tokenizer/qpuq9n6z,killed,2026-05-02T02:20:46Z,,https://wandb.ai/jerrychsh-ucsd/dreamer4-tokenizer/runs/qpuq9n6z,200,0.04242754355072975,0.008848659694194794,0.1678944081068039,,,,,20.531225204467773,0.550843358039856,0.445587158203125,,,,,,,,,,,,,,,,0.9961843490600586,65536,0.0001,0.03619183672799004
jerrychsh-ucsd,dreamer4-tokenizer,qpuq9n6z,pusht-tokenizer,jerrychsh-ucsd/dreamer4-tokenizer/qpuq9n6z,killed,2026-05-02T02:20:46Z,,https://wandb.ai/jerrychsh-ucsd/dreamer4-tokenizer/runs/qpuq9n6z,300,0.03866460174322128,0.008307905867695808,0.15178346633911133,,,,,20.805084228515625,0.572950541973114,0.424774169921875,,,,,,,,,,,,,,,,0.9961262345314026,65536,0.0001,0.05383130252361298
jerrychsh-ucsd,dreamer4-tokenizer,qpuq9n6z,pusht-tokenizer,jerrychsh-ucsd/dreamer4-tokenizer/qpuq9n6z,killed,2026-05-02T02:20:46Z,,https://wandb.ai/jerrychsh-ucsd/dreamer4-tokenizer/runs/qpuq9n6z,400,0.040788114070892334,0.008564700372517109,0.1611170768737793,,,,,20.67287826538086,0.5317257046699524,0.4656982421875,,,,,,,,,,,,,,,,0.996067225933075,65536,0.0001,0.07149394326739841
jerrychsh-ucsd,dreamer4-tokenizer,qpuq9n6z,pusht-tokenizer,jerrychsh-ucsd/dreamer4-tokenizer/qpuq9n6z,killed,2026-05-02T02:20:46Z,,https://wandb.ai/jerrychsh-ucsd/dreamer4-tokenizer/runs/qpuq9n6z,500,0.04045472294092178,0.00812397338449955,0.16165375709533691,,,,,20.902313232421875,0.566973090171814,0.4327850341796875,,,,,,,,,,,,,,,,0.9959197640419006,65536,0.0001,0.08916616492801242
jerrychsh-ucsd,dreamer4-tokenizer,qpuq9n6z,pusht-tokenizer,jerrychsh-ucsd/dreamer4-tokenizer/qpuq9n6z,killed,2026-05-02T02:20:46Z,,https://wandb.ai/jerrychsh-ucsd/dreamer4-tokenizer/runs/qpuq9n6z,600,0.04060881957411766,0.008612830191850662,0.1599799394607544,,,,,20.648540496826172,0.5974175930023193,0.403228759765625,,,,,,,,,,,,,,,,0.995854377746582,65536,0.0001,0.10689785838127136
jerrychsh-ucsd,dreamer4-tokenizer,qpuq9n6z,pusht-tokenizer,jerrychsh-ucsd/dreamer4-tokenizer/qpuq9n6z,killed,2026-05-02T02:20:46Z,,https://wandb.ai/jerrychsh-ucsd/dreamer4-tokenizer/runs/qpuq9n6z,700,0.046789638698101044,0.008172983303666115,0.1930832862854004,,,,,20.876195907592773,0.5524334907531738,0.4448699951171875,,,,,,,,,,,,,,,,0.9956318140029907,65536,0.0001,0.12459422118133968
jerrychsh-ucsd,dreamer4-tokenizer,qpuq9n6z,pusht-tokenizer,jerrychsh-ucsd/dreamer4-tokenizer/qpuq9n6z,killed,2026-05-02T02:20:46Z,,https://wandb.ai/jerrychsh-ucsd/dreamer4-tokenizer/runs/qpuq9n6z,800,0.03740552440285683,0.00853668712079525,0.14434418082237244,,,,,20.68710708618164,0.5273934602737427,0.46905517578125,,,,,,,,,,,,,,,,0.9957378506660461,65536,0.0001,0.1422969333993064
jerrychsh-ucsd,dreamer4-tokenizer,qpuq9n6z,pusht-tokenizer,jerrychsh-ucsd/dreamer4-tokenizer/qpuq9n6z,killed,2026-05-02T02:20:46Z,,https://wandb.ai/jerrychsh-ucsd/dreamer4-tokenizer/runs/qpuq9n6z,900,0.038969509303569794,0.00816265493631363,0.15403425693511963,,,,,20.88168716430664,0.5155840516090393,0.48419189453125,,,,,,,,,,,,,,,,0.9958095550537109,65536,0.0001,0.16001274658574
jerrychsh-ucsd,dreamer4-tokenizer,qpuq9n6z,pusht-tokenizer,jerrychsh-ucsd/dreamer4-tokenizer/qpuq9n6z,killed,2026-05-02T02:20:46Z,,https://wandb.ai/jerrychsh-ucsd/dreamer4-tokenizer/runs/qpuq9n6z,1000,0.03968328237533569,0.008819702081382275,0.15431790053844452,,,,,20.545461654663086,0.5328586101531982,0.469757080078125,,,,,,,,,,,,,,,,0.9957414269447327,65536,0.0001,0.1777159986893336
jerrychsh-ucsd,dreamer4-tokenizer,qpuq9n6z,pusht-tokenizer,jerrychsh-ucsd/dreamer4-tokenizer/qpuq9n6z,killed,2026-05-02T02:20:46Z,,https://wandb.ai/jerrychsh-ucsd/dreamer4-tokenizer/runs/qpuq9n6z,1100,0.04136360064148903,0.008109434507787228,0.16627082228660583,,,,,20.91009521484375,0.4942062497138977,0.5029296875,,,,,,,,,,,,,,,,0.9952051043510437,65536,0.0001,0.1954603260093265
jerrychsh-ucsd,dreamer4-tokenizer,qpuq9n6z,pusht-tokenizer,jerrychsh-ucsd/dreamer4-tokenizer/qpuq9n6z,killed,2026-05-02T02:20:46Z,,https://wandb.ai/jerrychsh-ucsd/dreamer4-tokenizer/runs/qpuq9n6z,1200,0.03162231296300888,0.009032797068357468,0.11294758319854736,,,,,20.44178009033203,0.5551533699035645,0.445526123046875,,,,,,,,,,,,,,,,0.989912748336792,65536,0.0001,0.2131763208574719
jerrychsh-ucsd,dreamer4-tokenizer,qpuq9n6z,pusht-tokenizer,jerrychsh-ucsd/dreamer4-tokenizer/qpuq9n6z,killed,2026-05-02T02:20:46Z,,https://wandb.ai/jerrychsh-ucsd/dreamer4-tokenizer/runs/qpuq9n6z,1300,0.033126041293144226,0.008275888860225677,0.12425076961517334,,,,,20.821853637695312,0.49123862385749817,0.5095977783203125,,,,,,,,,,,,,,,,0.9945482611656189,65536,0.0001,0.23088966058360205
jerrychsh-ucsd,dreamer4-tokenizer,qpuq9n6z,pusht-tokenizer,jerrychsh-ucsd/dreamer4-tokenizer/qpuq9n6z,killed,2026-05-02T02:20:46Z,,https://wandb.ai/jerrychsh-ucsd/dreamer4-tokenizer/runs/qpuq9n6z,1400,0.0303324144333601,0.00811484083533287,0.111087866127491,,,,,20.90719985961914,0.6129821538925171,0.3851776123046875,,,,,,,,,,,,,,,,0.9933714866638184,65536,0.0001,0.24860026094648574
jerrychsh-ucsd,dreamer4-tokenizer,qpuq9n6z,pusht-tokenizer,jerrychsh-ucsd/dreamer4-tokenizer/qpuq9n6z,killed,2026-05-02T02:20:46Z,,https://wandb.ai/jerrychsh-ucsd/dreamer4-tokenizer/runs/qpuq9n6z,1500,0.028595488518476486,0.008783538825809956,0.09905974566936493,,,,,20.563304901123047,0.54524165391922,0.4537200927734375,,,,,,,,,,,,,,,,0.9801004528999329,65536,0.0001,0.26630824201636843
jerrychsh-ucsd,dreamer4-tokenizer,qpuq9n6z,pusht-tokenizer,jerrychsh-ucsd/dreamer4-tokenizer/qpuq9n6z,killed,2026-05-02T02:20:46Z,,https://wandb.ai/jerrychsh-ucsd/dreamer4-tokenizer/runs/qpuq9n6z,1600,0.029074031859636307,0.008181230165064335,0.10446400940418243,,,,,20.871814727783203,0.5520063042640686,0.4502105712890625,,,,,,,,,,,,,,,,0.9923734664916992,65536,0.0001,0.2840890183051427
jerrychsh-ucsd,dreamer4-tokenizer,qpuq9n6z,pusht-tokenizer,jerrychsh-ucsd/dreamer4-tokenizer/qpuq9n6z,killed,2026-05-02T02:20:46Z,,https://wandb.ai/jerrychsh-ucsd/dreamer4-tokenizer/runs/qpuq9n6z,1700,0.02849089354276657,0.007940501905977726,0.1027519553899765,,,,,21.00152015686035,0.5841126441955566,0.41796875,,,,,,,,,,,,,,,,0.9884340763092041,65536,0.0001,0.30180017193158465
jerrychsh-ucsd,dreamer4-tokenizer,qpuq9n6z,pusht-tokenizer,jerrychsh-ucsd/dreamer4-tokenizer/qpuq9n6z,killed,2026-05-02T02:20:46Z,,https://wandb.ai/jerrychsh-ucsd/dreamer4-tokenizer/runs/qpuq9n6z,1800,0.026627548038959503,0.00759204663336277,0.09517750144004822,,,,,21.1964111328125,0.5630127191543579,0.4339599609375,,,,,,,,,,,,,,,,0.9824545383453369,65536,0.0001,0.3195182306898965
jerrychsh-ucsd,dreamer4-tokenizer,qpuq9n6z,pusht-tokenizer,jerrychsh-ucsd/dreamer4-tokenizer/qpuq9n6z,killed,2026-05-02T02:20:46Z,,https://wandb.ai/jerrychsh-ucsd/dreamer4-tokenizer/runs/qpuq9n6z,1900,0.02508275955915451,0.007065522018820047,0.0900861918926239,,,,,21.50855827331543,0.578707218170166,0.4227447509765625,,,,,,,,,,,,,,,,0.9735004901885986,65536,0.0001,0.3372334420018726
jerrychsh-ucsd,dreamer4-tokenizer,qpuq9n6z,pusht-tokenizer,jerrychsh-ucsd/dreamer4-tokenizer/qpuq9n6z,killed,2026-05-02T02:20:46Z,,https://wandb.ai/jerrychsh-ucsd/dreamer4-tokenizer/runs/qpuq9n6z,2000,0.024251872673630714,0.0071060508489608765,0.08572910726070404,,,,,21.483718872070312,0.5260516405105591,0.4742431640625,,,,,,,,,,,,,,,,0.982747495174408,131072,0.0001,0.35495408554871877
jerrychsh-ucsd,dreamer4-tokenizer,qpuq9n6z,pusht-tokenizer,jerrychsh-ucsd/dreamer4-tokenizer/qpuq9n6z,killed,2026-05-02T02:20:46Z,,https://wandb.ai/jerrychsh-ucsd/dreamer4-tokenizer/runs/qpuq9n6z,2100,0.024227233603596687,0.0071321208961308,0.08547556400299072,,,,,21.467815399169922,0.5482040047645569,0.451446533203125,,,,,,,,,,,,,,,,0.9879612922668457,131072,0.0001,0.3727901899814606
jerrychsh-ucsd,dreamer4-tokenizer,qpuq9n6z,pusht-tokenizer,jerrychsh-ucsd/dreamer4-tokenizer/qpuq9n6z,killed,2026-05-02T02:20:46Z,,https://wandb.ai/jerrychsh-ucsd/dreamer4-tokenizer/runs/qpuq9n6z,2200,0.022832006216049194,0.007366301491856575,0.07732852548360825,,,,,21.327505111694336,0.5490778684616089,0.4512481689453125,,,,,,,,,,,,,,,,0.98319011926651,131072,0.0001,0.39054275314013165
jerrychsh-ucsd,dreamer4-tokenizer,qpuq9n6z,pusht-tokenizer,jerrychsh-ucsd/dreamer4-tokenizer/qpuq9n6z,killed,2026-05-02T02:20:46Z,,https://wandb.ai/jerrychsh-ucsd/dreamer4-tokenizer/runs/qpuq9n6z,2300,0.023043354973196983,0.006967311725020409,0.08038021624088287,,,,,21.56934928894043,0.5546432733535767,0.446502685546875,,,,,,,,,,,,,,,,0.9878267645835876,131072,0.0001,0.4083000792397393
jerrychsh-ucsd,dreamer4-tokenizer,qpuq9n6z,pusht-tokenizer,jerrychsh-ucsd/dreamer4-tokenizer/qpuq9n6z,killed,2026-05-02T02:20:46Z,,https://wandb.ai/jerrychsh-ucsd/dreamer4-tokenizer/runs/qpuq9n6z,2400,0.020872952416539192,0.006085236556828022,0.07393857836723328,,,,,22.1572265625,0.5394539833068848,0.4604034423828125,,,,,,,,,,,,,,,,0.9895673394203186,131072,0.0001,0.4260440895954768
jerrychsh-ucsd,dreamer4-tokenizer,qpuq9n6z,pusht-tokenizer,jerrychsh-ucsd/dreamer4-tokenizer/qpuq9n6z,killed,2026-05-02T02:20:46Z,,https://wandb.ai/jerrychsh-ucsd/dreamer4-tokenizer/runs/qpuq9n6z,2500,0.02089349925518036,0.006401051767170429,0.07246223837137222,,,,,21.93748664855957,0.5264729261398315,0.4735260009765625,,,,,,,,,,,,,,,,0.9906145334243774,131072,0.0001,0.44380340821213193
jerrychsh-ucsd,dreamer4-tokenizer,qpuq9n6z,pusht-tokenizer,jerrychsh-ucsd/dreamer4-tokenizer/qpuq9n6z,killed,2026-05-02T02:20:46Z,,https://wandb.ai/jerrychsh-ucsd/dreamer4-tokenizer/runs/qpuq9n6z,2600,0.02051623910665512,0.006757537834346294,0.06879350543022156,,,,,21.702116012573242,0.5443637371063232,0.45367431640625,,,,,,,,,,,,,,,,0.9894203543663025,131072,0.0001,0.4616445290380054
jerrychsh-ucsd,dreamer4-tokenizer,qpuq9n6z,pusht-tokenizer,jerrychsh-ucsd/dreamer4-tokenizer/qpuq9n6z,killed,2026-05-02T02:20:46Z,,https://wandb.ai/jerrychsh-ucsd/dreamer4-tokenizer/runs/qpuq9n6z,2700,0.021386122331023216,0.006321599707007408,0.07532261312007904,,,,,21.991731643676758,0.5409859418869019,0.45733642578125,,,,,,,,,,,,,,,,0.9910784363746643,131072,0.0001,0.4793932529290517
jerrychsh-ucsd,dreamer4-tokenizer,qpuq9n6z,pusht-tokenizer,jerrychsh-ucsd/dreamer4-tokenizer/qpuq9n6z,killed,2026-05-02T02:20:46Z,,https://wandb.ai/jerrychsh-ucsd/dreamer4-tokenizer/runs/qpuq9n6z,2800,0.02045620046555996,0.006252272520214319,0.07101963460445404,,,,,22.039623260498047,0.5649532675743103,0.4344024658203125,,,,,,,,,,,,,,,,0.9920724630355835,131072,0.0001,0.4971515137619442
jerrychsh-ucsd,dreamer4-tokenizer,qpuq9n6z,pusht-tokenizer,jerrychsh-ucsd/dreamer4-tokenizer/qpuq9n6z,killed,2026-05-02T02:20:46Z,,https://wandb.ai/jerrychsh-ucsd/dreamer4-tokenizer/runs/qpuq9n6z,2900,0.018863782286643982,0.005388195160776377,0.06737793236970901,,,,,22.685565948486328,0.5285755395889282,0.4719085693359375,,,,,,,,,,,,,,,,0.9912629127502441,131072,0.0001,0.5149091641108196
jerrychsh-ucsd,dreamer4-tokenizer,qpuq9n6z,pusht-tokenizer,jerrychsh-ucsd/dreamer4-tokenizer/qpuq9n6z,killed,2026-05-02T02:20:46Z,,https://wandb.ai/jerrychsh-ucsd/dreamer4-tokenizer/runs/qpuq9n6z,3000,0.023149464279413223,0.006604685448110104,0.08272390067577362,,,,,21.80147933959961,0.5423823595046997,0.4572601318359375,,,,,,,,,,,,,,,,0.9918131828308105,131072,0.0001,0.5326627008120219
jerrychsh-ucsd,dreamer4-tokenizer,qpuq9n6z,pusht-tokenizer,jerrychsh-ucsd/dreamer4-tokenizer/qpuq9n6z,killed,2026-05-02T02:20:46Z,,https://wandb.ai/jerrychsh-ucsd/dreamer4-tokenizer/runs/qpuq9n6z,3100,0.021735122427344322,0.0061448803171515465,0.07795120775699615,,,,,22.114866256713867,0.49711164832115173,0.5042724609375,,,,,,,,,,,,,,,,0.989486575126648,131072,0.0001,0.5505036324924892
jerrychsh-ucsd,dreamer4-tokenizer,qpuq9n6z,pusht-tokenizer,jerrychsh-ucsd/dreamer4-tokenizer/qpuq9n6z,killed,2026-05-02T02:20:46Z,,https://wandb.ai/jerrychsh-ucsd/dreamer4-tokenizer/runs/qpuq9n6z,3200,0.019871357828378677,0.006079630460590124,0.06895863264799118,,,,,22.16122817993164,0.5797028541564941,0.4200439453125,,,,,,,,,,,,,,,,0.9896588921546936,131072,0.0001,0.5682591697904799
jerrychsh-ucsd,dreamer4-tokenizer,qpuq9n6z,pusht-tokenizer,jerrychsh-ucsd/dreamer4-tokenizer/qpuq9n6z,killed,2026-05-02T02:20:46Z,,https://wandb.ai/jerrychsh-ucsd/dreamer4-tokenizer/runs/qpuq9n6z,3300,0.018777139484882355,0.0055192322470247746,0.06628953665494919,,,,,22.581212997436523,0.5103346109390259,0.4876861572265625,,,,,,,,,,,,,,,,0.9903915524482727,131072,0.0001,0.5860090870989694
jerrychsh-ucsd,dreamer4-tokenizer,qpuq9n6z,pusht-tokenizer,jerrychsh-ucsd/dreamer4-tokenizer/qpuq9n6z,killed,2026-05-02T02:20:46Z,,https://wandb.ai/jerrychsh-ucsd/dreamer4-tokenizer/runs/qpuq9n6z,3400,0.0193509329110384,0.0056288097985088825,0.06861061602830887,,,,,22.495834350585938,0.4978443384170532,0.5060577392578125,,,,,,,,,,,,,,,,0.9916021823883057,131072,0.0001,0.6037586472431818
jerrychsh-ucsd,dreamer4-tokenizer,qpuq9n6z,pusht-tokenizer,jerrychsh-ucsd/dreamer4-tokenizer/qpuq9n6z,killed,2026-05-02T02:20:46Z,,https://wandb.ai/jerrychsh-ucsd/dreamer4-tokenizer/runs/qpuq9n6z,3500,0.022108817473053932,0.005252160597592592,0.08428328484296799,,,,,22.796621322631836,0.5090199112892151,0.4888458251953125,,,,,,,,,,,,,,,,0.9904384016990662,131072,0.0001,0.6215077612135146
jerrychsh-ucsd,dreamer4-tokenizer,qpuq9n6z,pusht-tokenizer,jerrychsh-ucsd/dreamer4-tokenizer/qpuq9n6z,killed,2026-05-02T02:20:46Z,,https://wandb.ai/jerrychsh-ucsd/dreamer4-tokenizer/runs/qpuq9n6z,3600,0.017623815685510635,0.005893980152904987,0.058649178594350815,,,,,22.295913696289062,0.5491547584533691,0.4480438232421875,,,,,,,,,,,,,,,,0.9906608462333679,131072,0.0001,0.6393420320087009
jerrychsh-ucsd,dreamer4-tokenizer,qpuq9n6z,pusht-tokenizer,jerrychsh-ucsd/dreamer4-tokenizer/qpuq9n6z,killed,2026-05-02T02:20:46Z,,https://wandb.ai/jerrychsh-ucsd/dreamer4-tokenizer/runs/qpuq9n6z,3700,0.018387505784630775,0.005630589090287685,0.06378458440303802,,,,,22.494461059570312,0.5392393469810486,0.4629974365234375,,,,,,,,,,,,,,,,0.9910722374916077,131072,0.0001,0.6570865870184368
jerrychsh-ucsd,dreamer4-tokenizer,qpuq9n6z,pusht-tokenizer,jerrychsh-ucsd/dreamer4-tokenizer/qpuq9n6z,killed,2026-05-02T02:20:46Z,,https://wandb.ai/jerrychsh-ucsd/dreamer4-tokenizer/runs/qpuq9n6z,3800,0.023061592131853104,0.005897133611142635,0.08582229912281036,,,,,22.293590545654297,0.47609245777130127,0.5212249755859375,,,,,,,,,,,,,,,,0.9920839667320251,131072,0.0001,0.6748300804694494
jerrychsh-ucsd,dreamer4-tokenizer,qpuq9n6z,pusht-tokenizer,jerrychsh-ucsd/dreamer4-tokenizer/qpuq9n6z,killed,2026-05-02T02:20:46Z,,https://wandb.ai/jerrychsh-ucsd/dreamer4-tokenizer/runs/qpuq9n6z,3900,0.019485238939523697,0.005099538713693619,0.0719284936785698,,,,,22.92469024658203,0.5834461450576782,0.4163970947265625,,,,,,,,,,,,,,,,0.9906438589096069,131072,0.0001,0.6925756125979954
jerrychsh-ucsd,dreamer4-tokenizer,qpuq9n6z,pusht-tokenizer,jerrychsh-ucsd/dreamer4-tokenizer/qpuq9n6z,killed,2026-05-02T02:20:46Z,,https://wandb.ai/jerrychsh-ucsd/dreamer4-tokenizer/runs/qpuq9n6z,4000,0.020538410171866417,0.0059293401427567005,0.07304535061120987,,,,,22.26993751525879,0.5266501307487488,0.4730987548828125,,,,,,,,,,,,,,,,0.9838191270828247,262144,0.0001,0.7103204943736394
jerrychsh-ucsd,dreamer4-tokenizer,qpuq9n6z,pusht-tokenizer,jerrychsh-ucsd/dreamer4-tokenizer/qpuq9n6z,killed,2026-05-02T02:20:46Z,,https://wandb.ai/jerrychsh-ucsd/dreamer4-tokenizer/runs/qpuq9n6z,4100,0.01983744092285633,0.005826808977872133,0.07005316019058228,,,,,22.345693588256836,0.5334018468856812,0.4682159423828125,,,,,,,,,,,,,,,,0.9867777824401855,262144,0.0001,0.7281690582301882
jerrychsh-ucsd,dreamer4-tokenizer,qpuq9n6z,pusht-tokenizer,jerrychsh-ucsd/dreamer4-tokenizer/qpuq9n6z,killed,2026-05-02T02:20:46Z,,https://wandb.ai/jerrychsh-ucsd/dreamer4-tokenizer/runs/qpuq9n6z,4200,0.02209225296974182,0.005490807816386223,0.08300722390413284,,,,,22.6036376953125,0.5200576782226562,0.4781036376953125,,,,,,,,,,,,,,,,0.9867457747459412,262144,0.0001,0.7459303436676661
jerrychsh-ucsd,dreamer4-tokenizer,qpuq9n6z,pusht-tokenizer,jerrychsh-ucsd/dreamer4-tokenizer/qpuq9n6z,killed,2026-05-02T02:20:46Z,,https://wandb.ai/jerrychsh-ucsd/dreamer4-tokenizer/runs/qpuq9n6z,4300,0.01817343570291996,0.00508863152936101,0.06542401760816574,,,,,22.933990478515625,0.5869057178497314,0.4137725830078125,,,,,,,,,,,,,,,,0.9794557094573975,262144,0.0001,0.7637467828061846
jerrychsh-ucsd,dreamer4-tokenizer,qpuq9n6z,pusht-tokenizer,jerrychsh-ucsd/dreamer4-tokenizer/qpuq9n6z,killed,2026-05-02T02:20:46Z,,https://wandb.ai/jerrychsh-ucsd/dreamer4-tokenizer/runs/qpuq9n6z,4400,0.018036331981420517,0.005326469428837299,0.06354930996894836,,,,,22.735607147216797,0.544808566570282,0.456329345703125,,,,,,,,,,,,,,,,0.9895122051239014,262144,0.0001,0.7814929893943998
jerrychsh-ucsd,dreamer4-tokenizer,qpuq9n6z,pusht-tokenizer,jerrychsh-ucsd/dreamer4-tokenizer/qpuq9n6z,killed,2026-05-02T02:20:46Z,,https://wandb.ai/jerrychsh-ucsd/dreamer4-tokenizer/runs/qpuq9n6z,4500,0.01935046724975109,0.005130443722009659,0.07110011577606201,,,,,22.898448944091797,0.49986371397972107,0.5023193359375,,,,,,,,,,,,,,,,0.988318681716919,262144,0.0001,0.7992428283558951
jerrychsh-ucsd,dreamer4-tokenizer,qpuq9n6z,pusht-tokenizer,jerrychsh-ucsd/dreamer4-tokenizer/qpuq9n6z,killed,2026-05-02T02:20:46Z,,https://wandb.ai/jerrychsh-ucsd/dreamer4-tokenizer/runs/qpuq9n6z,4600,0.016866419464349747,0.00523920264095068,0.05813607946038246,,,,,22.807348251342773,0.5566377639770508,0.4431610107421875,,,,,,,,,,,,,,,,0.9922194480895996,262144,0.0001,0.8170829590161641
jerrychsh-ucsd,dreamer4-tokenizer,qpuq9n6z,pusht-tokenizer,jerrychsh-ucsd/dreamer4-tokenizer/qpuq9n6z,killed,2026-05-02T02:20:46Z,,https://wandb.ai/jerrychsh-ucsd/dreamer4-tokenizer/runs/qpuq9n6z,4700,0.018244914710521698,0.005206681787967682,0.06519116461277008,,,,,22.834388732910156,0.5500959753990173,0.453338623046875,,,,,,,,,,,,,,,,0.9940662384033203,262144,0.0001,0.834834142393536
jerrychsh-ucsd,dreamer4-tokenizer,qpuq9n6z,pusht-tokenizer,jerrychsh-ucsd/dreamer4-tokenizer/qpuq9n6z,killed,2026-05-02T02:20:46Z,,https://wandb.ai/jerrychsh-ucsd/dreamer4-tokenizer/runs/qpuq9n6z,4800,0.0174594484269619,0.004949063993990421,0.06255191564559937,,,,,23.054771423339844,0.5227470397949219,0.4763031005859375,,,,,,,,,,,,,,,,0.9926548600196838,262144,0.0001,0.8525950517257055
jerrychsh-ucsd,dreamer4-tokenizer,qpuq9n6z,pusht-tokenizer,jerrychsh-ucsd/dreamer4-tokenizer/qpuq9n6z,killed,2026-05-02T02:20:46Z,,https://wandb.ai/jerrychsh-ucsd/dreamer4-tokenizer/runs/qpuq9n6z,4900,0.019993072375655174,0.004983110819011927,0.07504980266094208,,,,,23.024995803833008,0.472234845161438,0.5294647216796875,,,,,,,,,,,,,,,,0.9926193952560425,262144,0.0001,0.8703569898340437
jerrychsh-ucsd,dreamer4-tokenizer,qpuq9n6z,pusht-tokenizer,jerrychsh-ucsd/dreamer4-tokenizer/qpuq9n6z,killed,2026-05-02T02:20:46Z,,https://wandb.ai/jerrychsh-ucsd/dreamer4-tokenizer/runs/qpuq9n6z,5000,0.01675412617623806,0.005357565823942423,0.056982800364494324,,,,,22.710325241088867,0.5547230243682861,0.4449920654296875,,,,,,,,,,,,,,,,0.9935731291770935,262144,0.0001,0.888112946483824
jerrychsh-ucsd,dreamer4-tokenizer,qpuq9n6z,pusht-tokenizer,jerrychsh-ucsd/dreamer4-tokenizer/qpuq9n6z,killed,2026-05-02T02:20:46Z,,https://wandb.ai/jerrychsh-ucsd/dreamer4-tokenizer/runs/qpuq9n6z,5100,0.017307166010141373,0.005102687515318394,0.06102239340543747,,,,,22.92201042175293,0.5669981241226196,0.434478759765625,,,,,,,,,,,,,,,,0.992681622505188,262144,0.0001,0.9060382787386576
jerrychsh-ucsd,dreamer4-tokenizer,qpuq9n6z,pusht-tokenizer,jerrychsh-ucsd/dreamer4-tokenizer/qpuq9n6z,killed,2026-05-02T02:20:46Z,,https://wandb.ai/jerrychsh-ucsd/dreamer4-tokenizer/runs/qpuq9n6z,5200,0.01887506991624832,0.0057288119569420815,0.06573128700256348,,,,,22.419355392456055,0.5696135759353638,0.429290771484375,,,,,,,,,,,,,,,,0.9916726350784302,262144,0.0001,0.9237914048963123
jerrychsh-ucsd,dreamer4-tokenizer,qpuq9n6z,pusht-tokenizer,jerrychsh-ucsd/dreamer4-tokenizer/qpuq9n6z,killed,2026-05-02T02:20:46Z,,https://wandb.ai/jerrychsh-ucsd/dreamer4-tokenizer/runs/qpuq9n6z,5300,0.01834932155907154,0.005731092765927315,0.06309114396572113,,,,,22.417625427246094,0.5400691032409668,0.46270751953125,,,,,,,,,,,,,,,,0.9924430251121521,262144,0.0001,0.9415450404749977
jerrychsh-ucsd,dreamer4-tokenizer,qpuq9n6z,pusht-tokenizer,jerrychsh-ucsd/dreamer4-tokenizer/qpuq9n6z,killed,2026-05-02T02:20:46Z,,https://wandb.ai/jerrychsh-ucsd/dreamer4-tokenizer/runs/qpuq9n6z,5400,0.016082406044006348,0.005341485608369112,0.05370459705591202,,,,,22.72338104248047,0.5979012250900269,0.40301513671875,,,,,,,,,,,,,,,,0.9918618202209473,262144,0.0001,0.9593081389533149
jerrychsh-ucsd,dreamer4-tokenizer,qpuq9n6z,pusht-tokenizer,jerrychsh-ucsd/dreamer4-tokenizer/qpuq9n6z,killed,2026-05-02T02:20:46Z,,https://wandb.ai/jerrychsh-ucsd/dreamer4-tokenizer/runs/qpuq9n6z,5500,0.018406253308057785,0.005415394902229309,0.06495429575443268,,,,,22.663700103759766,0.5693501830101013,0.4308319091796875,,,,,,,,,,,,,,,,0.9919530749320984,262144,0.0001,0.9770593325297038
jerrychsh-ucsd,dreamer4-tokenizer,qpuq9n6z,pusht-tokenizer,jerrychsh-ucsd/dreamer4-tokenizer/qpuq9n6z,killed,2026-05-02T02:20:46Z,,https://wandb.ai/jerrychsh-ucsd/dreamer4-tokenizer/runs/qpuq9n6z,5600,0.020363114774227142,0.004940106067806482,0.07711504399776459,,,,,23.062639236450195,0.491434782743454,0.50994873046875,,,,,,,,,,,,,,,,0.9915827512741089,262144,0.0001,0.9949059112204446
jerrychsh-ucsd,dreamer4-tokenizer,qpuq9n6z,pusht-tokenizer,jerrychsh-ucsd/dreamer4-tokenizer/qpuq9n6z,killed,2026-05-02T02:20:46Z,,https://wandb.ai/jerrychsh-ucsd/dreamer4-tokenizer/runs/qpuq9n6z,5700,0.01773562654852867,0.005009010434150696,0.06363307684659958,,,,,23.00248146057129,0.5527045130729675,0.446807861328125,,,,,,,,,,,,,,,,0.9929315447807312,262144,0.0001,1.0126688512166342
jerrychsh-ucsd,dreamer4-tokenizer,qpuq9n6z,pusht-tokenizer,jerrychsh-ucsd/dreamer4-tokenizer/qpuq9n6z,killed,2026-05-02T02:20:46Z,,https://wandb.ai/jerrychsh-ucsd/dreamer4-tokenizer/runs/qpuq9n6z,5800,0.017754893749952316,0.0054462626576423645,0.06154314801096916,,,,,22.639015197753906,0.544277012348175,0.455169677734375,,,,,,,,,,,,,,,,0.9908562302589417,262144,0.0001,1.030416991578208
jerrychsh-ucsd,dreamer4-tokenizer,qpuq9n6z,pusht-tokenizer,jerrychsh-ucsd/dreamer4-tokenizer/qpuq9n6z,killed,2026-05-02T02:20:46Z,,https://wandb.ai/jerrychsh-ucsd/dreamer4-tokenizer/runs/qpuq9n6z,5900,0.018453579396009445,0.0049880752339959145,0.06732751429080963,,,,,23.02066993713379,0.5788676738739014,0.4203338623046875,,,,,,,,,,,,,,,,0.9907832145690918,262144,0.0001,1.0481850532690684
jerrychsh-ucsd,dreamer4-tokenizer,qpuq9n6z,pusht-tokenizer,jerrychsh-ucsd/dreamer4-tokenizer/qpuq9n6z,killed,2026-05-02T02:20:46Z,,https://wandb.ai/jerrychsh-ucsd/dreamer4-tokenizer/runs/qpuq9n6z,6000,0.018570639193058014,0.0052819750271737576,0.0664433166384697,,,,,22.772037506103516,0.5434712171554565,0.4569244384765625,,,,,,,,,,,,,,,,0.9861418008804321,524288,0.0001,1.0659452607234319
jerrychsh-ucsd,dreamer4-tokenizer,qpuq9n6z,pusht-tokenizer,jerrychsh-ucsd/dreamer4-tokenizer/qpuq9n6z,killed,2026-05-02T02:20:46Z,,https://wandb.ai/jerrychsh-ucsd/dreamer4-tokenizer/runs/qpuq9n6z,6100,0.018511902540922165,0.005513226613402367,0.06499337404966354,,,,,22.5859432220459,0.5563088655471802,0.4441070556640625,,,,,,,,,,,,,,,,0.9900256991386414,524288,0.0001,1.083807660208808
jerrychsh-ucsd,dreamer4-tokenizer,qpuq9n6z,pusht-tokenizer,jerrychsh-ucsd/dreamer4-tokenizer/qpuq9n6z,killed,2026-05-02T02:20:46Z,,https://wandb.ai/jerrychsh-ucsd/dreamer4-tokenizer/runs/qpuq9n6z,6200,0.01954401656985283,0.005274612922221422,0.07134701311588287,,,,,22.778095245361328,0.5329581499099731,0.4670867919921875,,,,,,,,,,,,,,,,0.9921360015869141,524288,0.0001,1.101579323940807
jerrychsh-ucsd,dreamer4-tokenizer,qpuq9n6z,pusht-tokenizer,jerrychsh-ucsd/dreamer4-tokenizer/qpuq9n6z,killed,2026-05-02T02:20:46Z,,https://wandb.ai/jerrychsh-ucsd/dreamer4-tokenizer/runs/qpuq9n6z,6300,0.018020428717136383,0.004951862618327141,0.06534282863140106,,,,,23.05231475830078,0.5547655820846558,0.44671630859375,,,,,,,,,,,,,,,,0.9888870120048523,524288,0.0001,1.1193469465441175
jerrychsh-ucsd,dreamer4-tokenizer,qpuq9n6z,pusht-tokenizer,jerrychsh-ucsd/dreamer4-tokenizer/qpuq9n6z,killed,2026-05-02T02:20:46Z,,https://wandb.ai/jerrychsh-ucsd/dreamer4-tokenizer/runs/qpuq9n6z,6400,0.016169369220733643,0.005014745052903891,0.055773116648197174,,,,,22.99751091003418,0.6103661060333252,0.3914642333984375,,,,,,,,,,,,,,,,0.9868413805961609,524288,0.0001,1.1371104552348454
jerrychsh-ucsd,dreamer4-tokenizer,qpuq9n6z,pusht-tokenizer,jerrychsh-ucsd/dreamer4-tokenizer/qpuq9n6z,killed,2026-05-02T02:20:46Z,,https://wandb.ai/jerrychsh-ucsd/dreamer4-tokenizer/runs/qpuq9n6z,6500,0.019988249987363815,0.005120418965816498,0.07433915138244629,,,,,22.906944274902344,0.5468925833702087,0.4498291015625,,,,,,,,,,,,,,,,0.9844736456871033,524288,0.0001,1.1548733687400818
jerrychsh-ucsd,dreamer4-tokenizer,qpuq9n6z,pusht-tokenizer,jerrychsh-ucsd/dreamer4-tokenizer/qpuq9n6z,killed,2026-05-02T02:20:46Z,,https://wandb.ai/jerrychsh-ucsd/dreamer4-tokenizer/runs/qpuq9n6z,6600,0.018729988485574722,0.004924948327243328,0.0690252035856247,,,,,23.075984954833984,0.5503493547439575,0.448944091796875,,,,,,,,,,,,,,,,0.9876664280891418,524288,0.0001,1.1727330944273207
jerrychsh-ucsd,dreamer4-tokenizer,qpuq9n6z,pusht-tokenizer,jerrychsh-ucsd/dreamer4-tokenizer/qpuq9n6z,killed,2026-05-02T02:20:46Z,,https://wandb.ai/jerrychsh-ucsd/dreamer4-tokenizer/runs/qpuq9n6z,6700,0.01868818886578083,0.0052712480537593365,0.06708469986915588,,,,,22.780866622924805,0.5404500961303711,0.456451416015625,,,,,,,,,,,,,,,,0.9885236024856567,524288,0.0001,1.19050998767217
jerrychsh-ucsd,dreamer4-tokenizer,qpuq9n6z,pusht-tokenizer,jerrychsh-ucsd/dreamer4-tokenizer/qpuq9n6z,killed,2026-05-02T02:20:46Z,,https://wandb.ai/jerrychsh-ucsd/dreamer4-tokenizer/runs/qpuq9n6z,6800,0.014181592501699924,0.004249365068972111,0.04966113716363907,,,,,23.716758728027344,0.6036112308502197,0.396331787109375,,,,,,,,,,,,,,,,0.9921013712882996,524288,0.0001,1.2082964401112661
jerrychsh-ucsd,dreamer4-tokenizer,qpuq9n6z,pusht-tokenizer,jerrychsh-ucsd/dreamer4-tokenizer/qpuq9n6z,killed,2026-05-02T02:20:46Z,,https://wandb.ai/jerrychsh-ucsd/dreamer4-tokenizer/runs/qpuq9n6z,6900,0.01906926929950714,0.004986136686056852,0.07041566073894501,,,,,23.022357940673828,0.5745046138763428,0.4254913330078125,,,,,,,,,,,,,,,,0.9895740747451782,524288,0.0001,1.226069093412823
jerrychsh-ucsd,dreamer4-tokenizer,qpuq9n6z,pusht-tokenizer,jerrychsh-ucsd/dreamer4-tokenizer/qpuq9n6z,killed,2026-05-02T02:20:46Z,,https://wandb.ai/jerrychsh-ucsd/dreamer4-tokenizer/runs/qpuq9n6z,7000,0.018061434850096703,0.004100187681615353,0.06980623304843903,,,,,23.871963500976562,0.56510329246521,0.4374237060546875,,,,,,,,,,,,,,,,0.9894324541091919,524288,0.0001,1.2438276822037166
jerrychsh-ucsd,dreamer4-tokenizer,qpuq9n6z,pusht-tokenizer,jerrychsh-ucsd/dreamer4-tokenizer/qpuq9n6z,killed,2026-05-02T02:20:46Z,,https://wandb.ai/jerrychsh-ucsd/dreamer4-tokenizer/runs/qpuq9n6z,7100,0.01775914989411831,0.004488780163228512,0.06635184586048126,,,,,23.478717803955078,0.5314733982086182,0.4691162109375,,,,,,,,,,,,,,,,0.9913861155509949,524288,0.0001,1.2616911370224422
jerrychsh-ucsd,dreamer4-tokenizer,qpuq9n6z,pusht-tokenizer,jerrychsh-ucsd/dreamer4-tokenizer/qpuq9n6z,killed,2026-05-02T02:20:46Z,,https://wandb.ai/jerrychsh-ucsd/dreamer4-tokenizer/runs/qpuq9n6z,7200,0.016013316810131073,0.004634656012058258,0.05689329653978348,,,,,23.339824676513672,0.5678175687789917,0.4345245361328125,,,,,,,,,,,,,,,,0.9901859760284424,524288,0.0001,1.2794747459226183
jerrychsh-ucsd,dreamer4-tokenizer,qpuq9n6z,pusht-tokenizer,jerrychsh-ucsd/dreamer4-tokenizer/qpuq9n6z,killed,2026-05-02T02:20:46Z,,https://wandb.ai/jerrychsh-ucsd/dreamer4-tokenizer/runs/qpuq9n6z,7300,0.01431223377585411,0.00445137033239007,0.04930431395769119,,,,,23.51506233215332,0.5564389824867249,0.4437103271484375,,,,,,,,,,,,,,,,0.9907810091972351,524288,0.0001,1.297241929570834
jerrychsh-ucsd,dreamer4-tokenizer,qpuq9n6z,pusht-tokenizer,jerrychsh-ucsd/dreamer4-tokenizer/qpuq9n6z,killed,2026-05-02T02:20:46Z,,https://wandb.ai/jerrychsh-ucsd/dreamer4-tokenizer/runs/qpuq9n6z,7400,0.017816221341490746,0.004713075701147318,0.06551572680473328,,,,,23.266956329345703,0.5206576585769653,0.4763031005859375,,,,,,,,,,,,,,,,0.9916166663169861,524288,0.0001,1.315002350277371
jerrychsh-ucsd,dreamer4-tokenizer,qpuq9n6z,pusht-tokenizer,jerrychsh-ucsd/dreamer4-tokenizer/qpuq9n6z,killed,2026-05-02T02:20:46Z,,https://wandb.ai/jerrychsh-ucsd/dreamer4-tokenizer/runs/qpuq9n6z,7500,0.019211966544389725,0.004547892138361931,0.07332037389278412,,,,,23.421897888183594,0.5580294728279114,0.4418792724609375,,,,,,,,,,,,,,,,0.9904893040657043,524288,0.0001,1.3327741241455078
jerrychsh-ucsd,dreamer4-tokenizer,qpuq9n6z,pusht-tokenizer,jerrychsh-ucsd/dreamer4-tokenizer/qpuq9n6z,killed,2026-05-02T02:20:46Z,,https://wandb.ai/jerrychsh-ucsd/dreamer4-tokenizer/runs/qpuq9n6z,7600,0.01673002541065216,0.004814107436686754,0.05957959219813347,,,,,23.174840927124023,0.5165611505508423,0.482635498046875,,,,,,,,,,,,,,,,0.9901747703552246,524288,0.0001,1.3506336131360797
jerrychsh-ucsd,dreamer4-tokenizer,qpuq9n6z,pusht-tokenizer,jerrychsh-ucsd/dreamer4-tokenizer/qpuq9n6z,killed,2026-05-02T02:20:46Z,,https://wandb.ai/jerrychsh-ucsd/dreamer4-tokenizer/runs/qpuq9n6z,7700,0.01716800220310688,0.004616334568709135,0.06275834143161774,,,,,23.35702896118164,0.5349456071853638,0.4635467529296875,,,,,,,,,,,,,,,,0.9918262958526611,524288,0.0001,1.368403556810485
jerrychsh-ucsd,dreamer4-tokenizer,qpuq9n6z,pusht-tokenizer,jerrychsh-ucsd/dreamer4-tokenizer/qpuq9n6z,killed,2026-05-02T02:20:46Z,,https://wandb.ai/jerrychsh-ucsd/dreamer4-tokenizer/runs/qpuq9n6z,7800,0.018257606774568558,0.004577506799250841,0.06840050220489502,,,,,23.39371109008789,0.482582151889801,0.518035888671875,,,,,,,,,,,,,,,,0.990380048751831,524288,0.0001,1.3861736477745903
jerrychsh-ucsd,dreamer4-tokenizer,qpuq9n6z,pusht-tokenizer,jerrychsh-ucsd/dreamer4-tokenizer/qpuq9n6z,killed,2026-05-02T02:20:46Z,,https://wandb.ai/jerrychsh-ucsd/dreamer4-tokenizer/runs/qpuq9n6z,7900,0.018376482650637627,0.004687295760959387,0.06844593584537506,,,,,23.2907772064209,0.5644068717956543,0.4335784912109375,,,,,,,,,,,,,,,,0.9905282258987427,524288,0.0001,1.4039459439118702
jerrychsh-ucsd,dreamer4-tokenizer,qpuq9n6z,pusht-tokenizer,jerrychsh-ucsd/dreamer4-tokenizer/qpuq9n6z,killed,2026-05-02T02:20:46Z,,https://wandb.ai/jerrychsh-ucsd/dreamer4-tokenizer/runs/qpuq9n6z,8000,0.01378769800066948,0.0040573254227638245,0.048651862889528275,,,,,23.917600631713867,0.5287997126579285,0.4707183837890625,,,,,,,,,,,,,,,,0.9922035932540894,1048576,0.0001,1.4217301250166363
jerrychsh-ucsd,dreamer4-tokenizer,qpuq9n6z,pusht-tokenizer,jerrychsh-ucsd/dreamer4-tokenizer/qpuq9n6z,killed,2026-05-02T02:20:46Z,,https://wandb.ai/jerrychsh-ucsd/dreamer4-tokenizer/runs/qpuq9n6z,8100,0.020108537748456,0.00456161517649889,0.07773461192846298,,,,,23.4088134765625,0.527372419834137,0.474822998046875,,,,,,,,,,,,,,,,0.991642951965332,1048576,0.0001,1.4395964163541795
jerrychsh-ucsd,dreamer4-tokenizer,qpuq9n6z,pusht-tokenizer,jerrychsh-ucsd/dreamer4-tokenizer/qpuq9n6z,killed,2026-05-02T02:20:46Z,,https://wandb.ai/jerrychsh-ucsd/dreamer4-tokenizer/runs/qpuq9n6z,8200,0.019726216793060303,0.0041379667818546295,0.07794125378131866,,,,,23.832130432128906,0.48654767870903015,0.518157958984375,,,,,,,,,,,,,,,,0.9890786409378052,1048576,0.0001,1.4573839211463928
jerrychsh-ucsd,dreamer4-tokenizer,qpuq9n6z,pusht-tokenizer,jerrychsh-ucsd/dreamer4-tokenizer/qpuq9n6z,killed,2026-05-02T02:20:46Z,,https://wandb.ai/jerrychsh-ucsd/dreamer4-tokenizer/runs/qpuq9n6z,8300,0.015326324850320816,0.004360300023108721,0.054830119013786316,,,,,23.604835510253906,0.589178740978241,0.41259765625,,,,,,,,,,,,,,,,0.9914803504943848,1048576,0.0001,1.475155088437928
jerrychsh-ucsd,dreamer4-tokenizer,qpuq9n6z,pusht-tokenizer,jerrychsh-ucsd/dreamer4-tokenizer/qpuq9n6z,killed,2026-05-02T02:20:46Z,,https://wandb.ai/jerrychsh-ucsd/dreamer4-tokenizer/runs/qpuq9n6z,8400,0.018275674432516098,0.004728071391582489,0.06773801147937775,,,,,23.253162384033203,0.5543283224105835,0.4453125,,,,,,,,,,,,,,,,0.9922459721565247,1048576,0.0001,1.4929321865903007
jerrychsh-ucsd,dreamer4-tokenizer,qpuq9n6z,pusht-tokenizer,jerrychsh-ucsd/dreamer4-tokenizer/qpuq9n6z,killed,2026-05-02T02:20:46Z,,https://wandb.ai/jerrychsh-ucsd/dreamer4-tokenizer/runs/qpuq9n6z,8500,0.014288648962974548,0.004091090057045221,0.050987791270017624,,,,,23.881608963012695,0.5583587884902954,0.443817138671875,,,,,,,,,,,,,,,,0.993704080581665,1048576,0.0001,1.5106947939925723
jerrychsh-ucsd,dreamer4-tokenizer,qpuq9n6z,pusht-tokenizer,jerrychsh-ucsd/dreamer4-tokenizer/qpuq9n6z,killed,2026-05-02T02:20:46Z,,https://wandb.ai/jerrychsh-ucsd/dreamer4-tokenizer/runs/qpuq9n6z,8600,0.01537977997213602,0.0038135871291160583,0.05783096328377724,,,,,24.18666648864746,0.5214967727661133,0.47869873046875,,,,,,,,,,,,,,,,0.9927690029144287,1048576,0.0001,1.5285723661051855
jerrychsh-ucsd,dreamer4-tokenizer,qpuq9n6z,pusht-tokenizer,jerrychsh-ucsd/dreamer4-tokenizer/qpuq9n6z,killed,2026-05-02T02:20:46Z,,https://wandb.ai/jerrychsh-ucsd/dreamer4-tokenizer/runs/qpuq9n6z,8700,0.013977989554405212,0.0040546297095716,0.04961680248379707,,,,,23.920488357543945,0.5921068787574768,0.408447265625,,,,,,,,,,,,,,,,0.9927030801773071,1048576,0.0001,1.5463327419757844
jerrychsh-ucsd,dreamer4-tokenizer,qpuq9n6z,pusht-tokenizer,jerrychsh-ucsd/dreamer4-tokenizer/qpuq9n6z,killed,2026-05-02T02:20:46Z,,https://wandb.ai/jerrychsh-ucsd/dreamer4-tokenizer/runs/qpuq9n6z,8800,0.014832347631454468,0.004373634699732065,0.0522935651242733,,,,,23.591575622558594,0.5817602872848511,0.419677734375,,,,,,,,,,,,,,,,0.993192195892334,1048576,0.0001,1.5640930982430776
jerrychsh-ucsd,dreamer4-tokenizer,qpuq9n6z,pusht-tokenizer,jerrychsh-ucsd/dreamer4-tokenizer/qpuq9n6z,killed,2026-05-02T02:20:46Z,,https://wandb.ai/jerrychsh-ucsd/dreamer4-tokenizer/runs/qpuq9n6z,8900,0.019960468634963036,0.0050620283000171185,0.0744922012090683,,,,,22.956754684448242,0.5289884805679321,0.4740753173828125,,,,,,,,,,,,,,,,0.9928163886070251,1048576,0.0001,1.5818558963802125
jerrychsh-ucsd,dreamer4-tokenizer,qpuq9n6z,pusht-tokenizer,jerrychsh-ucsd/dreamer4-tokenizer/qpuq9n6z,killed,2026-05-02T02:20:46Z,,https://wandb.ai/jerrychsh-ucsd/dreamer4-tokenizer/runs/qpuq9n6z,9000,0.01740497350692749,0.004351463634520769,0.06526754796504974,,,,,23.613645553588867,0.5654691457748413,0.433868408203125,,,,,,,,,,,,,,,,0.9927305579185486,1048576,0.0001,1.5996214538150364
jerrychsh-ucsd,dreamer4-tokenizer,qpuq9n6z,pusht-tokenizer,jerrychsh-ucsd/dreamer4-tokenizer/qpuq9n6z,killed,2026-05-02T02:20:46Z,,https://wandb.ai/jerrychsh-ucsd/dreamer4-tokenizer/runs/qpuq9n6z,9100,0.015987128019332886,0.003988430369645357,0.05999348312616348,,,,,23.991981506347656,0.564268171787262,0.43499755859375,,,,,,,,,,,,,,,,0.9945059418678284,1048576,0.0001,1.6174790889024735
jerrychsh-ucsd,dreamer4-tokenizer,qpuq9n6z,pusht-tokenizer,jerrychsh-ucsd/dreamer4-tokenizer/qpuq9n6z,killed,2026-05-02T02:20:46Z,,https://wandb.ai/jerrychsh-ucsd/dreamer4-tokenizer/runs/qpuq9n6z,9200,0.018821455538272858,0.004297025501728058,0.072622150182724,,,,,23.668323516845703,0.534133791923523,0.467254638671875,,,,,,,,,,,,,,,,0.9959516525268555,1048576,0.0001,1.6352496232589087
jerrychsh-ucsd,dreamer4-tokenizer,qpuq9n6z,pusht-tokenizer,jerrychsh-ucsd/dreamer4-tokenizer/qpuq9n6z,killed,2026-05-02T02:20:46Z,,https://wandb.ai/jerrychsh-ucsd/dreamer4-tokenizer/runs/qpuq9n6z,9300,0.016881413757801056,0.00399763835594058,0.06441887468099594,,,,,23.981964111328125,0.5163947343826294,0.485931396484375,,,,,,,,,,,,,,,,0.994819700717926,1048576,0.0001,1.6530286356475619
jerrychsh-ucsd,dreamer4-tokenizer,qpuq9n6z,pusht-tokenizer,jerrychsh-ucsd/dreamer4-tokenizer/qpuq9n6z,killed,2026-05-02T02:20:46Z,,https://wandb.ai/jerrychsh-ucsd/dreamer4-tokenizer/runs/qpuq9n6z,9400,0.014897279441356659,0.004314326215535402,0.05291476100683212,,,,,23.65087127685547,0.5440096855163574,0.4545135498046875,,,,,,,,,,,,,,,,0.9939290285110474,1048576,0.0001,1.6707815502087275
jerrychsh-ucsd,dreamer4-tokenizer,qpuq9n6z,pusht-tokenizer,jerrychsh-ucsd/dreamer4-tokenizer/qpuq9n6z,killed,2026-05-02T02:20:46Z,,https://wandb.ai/jerrychsh-ucsd/dreamer4-tokenizer/runs/qpuq9n6z,9500,0.016793057322502136,0.0043445308692753315,0.06224262714385986,,,,,23.62057113647461,0.5313634872436523,0.471160888671875,,,,,,,,,,,,,,,,0.9927894473075867,1048576,0.0001,1.6885529496272405
jerrychsh-ucsd,dreamer4-tokenizer,qpuq9n6z,pusht-tokenizer,jerrychsh-ucsd/dreamer4-tokenizer/qpuq9n6z,killed,2026-05-02T02:20:46Z,,https://wandb.ai/jerrychsh-ucsd/dreamer4-tokenizer/runs/qpuq9n6z,9600,0.016287218779325485,0.004109201021492481,0.06089009344577789,,,,,23.862428665161133,0.5786542892456055,0.4230499267578125,,,,,,,,,,,,,,,,0.9941777586936951,1048576,0.0001,1.7064127402173148
jerrychsh-ucsd,dreamer4-tokenizer,qpuq9n6z,pusht-tokenizer,jerrychsh-ucsd/dreamer4-tokenizer/qpuq9n6z,killed,2026-05-02T02:20:46Z,,https://wandb.ai/jerrychsh-ucsd/dreamer4-tokenizer/runs/qpuq9n6z,9700,0.014657975174486637,0.0037956105079501867,0.05431182309985161,,,,,24.207181930541992,0.5525063276290894,0.44805908203125,,,,,,,,,,,,,,,,0.9947625398635864,1048576,0.0001,1.7242150013314352
jerrychsh-ucsd,dreamer4-tokenizer,qpuq9n6z,pusht-tokenizer,jerrychsh-ucsd/dreamer4-tokenizer/qpuq9n6z,killed,2026-05-02T02:20:46Z,,https://wandb.ai/jerrychsh-ucsd/dreamer4-tokenizer/runs/qpuq9n6z,9800,0.0171306524425745,0.004535391461104155,0.06297630071640015,,,,,23.433853149414062,0.5767523050308228,0.4210052490234375,,,,,,,,,,,,,,,,0.9938119649887085,1048576,0.0001,1.7419824886984294
jerrychsh-ucsd,dreamer4-tokenizer,qpuq9n6z,pusht-tokenizer,jerrychsh-ucsd/dreamer4-tokenizer/qpuq9n6z,killed,2026-05-02T02:20:46Z,,https://wandb.ai/jerrychsh-ucsd/dreamer4-tokenizer/runs/qpuq9n6z,9900,0.015841634944081306,0.0043355063535273075,0.057530637830495834,,,,,23.62960433959961,0.5582890510559082,0.4438323974609375,,,,,,,,,,,,,,,,0.9948043823242188,1048576,0.0001,1.7597474047872754
jerrychsh-ucsd,dreamer4-tokenizer,qpuq9n6z,pusht-tokenizer,jerrychsh-ucsd/dreamer4-tokenizer/qpuq9n6z,killed,2026-05-02T02:20:46Z,,https://wandb.ai/jerrychsh-ucsd/dreamer4-tokenizer/runs/qpuq9n6z,10000,0.017132172361016273,0.004031404387205839,0.06550384312868118,,,,,23.945436477661133,0.5637657642364502,0.4372711181640625,,,,,,,,,,,,,,,,0.9938977360725403,2097152,0.0001,1.7775152904457516
jerrychsh-ucsd,dreamer4-tokenizer,qpuq9n6z,pusht-tokenizer,jerrychsh-ucsd/dreamer4-tokenizer/qpuq9n6z,killed,2026-05-02T02:20:46Z,,https://wandb.ai/jerrychsh-ucsd/dreamer4-tokenizer/runs/qpuq9n6z,10100,0.018364928662776947,0.004529458470642567,0.06917734444141388,,,,,23.439538955688477,0.5625400543212891,0.4349365234375,,,,,,,,,,,,,,,,0.9943113327026367,2097152,0.0001,1.7954789776934519
jerrychsh-ucsd,dreamer4-tokenizer,qpuq9n6z,pusht-tokenizer,jerrychsh-ucsd/dreamer4-tokenizer/qpuq9n6z,killed,2026-05-02T02:20:46Z,,https://wandb.ai/jerrychsh-ucsd/dreamer4-tokenizer/runs/qpuq9n6z,10200,0.01896786503493786,0.004631855990737677,0.07168004661798477,,,,,23.342453002929688,0.5674296617507935,0.433837890625,,,,,,,,,,,,,,,,0.9945834875106812,2097152,0.0001,1.813262959520022
jerrychsh-ucsd,dreamer4-tokenizer,qpuq9n6z,pusht-tokenizer,jerrychsh-ucsd/dreamer4-tokenizer/qpuq9n6z,killed,2026-05-02T02:20:46Z,,https://wandb.ai/jerrychsh-ucsd/dreamer4-tokenizer/runs/qpuq9n6z,10300,0.016786323860287666,0.003891639644280076,0.06447342038154602,,,,,24.098674774169922,0.5265575647354126,0.4731903076171875,,,,,,,,,,,,,,,,0.9949644804000854,2097152,0.0001,1.8310368070337508
jerrychsh-ucsd,dreamer4-tokenizer,qpuq9n6z,pusht-tokenizer,jerrychsh-ucsd/dreamer4-tokenizer/qpuq9n6z,killed,2026-05-02T02:20:46Z,,https://wandb.ai/jerrychsh-ucsd/dreamer4-tokenizer/runs/qpuq9n6z,10400,0.016384556889533997,0.004103872459381819,0.06140342354774475,,,,,23.86806297302246,0.5406308174133301,0.4601287841796875,,,,,,,,,,,,,,,,0.9950882792472839,2097152,0.0001,1.8488153564267689
jerrychsh-ucsd,dreamer4-tokenizer,qpuq9n6z,pusht-tokenizer,jerrychsh-ucsd/dreamer4-tokenizer/qpuq9n6z,killed,2026-05-02T02:20:46Z,,https://wandb.ai/jerrychsh-ucsd/dreamer4-tokenizer/runs/qpuq9n6z,10500,0.019493982195854187,0.0043726274743676186,0.07560677826404572,,,,,23.592575073242188,0.48427653312683105,0.5165557861328125,,,,,,,,,,,,,,,,0.9957667589187622,2097152,0.0001,1.866589858730634
jerrychsh-ucsd,dreamer4-tokenizer,qpuq9n6z,pusht-tokenizer,jerrychsh-ucsd/dreamer4-tokenizer/qpuq9n6z,killed,2026-05-02T02:20:46Z,,https://wandb.ai/jerrychsh-ucsd/dreamer4-tokenizer/runs/qpuq9n6z,10600,0.017247291281819344,0.005060084629803896,0.060936033725738525,,,,,22.958423614501953,0.5484398603439331,0.4523468017578125,,,,,,,,,,,,,,,,0.9948329329490662,2097152,0.0001,1.8844675201177596
jerrychsh-ucsd,dreamer4-tokenizer,qpuq9n6z,pusht-tokenizer,jerrychsh-ucsd/dreamer4-tokenizer/qpuq9n6z,killed,2026-05-02T02:20:46Z,,https://wandb.ai/jerrychsh-ucsd/dreamer4-tokenizer/runs/qpuq9n6z,10700,0.020723342895507812,0.004531295970082283,0.0809602290391922,,,,,23.437776565551758,0.4885369539260864,0.5116119384765625,,,,,,,,,,,,,,,,0.9959174394607544,2097152,0.0001,1.9022407042980194
jerrychsh-ucsd,dreamer4-tokenizer,qpuq9n6z,pusht-tokenizer,jerrychsh-ucsd/dreamer4-tokenizer/qpuq9n6z,killed,2026-05-02T02:20:46Z,,https://wandb.ai/jerrychsh-ucsd/dreamer4-tokenizer/runs/qpuq9n6z,10800,0.01894739270210266,0.004533213563263416,0.0720708966255188,,,,,23.435937881469727,0.5273823738098145,0.474365234375,,,,,,,,,,,,,,,,0.9952290058135986,2097152,0.0001,1.9200083589553834
jerrychsh-ucsd,dreamer4-tokenizer,qpuq9n6z,pusht-tokenizer,jerrychsh-ucsd/dreamer4-tokenizer/qpuq9n6z,killed,2026-05-02T02:20:46Z,,https://wandb.ai/jerrychsh-ucsd/dreamer4-tokenizer/runs/qpuq9n6z,10900,0.01785966381430626,0.00467917462810874,0.06590244174003601,,,,,23.298309326171875,0.5411896705627441,0.460601806640625,,,,,,,,,,,,,,,,0.9960612654685974,2097152,0.0001,1.9377888743744955
jerrychsh-ucsd,dreamer4-tokenizer,qpuq9n6z,pusht-tokenizer,jerrychsh-ucsd/dreamer4-tokenizer/qpuq9n6z,killed,2026-05-02T02:20:46Z,,https://wandb.ai/jerrychsh-ucsd/dreamer4-tokenizer/runs/qpuq9n6z,11000,0.015800613909959793,0.003885098034515977,0.059577576816082,,,,,24.105979919433594,0.5773108005523682,0.42413330078125,,,,,,,,,,,,,,,,0.9957650899887085,2097152,0.0001,1.9555599984857772
jerrychsh-ucsd,dreamer4-tokenizer,qpuq9n6z,pusht-tokenizer,jerrychsh-ucsd/dreamer4-tokenizer/qpuq9n6z,killed,2026-05-02T02:20:46Z,,https://wandb.ai/jerrychsh-ucsd/dreamer4-tokenizer/runs/qpuq9n6z,11100,0.011785240843892097,0.0037645790725946426,0.040103308856487274,,,,,24.242835998535156,0.622337281703949,0.3763427734375,,,,,,,,,,,,,,,,0.9967902302742004,2097152,0.0001,1.9734711283445359
jerrychsh-ucsd,dreamer4-tokenizer,qpuq9n6z,pusht-tokenizer,jerrychsh-ucsd/dreamer4-tokenizer/qpuq9n6z,killed,2026-05-02T02:20:46Z,,https://wandb.ai/jerrychsh-ucsd/dreamer4-tokenizer/runs/qpuq9n6z,11200,0.01899922825396061,0.0044396487064659595,0.07279789447784424,,,,,23.526514053344727,0.5095046162605286,0.49041748046875,,,,,,,,,,,,,,,,0.9969750046730042,2097152,0.0001,1.9913071437676748
jerrychsh-ucsd,dreamer4-tokenizer,qpuq9n6z,pusht-tokenizer,jerrychsh-ucsd/dreamer4-tokenizer/qpuq9n6z,killed,2026-05-02T02:20:46Z,,https://wandb.ai/jerrychsh-ucsd/dreamer4-tokenizer/runs/qpuq9n6z,11300,0.014764687046408653,0.003791379276663065,0.05486653745174408,,,,,24.21202850341797,0.5649442672729492,0.436370849609375,,,,,,,,,,,,,,,,0.9963645935058594,2097152,0.0001,2.0091630236970053
jerrychsh-ucsd,dreamer4-tokenizer,qpuq9n6z,pusht-tokenizer,jerrychsh-ucsd/dreamer4-tokenizer/qpuq9n6z,killed,2026-05-02T02:20:46Z,,https://wandb.ai/jerrychsh-ucsd/dreamer4-tokenizer/runs/qpuq9n6z,11400,0.018934521824121475,0.004337015561759472,0.07298752665519714,,,,,23.62809181213379,0.5384297370910645,0.4622650146484375,,,,,,,,,,,,,,,,0.9965329766273499,2097152,0.0001,2.027007517748409
jerrychsh-ucsd,dreamer4-tokenizer,qpuq9n6z,pusht-tokenizer,jerrychsh-ucsd/dreamer4-tokenizer/qpuq9n6z,killed,2026-05-02T02:20:46Z,,https://wandb.ai/jerrychsh-ucsd/dreamer4-tokenizer/runs/qpuq9n6z,11500,0.016078969463706017,0.0035089259035885334,0.0628502145409584,,,,,24.548259735107422,0.5000409483909607,0.4995880126953125,,,,,,,,,,,,,,,,0.996791660785675,2097152,0.0001,2.0448614441686206
jerrychsh-ucsd,dreamer4-tokenizer,qpuq9n6z,pusht-tokenizer,jerrychsh-ucsd/dreamer4-tokenizer/qpuq9n6z,killed,2026-05-02T02:20:46Z,,https://wandb.ai/jerrychsh-ucsd/dreamer4-tokenizer/runs/qpuq9n6z,11600,0.01741931401193142,0.0043086702935397625,0.065553218126297,,,,,23.65656852722168,0.5978336334228516,0.40093994140625,,,,,,,,,,,,,,,,0.996899425983429,2097152,0.0001,2.062812602851126
jerrychsh-ucsd,dreamer4-tokenizer,qpuq9n6z,pusht-tokenizer,jerrychsh-ucsd/dreamer4-tokenizer/qpuq9n6z,killed,2026-05-02T02:20:46Z,,https://wandb.ai/jerrychsh-ucsd/dreamer4-tokenizer/runs/qpuq9n6z,11700,0.01590435393154621,0.003875879105180502,0.06014237552881241,,,,,24.11629867553711,0.5208674669265747,0.478302001953125,,,,,,,,,,,,,,,,0.9968380331993103,2097152,0.0001,2.0806650994883644
jerrychsh-ucsd,dreamer4-tokenizer,qpuq9n6z,pusht-tokenizer,jerrychsh-ucsd/dreamer4-tokenizer/qpuq9n6z,killed,2026-05-02T02:20:46Z,,https://wandb.ai/jerrychsh-ucsd/dreamer4-tokenizer/runs/qpuq9n6z,11800,0.01563968136906624,0.00403130566701293,0.058041878044605255,,,,,23.94554328918457,0.5132913589477539,0.485595703125,,,,,,,,,,,,,,,,0.9968490600585938,2097152,0.0001,2.0985059171252782
jerrychsh-ucsd,dreamer4-tokenizer,qpuq9n6z,pusht-tokenizer,jerrychsh-ucsd/dreamer4-tokenizer/qpuq9n6z,killed,2026-05-02T02:20:46Z,,https://wandb.ai/jerrychsh-ucsd/dreamer4-tokenizer/runs/qpuq9n6z,11900,0.016320493072271347,0.00406766077503562,0.06126416474580765,,,,,23.906553268432617,0.5344889760017395,0.464691162109375,,,,,,,,,,,,,,,,0.9968395233154297,2097152,0.0001,2.116357466644711
jerrychsh-ucsd,dreamer4-tokenizer,qpuq9n6z,pusht-tokenizer,jerrychsh-ucsd/dreamer4-tokenizer/qpuq9n6z,killed,2026-05-02T02:20:46Z,,https://wandb.ai/jerrychsh-ucsd/dreamer4-tokenizer/runs/qpuq9n6z,12000,0.017156552523374557,0.004211657680571079,0.06472446769475937,,,,,23.75547218322754,0.5561612248420715,0.444854736328125,,,,,,,,,,,,,,,,0.9967406392097473,4194304,0.0001,2.1342174641953573
jerrychsh-ucsd,dreamer4-tokenizer,qpuq9n6z,pusht-tokenizer,jerrychsh-ucsd/dreamer4-tokenizer/qpuq9n6z,killed,2026-05-02T02:20:46Z,,https://wandb.ai/jerrychsh-ucsd/dreamer4-tokenizer/runs/qpuq9n6z,12100,0.01496104709804058,0.004101465456187725,0.05429790914058685,,,,,23.870609283447266,0.5550236701965332,0.443389892578125,,,,,,,,,,,,,,,,0.9964889883995056,4194304,0.0001,2.152179264823596
jerrychsh-ucsd,dreamer4-tokenizer,qpuq9n6z,pusht-tokenizer,jerrychsh-ucsd/dreamer4-tokenizer/qpuq9n6z,killed,2026-05-02T02:20:46Z,,https://wandb.ai/jerrychsh-ucsd/dreamer4-tokenizer/runs/qpuq9n6z,12200,0.0205935500562191,0.0048369187861680984,0.07878315448760986,,,,,23.154312133789062,0.5023905634880066,0.495391845703125,,,,,,,,,,,,,,,,0.9958512187004089,4194304,0.0001,2.1700433159536785
jerrychsh-ucsd,dreamer4-tokenizer,qpuq9n6z,pusht-tokenizer,jerrychsh-ucsd/dreamer4-tokenizer/qpuq9n6z,killed,2026-05-02T02:20:46Z,,https://wandb.ai/jerrychsh-ucsd/dreamer4-tokenizer/runs/qpuq9n6z,12300,0.01912282407283783,0.004380268510431051,0.0737127736210823,,,,,23.58499526977539,0.5011237263679504,0.5006103515625,,,,,,,,,,,,,,,,0.9967377781867981,4194304,0.0001,2.1879065939452915
jerrychsh-ucsd,dreamer4-tokenizer,qpuq9n6z,pusht-tokenizer,jerrychsh-ucsd/dreamer4-tokenizer/qpuq9n6z,killed,2026-05-02T02:20:46Z,,https://wandb.ai/jerrychsh-ucsd/dreamer4-tokenizer/runs/qpuq9n6z,12400,0.018809722736477852,0.004495467059314251,0.07157127559185028,,,,,23.472253799438477,0.5212115049362183,0.4774322509765625,,,,,,,,,,,,,,,,0.9965221881866455,4194304,0.0001,2.2057687498463525
jerrychsh-ucsd,dreamer4-tokenizer,qpuq9n6z,pusht-tokenizer,jerrychsh-ucsd/dreamer4-tokenizer/qpuq9n6z,killed,2026-05-02T02:20:46Z,,https://wandb.ai/jerrychsh-ucsd/dreamer4-tokenizer/runs/qpuq9n6z,12500,0.014925265684723854,0.0033596421126276255,0.05782811716198921,,,,,24.737071990966797,0.5367696285247803,0.4615478515625,,,,,,,,,,,,,,,,0.9958744645118713,4194304,0.0001,2.2236407503816817
jerrychsh-ucsd,dreamer4-tokenizer,qpuq9n6z,pusht-tokenizer,jerrychsh-ucsd/dreamer4-tokenizer/qpuq9n6z,killed,2026-05-02T02:20:46Z,,https://wandb.ai/jerrychsh-ucsd/dreamer4-tokenizer/runs/qpuq9n6z,12600,0.01989615708589554,0.004814106971025467,0.07541024684906006,,,,,23.174840927124023,0.5842783451080322,0.416412353515625,,,,,,,,,,,,,,,,0.9962630271911621,4194304,0.0001,2.2416040647029876
jerrychsh-ucsd,dreamer4-tokenizer,qpuq9n6z,pusht-tokenizer,jerrychsh-ucsd/dreamer4-tokenizer/qpuq9n6z,killed,2026-05-02T02:20:46Z,,https://wandb.ai/jerrychsh-ucsd/dreamer4-tokenizer/runs/qpuq9n6z,12700,0.01583235152065754,0.004217967856675386,0.058071915060281754,,,,,23.74896812438965,0.5666310787200928,0.431549072265625,,,,,,,,,,,,,,,,0.9973470568656921,4194304,0.0001,2.2594702645142872
jerrychsh-ucsd,dreamer4-tokenizer,qpuq9n6z,pusht-tokenizer,jerrychsh-ucsd/dreamer4-tokenizer/qpuq9n6z,killed,2026-05-02T02:20:46Z,,https://wandb.ai/jerrychsh-ucsd/dreamer4-tokenizer/runs/qpuq9n6z,12800,0.018550816923379898,0.004333410877734423,0.07108703255653381,,,,,23.631704330444336,0.5337824821472168,0.4662322998046875,,,,,,,,,,,,,,,,0.9963417649269104,4194304,0.0001,2.277338993748029
jerrychsh-ucsd,dreamer4-tokenizer,qpuq9n6z,pusht-tokenizer,jerrychsh-ucsd/dreamer4-tokenizer/qpuq9n6z,killed,2026-05-02T02:20:46Z,,https://wandb.ai/jerrychsh-ucsd/dreamer4-tokenizer/runs/qpuq9n6z,12900,0.016378240659832954,0.00391293503344059,0.06232652813196182,,,,,24.074974060058594,0.576118528842926,0.4235076904296875,,,,,,,,,,,,,,,,0.9972766637802124,4194304,0.0001,2.2952026051945156
jerrychsh-ucsd,dreamer4-tokenizer,qpuq9n6z,pusht-tokenizer,jerrychsh-ucsd/dreamer4-tokenizer/qpuq9n6z,killed,2026-05-02T02:20:46Z,,https://wandb.ai/jerrychsh-ucsd/dreamer4-tokenizer/runs/qpuq9n6z,13000,0.01593031734228134,0.00393760995939374,0.059963539242744446,,,,,24.047672271728516,0.5521062612533569,0.448028564453125,,,,,,,,,,,,,,,,0.9967445731163025,4194304,0.0001,2.313060071600808
jerrychsh-ucsd,dreamer4-tokenizer,qpuq9n6z,pusht-tokenizer,jerrychsh-ucsd/dreamer4-tokenizer/qpuq9n6z,killed,2026-05-02T02:20:46Z,,https://wandb.ai/jerrychsh-ucsd/dreamer4-tokenizer/runs/qpuq9n6z,13100,0.013502117246389389,0.003184547182172537,0.051587849855422974,,,,,24.96952247619629,0.5266702771186829,0.47198486328125,,,,,,,,,,,,,,,,0.9968278408050537,4194304,0.0001,2.3310313371155
jerrychsh-ucsd,dreamer4-tokenizer,qpuq9n6z,pusht-tokenizer,jerrychsh-ucsd/dreamer4-tokenizer/qpuq9n6z,killed,2026-05-02T02:20:46Z,,https://wandb.ai/jerrychsh-ucsd/dreamer4-tokenizer/runs/qpuq9n6z,13200,0.016776954755187035,0.003776669269427657,0.06500142812728882,,,,,24.228912353515625,0.541710376739502,0.4584808349609375,,,,,,,,,,,,,,,,0.9962138533592224,4194304,0.0001,2.34889232940144
jerrychsh-ucsd,dreamer4-tokenizer,qpuq9n6z,pusht-tokenizer,jerrychsh-ucsd/dreamer4-tokenizer/qpuq9n6z,killed,2026-05-02T02:20:46Z,,https://wandb.ai/jerrychsh-ucsd/dreamer4-tokenizer/runs/qpuq9n6z,13300,0.01594860851764679,0.003650411032140255,0.0614909902215004,,,,,24.376583099365234,0.5259507894515991,0.4749908447265625,,,,,,,,,,,,,,,,0.9975072145462036,4194304,0.0001,2.3667559041579564
jerrychsh-ucsd,dreamer4-tokenizer,qpuq9n6z,pusht-tokenizer,jerrychsh-ucsd/dreamer4-tokenizer/qpuq9n6z,killed,2026-05-02T02:20:46Z,,https://wandb.ai/jerrychsh-ucsd/dreamer4-tokenizer/runs/qpuq9n6z,13400,0.014046111144125462,0.0037138082552701235,0.05166151374578476,,,,,24.30180549621582,0.578015148639679,0.4222869873046875,,,,,,,,,,,,,,,,0.9975240230560303,4194304,0.0001,2.3846172274483575
jerrychsh-ucsd,dreamer4-tokenizer,qpuq9n6z,pusht-tokenizer,jerrychsh-ucsd/dreamer4-tokenizer/qpuq9n6z,killed,2026-05-02T02:20:46Z,,https://wandb.ai/jerrychsh-ucsd/dreamer4-tokenizer/runs/qpuq9n6z,13500,0.013921023346483707,0.003687084885314107,0.05116969347000122,,,,,24.33316993713379,0.5655856132507324,0.4339141845703125,,,,,,,,,,,,,,,,0.9973708987236023,4194304,0.0001,2.4024855650133556
jerrychsh-ucsd,dreamer4-tokenizer,qpuq9n6z,pusht-tokenizer,jerrychsh-ucsd/dreamer4-tokenizer/qpuq9n6z,killed,2026-05-02T02:20:46Z,,https://wandb.ai/jerrychsh-ucsd/dreamer4-tokenizer/runs/qpuq9n6z,13600,0.01634155586361885,0.004559775814414024,0.05890889838337898,,,,,23.410566329956055,0.5709668397903442,0.4279937744140625,,,,,,,,,,,,,,,,0.9974411129951477,4194304,0.0001,2.420452495879597
jerrychsh-ucsd,dreamer4-tokenizer,qpuq9n6z,pusht-tokenizer,jerrychsh-ucsd/dreamer4-tokenizer/qpuq9n6z,killed,2026-05-02T02:20:46Z,,https://wandb.ai/jerrychsh-ucsd/dreamer4-tokenizer/runs/qpuq9n6z,13700,0.01637433096766472,0.0039211357943713665,0.062265973538160324,,,,,24.065879821777344,0.5665542483329773,0.432861328125,,,,,,,,,,,,,,,,0.9962028861045837,4194304,0.0001,2.4383223887284595
jerrychsh-ucsd,dreamer4-tokenizer,qpuq9n6z,pusht-tokenizer,jerrychsh-ucsd/dreamer4-tokenizer/qpuq9n6z,killed,2026-05-02T02:20:46Z,,https://wandb.ai/jerrychsh-ucsd/dreamer4-tokenizer/runs/qpuq9n6z,13800,0.017305873334407806,0.004117629490792751,0.065941222012043,,,,,23.85352897644043,0.5174698233604431,0.483734130859375,,,,,,,,,,,,,,,,0.9943942427635193,4194304,0.0001,2.456195379363166
jerrychsh-ucsd,dreamer4-tokenizer,qpuq9n6z,pusht-tokenizer,jerrychsh-ucsd/dreamer4-tokenizer/qpuq9n6z,killed,2026-05-02T02:20:46Z,,https://wandb.ai/jerrychsh-ucsd/dreamer4-tokenizer/runs/qpuq9n6z,13900,0.017287399619817734,0.003975645173341036,0.06655877083539963,,,,,24.00592613220215,0.5496212244033813,0.4505462646484375,,,,,,,,,,,,,,,,0.9969138503074646,4194304,0.0001,2.474057290090455
jerrychsh-ucsd,dreamer4-tokenizer,qpuq9n6z,pusht-tokenizer,jerrychsh-ucsd/dreamer4-tokenizer/qpuq9n6z,killed,2026-05-02T02:20:46Z,,https://wandb.ai/jerrychsh-ucsd/dreamer4-tokenizer/runs/qpuq9n6z,14000,0.015549128875136375,0.00395634351298213,0.05796392261981964,,,,,24.02705955505371,0.5471137762069702,0.45635986328125,,,,,,,,,,,,,,,,0.9964367747306824,8388608,0.0001,2.491913956668642
jerrychsh-ucsd,dreamer4-tokenizer,qpuq9n6z,pusht-tokenizer,jerrychsh-ucsd/dreamer4-tokenizer/qpuq9n6z,killed,2026-05-02T02:20:46Z,,https://wandb.ai/jerrychsh-ucsd/dreamer4-tokenizer/runs/qpuq9n6z,14100,0.014516273513436317,0.004382716957479715,0.05066778138279915,,,,,23.582569122314453,0.5782070159912109,0.4199066162109375,,,,,,,,,,,,,,,,0.9966141581535339,8388608,0.0001,2.509876260360082
jerrychsh-ucsd,dreamer4-tokenizer,qpuq9n6z,pusht-tokenizer,jerrychsh-ucsd/dreamer4-tokenizer/qpuq9n6z,killed,2026-05-02T02:20:46Z,,https://wandb.ai/jerrychsh-ucsd/dreamer4-tokenizer/runs/qpuq9n6z,14200,0.016704538837075233,0.0039016997907310724,0.06401419639587402,,,,,24.08746337890625,0.5267575979232788,0.4714508056640625,,,,,,,,,,,,,,,,0.9956487417221069,8388608,0.0001,2.527742395732138
jerrychsh-ucsd,dreamer4-tokenizer,qpuq9n6z,pusht-tokenizer,jerrychsh-ucsd/dreamer4-tokenizer/qpuq9n6z,killed,2026-05-02T02:20:46Z,,https://wandb.ai/jerrychsh-ucsd/dreamer4-tokenizer/runs/qpuq9n6z,14300,0.01525508426129818,0.004554927349090576,0.05350078269839287,,,,,23.415185928344727,0.5844922065734863,0.41400146484375,,,,,,,,,,,,,,,,0.9960305690765381,8388608,0.0001,2.545595625374052
jerrychsh-ucsd,dreamer4-tokenizer,qpuq9n6z,pusht-tokenizer,jerrychsh-ucsd/dreamer4-tokenizer/qpuq9n6z,killed,2026-05-02T02:20:46Z,,https://wandb.ai/jerrychsh-ucsd/dreamer4-tokenizer/runs/qpuq9n6z,14400,0.015205389820039272,0.0038912526797503233,0.05657068267464638,,,,,24.099105834960938,0.5364348292350769,0.462432861328125,,,,,,,,,,,,,,,,0.9941523671150208,4194304,0.0001,2.5634537876314587
jerrychsh-ucsd,dreamer4-tokenizer,qpuq9n6z,pusht-tokenizer,jerrychsh-ucsd/dreamer4-tokenizer/qpuq9n6z,killed,2026-05-02T02:20:46Z,,https://wandb.ai/jerrychsh-ucsd/dreamer4-tokenizer/runs/qpuq9n6z,14500,0.01683051511645317,0.0038080618251115084,0.06511226296424866,,,,,24.192960739135742,0.5412046909332275,0.462615966796875,,,,,,,,,,,,,,,,0.9951877593994141,4194304,0.0001,2.5813076614671284
jerrychsh-ucsd,dreamer4-tokenizer,qpuq9n6z,pusht-tokenizer,jerrychsh-ucsd/dreamer4-tokenizer/qpuq9n6z,killed,2026-05-02T02:20:46Z,,https://wandb.ai/jerrychsh-ucsd/dreamer4-tokenizer/runs/qpuq9n6z,14600,0.017954062670469284,0.004055139608681202,0.06949461996555328,,,,,23.91994285583496,0.5859977006912231,0.4163055419921875,,,,,,,,,,,,,,,,0.9945255517959595,4194304,0.0001,2.5992604628536435
jerrychsh-ucsd,dreamer4-tokenizer,qpuq9n6z,pusht-tokenizer,jerrychsh-ucsd/dreamer4-tokenizer/qpuq9n6z,killed,2026-05-02T02:20:46Z,,https://wandb.ai/jerrychsh-ucsd/dreamer4-tokenizer/runs/qpuq9n6z,14700,0.01679340749979019,0.004113426432013512,0.06339990347623825,,,,,23.85796356201172,0.5670356154441833,0.431060791015625,,,,,,,,,,,,,,,,0.9956058859825134,4194304,0.0001,2.61713272843096
jerrychsh-ucsd,dreamer4-tokenizer,qpuq9n6z,pusht-tokenizer,jerrychsh-ucsd/dreamer4-tokenizer/qpuq9n6z,killed,2026-05-02T02:20:46Z,,https://wandb.ai/jerrychsh-ucsd/dreamer4-tokenizer/runs/qpuq9n6z,14800,0.019866816699504852,0.003744094632565975,0.08061361312866211,,,,,24.266530990600586,0.5182720422744751,0.481201171875,,,,,,,,,,,,,,,,0.9950193762779236,4194304,0.0001,2.6350020174185436
jerrychsh-ucsd,dreamer4-tokenizer,qpuq9n6z,pusht-tokenizer,jerrychsh-ucsd/dreamer4-tokenizer/qpuq9n6z,killed,2026-05-02T02:20:46Z,,https://wandb.ai/jerrychsh-ucsd/dreamer4-tokenizer/runs/qpuq9n6z,14900,0.019371695816516876,0.003835925366729498,0.0776788517832756,,,,,24.161298751831055,0.5161863565444946,0.4869384765625,,,,,,,,,,,,,,,,0.9965707659721375,4194304,0.0001,2.652854705254237
jerrychsh-ucsd,dreamer4-tokenizer,qpuq9n6z,pusht-tokenizer,jerrychsh-ucsd/dreamer4-tokenizer/qpuq9n6z,killed,2026-05-02T02:20:46Z,,https://wandb.ai/jerrychsh-ucsd/dreamer4-tokenizer/runs/qpuq9n6z,15000,0.016815392300486565,0.004160963464528322,0.0632721409201622,,,,,23.808059692382812,0.5479772090911865,0.4527587890625,,,,,,,,,,,,,,,,0.9965265989303589,4194304,0.0001,2.6706555838717354
jerrychsh-ucsd,dreamer4-tokenizer,qpuq9n6z,pusht-tokenizer,jerrychsh-ucsd/dreamer4-tokenizer/qpuq9n6z,killed,2026-05-02T02:20:46Z,,https://wandb.ai/jerrychsh-ucsd/dreamer4-tokenizer/runs/qpuq9n6z,15100,0.015244943089783192,0.00382966548204422,0.057076387107372284,,,,,24.168392181396484,0.54954993724823,0.452545166015625,,,,,,,,,,,,,,,,0.9956050515174866,4194304,0.0001,2.6886262741353777
jerrychsh-ucsd,dreamer4-tokenizer,qpuq9n6z,pusht-tokenizer,jerrychsh-ucsd/dreamer4-tokenizer/qpuq9n6z,killed,2026-05-02T02:20:46Z,,https://wandb.ai/jerrychsh-ucsd/dreamer4-tokenizer/runs/qpuq9n6z,15200,0.01796303316950798,0.004374814685434103,0.0679410919547081,,,,,23.590402603149414,0.5564449429512024,0.441619873046875,,,,,,,,,,,,,,,,0.9957876205444336,4194304,0.0001,2.7064069030682245
jerrychsh-ucsd,dreamer4-tokenizer,qpuq9n6z,pusht-tokenizer,jerrychsh-ucsd/dreamer4-tokenizer/qpuq9n6z,killed,2026-05-02T02:20:46Z,,https://wandb.ai/jerrychsh-ucsd/dreamer4-tokenizer/runs/qpuq9n6z,15300,0.01711323671042919,0.004044107627123594,0.0653456449508667,,,,,23.931772232055664,0.5126745104789734,0.4879608154296875,,,,,,,,,,,,,,,,0.9958879351615906,4194304,0.0001,2.724231080611547
jerrychsh-ucsd,dreamer4-tokenizer,qpuq9n6z,pusht-tokenizer,jerrychsh-ucsd/dreamer4-tokenizer/qpuq9n6z,killed,2026-05-02T02:20:46Z,,https://wandb.ai/jerrychsh-ucsd/dreamer4-tokenizer/runs/qpuq9n6z,15400,0.014707302674651146,0.0034109533298760653,0.0564817450940609,,,,,24.671241760253906,0.49618181586265564,0.501434326171875,,,,,,,,,,,,,,,,0.9947670698165894,4194304,0.0001,2.742011412249671
jerrychsh-ucsd,dreamer4-tokenizer,qpuq9n6z,pusht-tokenizer,jerrychsh-ucsd/dreamer4-tokenizer/qpuq9n6z,killed,2026-05-02T02:20:46Z,,https://wandb.ai/jerrychsh-ucsd/dreamer4-tokenizer/runs/qpuq9n6z,15500,0.015218601562082767,0.0037588048726320267,0.05729898065328598,,,,,24.24950408935547,0.530276358127594,0.4691162109375,,,,,,,,,,,,,,,,0.9956067204475403,4194304,0.0001,2.7597944672240153
jerrychsh-ucsd,dreamer4-tokenizer,qpuq9n6z,pusht-tokenizer,jerrychsh-ucsd/dreamer4-tokenizer/qpuq9n6z,killed,2026-05-02T02:20:46Z,,https://wandb.ai/jerrychsh-ucsd/dreamer4-tokenizer/runs/qpuq9n6z,15600,0.0166332870721817,0.0038553436752408743,0.06388971954584122,,,,,24.13936996459961,0.557049036026001,0.44024658203125,,,,,,,,,,,,,,,,0.99442458152771,4194304,0.0001,2.7776743156380124
jerrychsh-ucsd,dreamer4-tokenizer,qpuq9n6z,pusht-tokenizer,jerrychsh-ucsd/dreamer4-tokenizer/qpuq9n6z,killed,2026-05-02T02:20:46Z,,https://wandb.ai/jerrychsh-ucsd/dreamer4-tokenizer/runs/qpuq9n6z,15700,0.018626149743795395,0.004025175701826811,0.07300487160682678,,,,,23.952152252197266,0.5420819520950317,0.460052490234375,,,,,,,,,,,,,,,,0.9948309063911438,4194304,0.0001,2.7954507864846123
jerrychsh-ucsd,dreamer4-tokenizer,qpuq9n6z,pusht-tokenizer,jerrychsh-ucsd/dreamer4-tokenizer/qpuq9n6z,killed,2026-05-02T02:20:46Z,,https://wandb.ai/jerrychsh-ucsd/dreamer4-tokenizer/runs/qpuq9n6z,15800,0.01493911538273096,0.003801885060966015,0.05568614974617958,,,,,24.20001220703125,0.5478090047836304,0.4539031982421875,,,,,,,,,,,,,,,,0.9944829344749451,4194304,0.0001,2.8132344990968705
jerrychsh-ucsd,dreamer4-tokenizer,qpuq9n6z,pusht-tokenizer,jerrychsh-ucsd/dreamer4-tokenizer/qpuq9n6z,killed,2026-05-02T02:20:46Z,,https://wandb.ai/jerrychsh-ucsd/dreamer4-tokenizer/runs/qpuq9n6z,15900,0.016740262508392334,0.004135400056838989,0.06302431225776672,,,,,23.834823608398438,0.5225911140441895,0.47882080078125,,,,,,,,,,,,,,,,0.9954693913459778,4194304,0.0001,2.8310251725382276
jerrychsh-ucsd,dreamer4-tokenizer,qpuq9n6z,pusht-tokenizer,jerrychsh-ucsd/dreamer4-tokenizer/qpuq9n6z,killed,2026-05-02T02:20:46Z,,https://wandb.ai/jerrychsh-ucsd/dreamer4-tokenizer/runs/qpuq9n6z,16000,0.014844419434666634,0.003762679873034358,0.055408693850040436,,,,,24.24502944946289,0.5288885831832886,0.4736480712890625,,,,,,,,,,,,,,,,0.9954900741577148,4194304,0.0001,2.848808661964205
jerrychsh-ucsd,dreamer4-tokenizer,qpuq9n6z,pusht-tokenizer,jerrychsh-ucsd/dreamer4-tokenizer/qpuq9n6z,killed,2026-05-02T02:20:46Z,,https://wandb.ai/jerrychsh-ucsd/dreamer4-tokenizer/runs/qpuq9n6z,16100,0.01762491837143898,0.0038686050102114677,0.06878156214952469,,,,,24.12445831298828,0.5353704690933228,0.46502685546875,,,,,,,,,,,,,,,,0.995032012462616,4194304,0.0001,2.8666994236575234
jerrychsh-ucsd,dreamer4-tokenizer,qpuq9n6z,pusht-tokenizer,jerrychsh-ucsd/dreamer4-tokenizer/qpuq9n6z,killed,2026-05-02T02:20:46Z,,https://wandb.ai/jerrychsh-ucsd/dreamer4-tokenizer/runs/qpuq9n6z,16200,0.01932733692228794,0.004678803496062756,0.0732426643371582,,,,,23.29865264892578,0.5336309671401978,0.4684600830078125,,,,,,,,,,,,,,,,0.9946004748344421,4194304,0.0001,2.884484514461623
jerrychsh-ucsd,dreamer4-tokenizer,qpuq9n6z,pusht-tokenizer,jerrychsh-ucsd/dreamer4-tokenizer/qpuq9n6z,killed,2026-05-02T02:20:46Z,,https://wandb.ai/jerrychsh-ucsd/dreamer4-tokenizer/runs/qpuq9n6z,16300,0.016520485281944275,0.004183509387075901,0.06168488413095474,,,,,23.784595489501953,0.5289227962493896,0.4718017578125,,,,,,,,,,,,,,,,0.9961863160133362,4194304,0.0001,2.9022780105140473
jerrychsh-ucsd,dreamer4-tokenizer,qpuq9n6z,pusht-tokenizer,jerrychsh-ucsd/dreamer4-tokenizer/qpuq9n6z,killed,2026-05-02T02:20:46Z,,https://wandb.ai/jerrychsh-ucsd/dreamer4-tokenizer/runs/qpuq9n6z,16400,0.015270206145942211,0.00438008364289999,0.054450612515211105,,,,,23.585176467895508,0.5612103939056396,0.4398040771484375,,,,,,,,,,,,,,,,0.9955176115036011,8388608,0.0001,2.9200622701644896
jerrychsh-ucsd,dreamer4-tokenizer,qpuq9n6z,pusht-tokenizer,jerrychsh-ucsd/dreamer4-tokenizer/qpuq9n6z,killed,2026-05-02T02:20:46Z,,https://wandb.ai/jerrychsh-ucsd/dreamer4-tokenizer/runs/qpuq9n6z,16500,0.020950626581907272,0.004440209828317165,0.08255207538604736,,,,,23.525964736938477,0.5066544413566589,0.49285888671875,,,,,,,,,,,,,,,,0.9945673942565918,8388608,0.0001,2.937857906950845
jerrychsh-ucsd,dreamer4-tokenizer,qpuq9n6z,pusht-tokenizer,jerrychsh-ucsd/dreamer4-tokenizer/qpuq9n6z,killed,2026-05-02T02:20:46Z,,https://wandb.ai/jerrychsh-ucsd/dreamer4-tokenizer/runs/qpuq9n6z,16600,0.016726143658161163,0.004194437060505152,0.06265853345394135,,,,,23.773265838623047,0.5787460803985596,0.42138671875,,,,,,,,,,,,,,,,0.9958599805831909,8388608,0.0001,2.9557644581132463
jerrychsh-ucsd,dreamer4-tokenizer,qpuq9n6z,pusht-tokenizer,jerrychsh-ucsd/dreamer4-tokenizer/qpuq9n6z,killed,2026-05-02T02:20:46Z,,https://wandb.ai/jerrychsh-ucsd/dreamer4-tokenizer/runs/qpuq9n6z,16700,0.019382242113351822,0.003885985119268298,0.07748128473758698,,,,,24.10498809814453,0.5343214273452759,0.46533203125,,,,,,,,,,,,,,,,0.9941785335540771,8388608,0.0001,2.9735586938593124
jerrychsh-ucsd,dreamer4-tokenizer,qpuq9n6z,pusht-tokenizer,jerrychsh-ucsd/dreamer4-tokenizer/qpuq9n6z,killed,2026-05-02T02:20:46Z,,https://wandb.ai/jerrychsh-ucsd/dreamer4-tokenizer/runs/qpuq9n6z,16800,0.018733074888586998,0.003984476905316114,0.07374298572540283,,,,,23.996286392211914,0.5351650714874268,0.4654693603515625,,,,,,,,,,,,,,,,0.9962854385375977,8388608,0.0001,2.9913631179597644
jerrychsh-ucsd,dreamer4-tokenizer,qpuq9n6z,pusht-tokenizer,jerrychsh-ucsd/dreamer4-tokenizer/qpuq9n6z,killed,2026-05-02T02:20:46Z,,https://wandb.ai/jerrychsh-ucsd/dreamer4-tokenizer/runs/qpuq9n6z,16900,0.013470159843564034,0.0035701461602002382,0.04950007051229477,,,,,24.473142623901367,0.6196504831314087,0.3810882568359375,,,,,,,,,,,,,,,,0.996561586856842,8388608,0.0001,3.009143454697397
jerrychsh-ucsd,dreamer4-tokenizer,qpuq9n6z,pusht-tokenizer,jerrychsh-ucsd/dreamer4-tokenizer/qpuq9n6z,killed,2026-05-02T02:20:46Z,,https://wandb.ai/jerrychsh-ucsd/dreamer4-tokenizer/runs/qpuq9n6z,17000,0.014384331181645393,0.0043257963843643665,0.05029267072677612,,,,,23.639339447021484,0.637302815914154,0.36370849609375,,,,,,,,,,,,,,,,0.9938551187515259,8388608,0.0001,3.0269327019320595
jerrychsh-ucsd,dreamer4-tokenizer,qpuq9n6z,pusht-tokenizer,jerrychsh-ucsd/dreamer4-tokenizer/qpuq9n6z,killed,2026-05-02T02:20:46Z,,https://wandb.ai/jerrychsh-ucsd/dreamer4-tokenizer/runs/qpuq9n6z,17100,0.016039561480283737,0.003955753054469824,0.06041904538869858,,,,,24.027708053588867,0.5808471441268921,0.42059326171875,,,,,,,,,,,,,,,,0.9965251684188843,8388608,0.0001,3.0448253704441917
jerrychsh-ucsd,dreamer4-tokenizer,qpuq9n6z,pusht-tokenizer,jerrychsh-ucsd/dreamer4-tokenizer/qpuq9n6z,killed,2026-05-02T02:20:46Z,,https://wandb.ai/jerrychsh-ucsd/dreamer4-tokenizer/runs/qpuq9n6z,17200,0.017891259863972664,0.004148512147367001,0.06871373951435089,,,,,23.821077346801758,0.5414391160011292,0.4581146240234375,,,,,,,,,,,,,,,,0.9921775460243225,8388608,0.0001,3.0626179697116216
jerrychsh-ucsd,dreamer4-tokenizer,qpuq9n6z,pusht-tokenizer,jerrychsh-ucsd/dreamer4-tokenizer/qpuq9n6z,killed,2026-05-02T02:20:46Z,,https://wandb.ai/jerrychsh-ucsd/dreamer4-tokenizer/runs/qpuq9n6z,17300,0.01643102616071701,0.003717840649187565,0.0635659322142601,,,,,24.29709243774414,0.5360797643661499,0.4645233154296875,,,,,,,,,,,,,,,,0.9938346147537231,8388608,0.0001,3.0804075390762753
jerrychsh-ucsd,dreamer4-tokenizer,qpuq9n6z,pusht-tokenizer,jerrychsh-ucsd/dreamer4-tokenizer/qpuq9n6z,killed,2026-05-02T02:20:46Z,,https://wandb.ai/jerrychsh-ucsd/dreamer4-tokenizer/runs/qpuq9n6z,17400,0.015967926010489464,0.004037211649119854,0.059653572738170624,,,,,23.939186096191406,0.5723427534103394,0.4273223876953125,,,,,,,,,,,,,,,,0.996623158454895,8388608,0.0001,3.098210687438647
jerrychsh-ucsd,dreamer4-tokenizer,qpuq9n6z,pusht-tokenizer,jerrychsh-ucsd/dreamer4-tokenizer/qpuq9n6z,killed,2026-05-02T02:20:46Z,,https://wandb.ai/jerrychsh-ucsd/dreamer4-tokenizer/runs/qpuq9n6z,17500,0.01614352874457836,0.003860369324684143,0.06141579523682594,,,,,24.133712768554688,0.531326174736023,0.4695587158203125,,,,,,,,,,,,,,,,0.9960333704948425,8388608,0.0001,3.116007943087154
jerrychsh-ucsd,dreamer4-tokenizer,qpuq9n6z,pusht-tokenizer,jerrychsh-ucsd/dreamer4-tokenizer/qpuq9n6z,killed,2026-05-02T02:20:46Z,,https://wandb.ai/jerrychsh-ucsd/dreamer4-tokenizer/runs/qpuq9n6z,17600,0.01768367737531662,0.00334307923913002,0.0717029869556427,,,,,24.758533477783203,0.48997756838798523,0.5101318359375,,,,,,,,,,,,,,,,0.9949633479118347,8388608,0.0001,3.1338956826263002
jerrychsh-ucsd,dreamer4-tokenizer,qpuq9n6z,pusht-tokenizer,jerrychsh-ucsd/dreamer4-tokenizer/qpuq9n6z,killed,2026-05-02T02:20:46Z,,https://wandb.ai/jerrychsh-ucsd/dreamer4-tokenizer/runs/qpuq9n6z,17700,0.01716095581650734,0.0042437054216861725,0.06458624452352524,,,,,23.722549438476562,0.5614140033721924,0.43731689453125,,,,,,,,,,,,,,,,0.9942957758903503,8388608,0.0001,3.1516982562674416
jerrychsh-ucsd,dreamer4-tokenizer,qpuq9n6z,pusht-tokenizer,jerrychsh-ucsd/dreamer4-tokenizer/qpuq9n6z,killed,2026-05-02T02:20:46Z,,https://wandb.ai/jerrychsh-ucsd/dreamer4-tokenizer/runs/qpuq9n6z,17800,0.014660325832664967,0.003235395299270749,0.057124651968479156,,,,,24.900726318359375,0.5511631965637207,0.448455810546875,,,,,,,,,,,,,,,,0.9961261749267578,8388608,0.0001,3.1694884525405036
jerrychsh-ucsd,dreamer4-tokenizer,qpuq9n6z,pusht-tokenizer,jerrychsh-ucsd/dreamer4-tokenizer/qpuq9n6z,killed,2026-05-02T02:20:46Z,,https://wandb.ai/jerrychsh-ucsd/dreamer4-tokenizer/runs/qpuq9n6z,17900,0.015242766588926315,0.0036010160110890865,0.058208756148815155,,,,,24.435749053955078,0.5577994585037231,0.4425506591796875,,,,,,,,,,,,,,,,0.9948646426200867,8388608,0.0001,3.1872789729303785
jerrychsh-ucsd,dreamer4-tokenizer,qpuq9n6z,pusht-tokenizer,jerrychsh-ucsd/dreamer4-tokenizer/qpuq9n6z,killed,2026-05-02T02:20:46Z,,https://wandb.ai/jerrychsh-ucsd/dreamer4-tokenizer/runs/qpuq9n6z,18000,0.015262220986187458,0.004379052668809891,0.05441584065556526,,,,,23.586198806762695,0.5190104246139526,0.4808502197265625,,,,,,,,,,,,,,,,0.9949385523796082,8388608,0.0001,3.2050610210498176
jerrychsh-ucsd,dreamer4-tokenizer,qpuq9n6z,pusht-tokenizer,jerrychsh-ucsd/dreamer4-tokenizer/qpuq9n6z,killed,2026-05-02T02:20:46Z,,https://wandb.ai/jerrychsh-ucsd/dreamer4-tokenizer/runs/qpuq9n6z,18100,0.017762191593647003,0.003515263320878148,0.07123463600873947,,,,,24.540422439575195,0.5268664956092834,0.4739227294921875,,,,,,,,,,,,,,,,0.9887314438819885,8388608,0.0001,3.2229622542858123
jerrychsh-ucsd,dreamer4-tokenizer,qpuq9n6z,pusht-tokenizer,jerrychsh-ucsd/dreamer4-tokenizer/qpuq9n6z,killed,2026-05-02T02:20:46Z,,https://wandb.ai/jerrychsh-ucsd/dreamer4-tokenizer/runs/qpuq9n6z,18200,0.016395770013332367,0.003464115085080266,0.0646582692861557,,,,,24.604076385498047,0.5487998723983765,0.450164794921875,,,,,,,,,,,,,,,,0.9908844828605652,8388608,0.0001,3.2407663308911854
jerrychsh-ucsd,dreamer4-tokenizer,qpuq9n6z,pusht-tokenizer,jerrychsh-ucsd/dreamer4-tokenizer/qpuq9n6z,killed,2026-05-02T02:20:46Z,,https://wandb.ai/jerrychsh-ucsd/dreamer4-tokenizer/runs/qpuq9n6z,18300,0.01588129997253418,0.004097689408808947,0.0589180514216423,,,,,23.874608993530273,0.519262969493866,0.48187255859375,,,,,,,,,,,,,,,,0.9865566492080688,8388608,0.0001,3.2585613844792047
jerrychsh-ucsd,dreamer4-tokenizer,qpuq9n6z,pusht-tokenizer,jerrychsh-ucsd/dreamer4-tokenizer/qpuq9n6z,killed,2026-05-02T02:20:46Z,,https://wandb.ai/jerrychsh-ucsd/dreamer4-tokenizer/runs/qpuq9n6z,18400,0.016568828374147415,0.004091665614396334,0.062385812401771545,,,,,23.880998611450195,0.5371890068054199,0.463104248046875,,,,,,,,,,,,,,,,0.991145133972168,8388608,0.0001,3.2763541007704204
jerrychsh-ucsd,dreamer4-tokenizer,qpuq9n6z,pusht-tokenizer,jerrychsh-ucsd/dreamer4-tokenizer/qpuq9n6z,killed,2026-05-02T02:20:46Z,,https://wandb.ai/jerrychsh-ucsd/dreamer4-tokenizer/runs/qpuq9n6z,18500,0.015457223169505596,0.0036736202891916037,0.05891801416873932,,,,,24.349058151245117,0.5467875599861145,0.4505767822265625,,,,,,,,,,,,,,,,0.9930938482284546,8388608,0.0001,3.294150882760684
jerrychsh-ucsd,dreamer4-tokenizer,qpuq9n6z,pusht-tokenizer,jerrychsh-ucsd/dreamer4-tokenizer/qpuq9n6z,killed,2026-05-02T02:20:46Z,,https://wandb.ai/jerrychsh-ucsd/dreamer4-tokenizer/runs/qpuq9n6z,18600,0.014811618253588676,0.003333653789013624,0.05738982558250427,,,,,24.770795822143555,0.6181989908218384,0.381591796875,,,,,,,,,,,,,,,,0.9895113110542297,8388608,0.0001,3.3120475557115343
jerrychsh-ucsd,dreamer4-tokenizer,qpuq9n6z,pusht-tokenizer,jerrychsh-ucsd/dreamer4-tokenizer/qpuq9n6z,killed,2026-05-02T02:20:46Z,,https://wandb.ai/jerrychsh-ucsd/dreamer4-tokenizer/runs/qpuq9n6z,18700,0.013637877069413662,0.0031217001378536224,0.05258088558912277,,,,,25.05609130859375,0.5145629644393921,0.4843902587890625,,,,,,,,,,,,,,,,0.990652322769165,8388608,0.0001,3.3298523288965227
jerrychsh-ucsd,dreamer4-tokenizer,qpuq9n6z,pusht-tokenizer,jerrychsh-ucsd/dreamer4-tokenizer/qpuq9n6z,killed,2026-05-02T02:20:46Z,,https://wandb.ai/jerrychsh-ucsd/dreamer4-tokenizer/runs/qpuq9n6z,18800,0.016332177445292473,0.00414229417219758,0.0609494112432003,,,,,23.827590942382812,0.5215412378311157,0.478179931640625,,,,,,,,,,,,,,,,0.9931867122650146,8388608,0.0001,3.347653624878989
jerrychsh-ucsd,dreamer4-tokenizer,qpuq9n6z,pusht-tokenizer,jerrychsh-ucsd/dreamer4-tokenizer/qpuq9n6z,killed,2026-05-02T02:20:46Z,,https://wandb.ai/jerrychsh-ucsd/dreamer4-tokenizer/runs/qpuq9n6z,18900,0.014418046921491623,0.003434043610468507,0.0549200177192688,,,,,24.641942977905273,0.5418171882629395,0.4590301513671875,,,,,,,,,,,,,,,,0.9900731444358826,8388608,0.0001,3.365463172396024
jerrychsh-ucsd,dreamer4-tokenizer,qpuq9n6z,pusht-tokenizer,jerrychsh-ucsd/dreamer4-tokenizer/qpuq9n6z,killed,2026-05-02T02:20:46Z,,https://wandb.ai/jerrychsh-ucsd/dreamer4-tokenizer/runs/qpuq9n6z,19000,0.01709415763616562,0.004280551336705685,0.0640680268406868,,,,,23.685001373291016,0.5026568174362183,0.49652099609375,,,,,,,,,,,,,,,,0.994396984577179,8388608,0.0001,3.383265194296837
jerrychsh-ucsd,dreamer4-tokenizer,qpuq9n6z,pusht-tokenizer,jerrychsh-ucsd/dreamer4-tokenizer/qpuq9n6z,killed,2026-05-02T02:20:46Z,,https://wandb.ai/jerrychsh-ucsd/dreamer4-tokenizer/runs/qpuq9n6z,19100,0.017042070627212524,0.004290442913770676,0.06375813484191895,,,,,23.67498016357422,0.5167675614356995,0.4855804443359375,,,,,,,,,,,,,,,,0.9883949160575867,8388608,0.0001,3.401158807675044
jerrychsh-ucsd,dreamer4-tokenizer,qpuq9n6z,pusht-tokenizer,jerrychsh-ucsd/dreamer4-tokenizer/qpuq9n6z,killed,2026-05-02T02:20:46Z,,https://wandb.ai/jerrychsh-ucsd/dreamer4-tokenizer/runs/qpuq9n6z,19200,0.01839783415198326,0.0037669679149985313,0.07315433025360107,,,,,24.240081787109375,0.473629891872406,0.525604248046875,,,,,,,,,,,,,,,,0.9950916767120361,8388608,0.0001,3.4189550519651837
jerrychsh-ucsd,dreamer4-tokenizer,qpuq9n6z,pusht-tokenizer,jerrychsh-ucsd/dreamer4-tokenizer/qpuq9n6z,killed,2026-05-02T02:20:46Z,,https://wandb.ai/jerrychsh-ucsd/dreamer4-tokenizer/runs/qpuq9n6z,19300,0.018970780074596405,0.004288946744054556,0.07340916991233826,,,,,23.67649269104004,0.5516492128372192,0.4498748779296875,,,,,,,,,,,,,,,,0.987362265586853,8388608,0.0001,3.4367564233144123
jerrychsh-ucsd,dreamer4-tokenizer,qpuq9n6z,pusht-tokenizer,jerrychsh-ucsd/dreamer4-tokenizer/qpuq9n6z,killed,2026-05-02T02:20:46Z,,https://wandb.ai/jerrychsh-ucsd/dreamer4-tokenizer/runs/qpuq9n6z,19400,0.017396556213498116,0.003986258991062641,0.0670514851808548,,,,,23.994346618652344,0.5728750824928284,0.424591064453125,,,,,,,,,,,,,,,,0.9918811321258545,8388608,0.0001,3.4545680648088455
jerrychsh-ucsd,dreamer4-tokenizer,qpuq9n6z,pusht-tokenizer,jerrychsh-ucsd/dreamer4-tokenizer/qpuq9n6z,killed,2026-05-02T02:20:46Z,,https://wandb.ai/jerrychsh-ucsd/dreamer4-tokenizer/runs/qpuq9n6z,19500,0.01564973033964634,0.003561923746019602,0.060439031571149826,,,,,24.483154296875,0.5090900659561157,0.4933624267578125,,,,,,,,,,,,,,,,0.9944738149642944,8388608,0.0001,3.472371052304904
jerrychsh-ucsd,dreamer4-tokenizer,qpuq9n6z,pusht-tokenizer,jerrychsh-ucsd/dreamer4-tokenizer/qpuq9n6z,killed,2026-05-02T02:20:46Z,,https://wandb.ai/jerrychsh-ucsd/dreamer4-tokenizer/runs/qpuq9n6z,19600,0.017571724951267242,0.003992970567196608,0.06789377331733704,,,,,23.987037658691406,0.536613941192627,0.4642181396484375,,,,,,,,,,,,,,,,0.9863166809082031,8388608,0.0001,3.4902634926637015
jerrychsh-ucsd,dreamer4-tokenizer,qpuq9n6z,pusht-tokenizer,jerrychsh-ucsd/dreamer4-tokenizer/qpuq9n6z,killed,2026-05-02T02:20:46Z,,https://wandb.ai/jerrychsh-ucsd/dreamer4-tokenizer/runs/qpuq9n6z,19700,0.015739409253001213,0.0034659209195524454,0.06136743724346161,,,,,24.60181427001953,0.5427207946777344,0.4528045654296875,,,,,,,,,,,,,,,,0.991208553314209,8388608,0.0001,3.5080716632472146
jerrychsh-ucsd,dreamer4-tokenizer,qpuq9n6z,pusht-tokenizer,jerrychsh-ucsd/dreamer4-tokenizer/qpuq9n6z,killed,2026-05-02T02:20:46Z,,https://wandb.ai/jerrychsh-ucsd/dreamer4-tokenizer/runs/qpuq9n6z,19800,0.01417640782892704,0.0028223718982189894,0.05677017569541931,,,,,25.493858337402344,0.5734493732452393,0.4274444580078125,,,,,,,,,,,,,,,,0.9929690957069397,8388608,0.0001,3.5258760588036644
jerrychsh-ucsd,dreamer4-tokenizer,qpuq9n6z,pusht-tokenizer,jerrychsh-ucsd/dreamer4-tokenizer/qpuq9n6z,killed,2026-05-02T02:20:46Z,,https://wandb.ai/jerrychsh-ucsd/dreamer4-tokenizer/runs/qpuq9n6z,19900,0.01518834475427866,0.003750877222046256,0.057187337428331375,,,,,24.258670806884766,0.5373967885971069,0.4629974365234375,,,,,,,,,,,,,,,,0.9931685328483582,8388608,0.0001,3.5436839811669456
jerrychsh-ucsd,dreamer4-tokenizer,qpuq9n6z,pusht-tokenizer,jerrychsh-ucsd/dreamer4-tokenizer/qpuq9n6z,killed,2026-05-02T02:20:46Z,,https://wandb.ai/jerrychsh-ucsd/dreamer4-tokenizer/runs/qpuq9n6z,20000,0.014931556768715382,0.0033193768467754126,0.0580608993768692,,,,,24.78943634033203,0.5305048823356628,0.468170166015625,,,,,,,,,,,,,,,,0.9925401210784912,8388608,0.0001,3.561481260061264
jerrychsh-ucsd,dreamer4-tokenizer,qpuq9n6z,pusht-tokenizer,jerrychsh-ucsd/dreamer4-tokenizer/qpuq9n6z,killed,2026-05-02T02:20:46Z,,https://wandb.ai/jerrychsh-ucsd/dreamer4-tokenizer/runs/qpuq9n6z,20100,0.01717348024249077,0.003264886327087879,0.06954297423362732,,,,,24.861318588256836,0.5262545347213745,0.4718475341796875,,,,,,,,,,,,,,,,0.9875668883323669,8388608,0.0001,3.5794696121083365
jerrychsh-ucsd,dreamer4-tokenizer,qpuq9n6z,pusht-tokenizer,jerrychsh-ucsd/dreamer4-tokenizer/qpuq9n6z,killed,2026-05-02T02:20:46Z,,https://wandb.ai/jerrychsh-ucsd/dreamer4-tokenizer/runs/qpuq9n6z,20200,0.013980187475681305,0.003318837145343423,0.05330675095319748,,,,,24.790142059326172,0.5709290504455566,0.4302215576171875,,,,,,,,,,,,,,,,0.9963861107826233,8388608,0.0001,3.597269921302795
jerrychsh-ucsd,dreamer4-tokenizer,qpuq9n6z,pusht-tokenizer,jerrychsh-ucsd/dreamer4-tokenizer/qpuq9n6z,killed,2026-05-02T02:20:46Z,,https://wandb.ai/jerrychsh-ucsd/dreamer4-tokenizer/runs/qpuq9n6z,20300,0.016554147005081177,0.0034369679633527994,0.06558588892221451,,,,,24.638248443603516,0.5342446565628052,0.4703521728515625,,,,,,,,,,,,,,,,0.9930863380432129,8388608,0.0001,3.6150657470358745
jerrychsh-ucsd,dreamer4-tokenizer,qpuq9n6z,pusht-tokenizer,jerrychsh-ucsd/dreamer4-tokenizer/qpuq9n6z,killed,2026-05-02T02:20:46Z,,https://wandb.ai/jerrychsh-ucsd/dreamer4-tokenizer/runs/qpuq9n6z,20400,0.016851112246513367,0.004016116727143526,0.06417497992515564,,,,,23.961936950683594,0.470220685005188,0.527587890625,,,,,,,,,,,,,,,,0.9886243343353271,8388608,0.0001,3.6328679202662575
jerrychsh-ucsd,dreamer4-tokenizer,qpuq9n6z,pusht-tokenizer,jerrychsh-ucsd/dreamer4-tokenizer/qpuq9n6z,killed,2026-05-02T02:20:46Z,,https://wandb.ai/jerrychsh-ucsd/dreamer4-tokenizer/runs/qpuq9n6z,20500,0.013826427981257439,0.0028412535320967436,0.05492587015032768,,,,,25.464900970458984,0.5278341770172119,0.4740142822265625,,,,,,,,,,,,,,,,0.9909173846244812,8388608,0.0001,3.6506694028774898
jerrychsh-ucsd,dreamer4-tokenizer,qpuq9n6z,pusht-tokenizer,jerrychsh-ucsd/dreamer4-tokenizer/qpuq9n6z,killed,2026-05-02T02:20:46Z,,https://wandb.ai/jerrychsh-ucsd/dreamer4-tokenizer/runs/qpuq9n6z,20600,0.013462269678711891,0.0038503820542246103,0.04805943742394447,,,,,24.144962310791016,0.5939335823059082,0.4078216552734375,,,,,,,,,,,,,,,,0.9936844110488892,8388608,0.0001,3.6685710364580153
jerrychsh-ucsd,dreamer4-tokenizer,qpuq9n6z,pusht-tokenizer,jerrychsh-ucsd/dreamer4-tokenizer/qpuq9n6z,killed,2026-05-02T02:20:46Z,,https://wandb.ai/jerrychsh-ucsd/dreamer4-tokenizer/runs/qpuq9n6z,20700,0.01194972824305296,0.0033938551787286997,0.04277936741709709,,,,,24.69306755065918,0.6125168204307556,0.3864288330078125,,,,,,,,,,,,,,,,0.9953290224075317,8388608,0.0001,3.6864187673727673
jerrychsh-ucsd,dreamer4-tokenizer,qpuq9n6z,pusht-tokenizer,jerrychsh-ucsd/dreamer4-tokenizer/qpuq9n6z,killed,2026-05-02T02:20:46Z,,https://wandb.ai/jerrychsh-ucsd/dreamer4-tokenizer/runs/qpuq9n6z,20800,0.015472572296857834,0.0035537672229111195,0.05959402024745941,,,,,24.49311065673828,0.4994047284126282,0.50189208984375,,,,,,,,,,,,,,,,0.9920444488525391,8388608,0.0001,3.7042197479804355
jerrychsh-ucsd,dreamer4-tokenizer,qpuq9n6z,pusht-tokenizer,jerrychsh-ucsd/dreamer4-tokenizer/qpuq9n6z,killed,2026-05-02T02:20:46Z,,https://wandb.ai/jerrychsh-ucsd/dreamer4-tokenizer/runs/qpuq9n6z,20900,0.016909202560782433,0.0034297516103833914,0.06739725172519684,,,,,24.64737319946289,0.5067194104194641,0.4922027587890625,,,,,,,,,,,,,,,,0.9931513071060181,8388608,0.0001,3.7220115835799112
jerrychsh-ucsd,dreamer4-tokenizer,qpuq9n6z,pusht-tokenizer,jerrychsh-ucsd/dreamer4-tokenizer/qpuq9n6z,killed,2026-05-02T02:20:46Z,,https://wandb.ai/jerrychsh-ucsd/dreamer4-tokenizer/runs/qpuq9n6z,21000,0.015967169776558876,0.0034814849495887756,0.06242842227220535,,,,,24.582355499267578,0.50133216381073,0.4981231689453125,,,,,,,,,,,,,,,,0.9905628561973572,8388608,0.0001,3.7398151016897625
jerrychsh-ucsd,dreamer4-tokenizer,qpuq9n6z,pusht-tokenizer,jerrychsh-ucsd/dreamer4-tokenizer/qpuq9n6z,killed,2026-05-02T02:20:46Z,,https://wandb.ai/jerrychsh-ucsd/dreamer4-tokenizer/runs/qpuq9n6z,21100,0.014415305107831955,0.0031177932396531105,0.0564875602722168,,,,,25.0615291595459,0.5580613613128662,0.442352294921875,,,,,,,,,,,,,,,,0.9894618988037109,8388608,0.0001,3.7577224222156738
jerrychsh-ucsd,dreamer4-tokenizer,qpuq9n6z,pusht-tokenizer,jerrychsh-ucsd/dreamer4-tokenizer/qpuq9n6z,killed,2026-05-02T02:20:46Z,,https://wandb.ai/jerrychsh-ucsd/dreamer4-tokenizer/runs/qpuq9n6z,21200,0.013079757802188396,0.003521258244290948,0.047792498022317886,,,,,24.533021926879883,0.5522607564926147,0.4491119384765625,,,,,,,,,,,,,,,,0.992475152015686,8388608,0.0001,3.775515045788553
jerrychsh-ucsd,dreamer4-tokenizer,qpuq9n6z,pusht-tokenizer,jerrychsh-ucsd/dreamer4-tokenizer/qpuq9n6z,killed,2026-05-02T02:20:46Z,,https://wandb.ai/jerrychsh-ucsd/dreamer4-tokenizer/runs/qpuq9n6z,21300,0.014633690938353539,0.003336487803608179,0.05648601055145264,,,,,24.767105102539062,0.5383316874504089,0.459259033203125,,,,,,,,,,,,,,,,0.984291672706604,8388608,0.0001,3.793315913081169
jerrychsh-ucsd,dreamer4-tokenizer,qpuq9n6z,pusht-tokenizer,jerrychsh-ucsd/dreamer4-tokenizer/qpuq9n6z,killed,2026-05-02T02:20:46Z,,https://wandb.ai/jerrychsh-ucsd/dreamer4-tokenizer/runs/qpuq9n6z,21400,0.016719644889235497,0.003322957083582878,0.06698343902826309,,,,,24.784753799438477,0.5804433822631836,0.4200439453125,,,,,,,,,,,,,,,,0.9933373332023621,8388608,0.0001,3.8111291087998285
jerrychsh-ucsd,dreamer4-tokenizer,qpuq9n6z,pusht-tokenizer,jerrychsh-ucsd/dreamer4-tokenizer/qpuq9n6z,killed,2026-05-02T02:20:46Z,,https://wandb.ai/jerrychsh-ucsd/dreamer4-tokenizer/runs/qpuq9n6z,21500,0.013735591433942318,0.0027809443417936563,0.0547732338309288,,,,,25.55807876586914,0.5650312304496765,0.434173583984375,,,,,,,,,,,,,,,,0.993031919002533,8388608,0.0001,3.8289393794536593
jerrychsh-ucsd,dreamer4-tokenizer,qpuq9n6z,pusht-tokenizer,jerrychsh-ucsd/dreamer4-tokenizer/qpuq9n6z,killed,2026-05-02T02:20:46Z,,https://wandb.ai/jerrychsh-ucsd/dreamer4-tokenizer/runs/qpuq9n6z,21600,0.013376375660300255,0.003191194962710142,0.050925903022289276,,,,,24.960468292236328,0.5930537581443787,0.4062652587890625,,,,,,,,,,,,,,,,0.9942261576652527,8388608,0.0001,3.8468384671211244
jerrychsh-ucsd,dreamer4-tokenizer,qpuq9n6z,pusht-tokenizer,jerrychsh-ucsd/dreamer4-tokenizer/qpuq9n6z,killed,2026-05-02T02:20:46Z,,https://wandb.ai/jerrychsh-ucsd/dreamer4-tokenizer/runs/qpuq9n6z,21700,0.014723710715770721,0.003225377295166254,0.057491667568683624,,,,,24.914196014404297,0.5098624229431152,0.4907989501953125,,,,,,,,,,,,,,,,0.993369460105896,8388608,0.0001,3.8646426722076206
jerrychsh-ucsd,dreamer4-tokenizer,qpuq9n6z,pusht-tokenizer,jerrychsh-ucsd/dreamer4-tokenizer/qpuq9n6z,killed,2026-05-02T02:20:46Z,,https://wandb.ai/jerrychsh-ucsd/dreamer4-tokenizer/runs/qpuq9n6z,21800,0.014358815737068653,0.002684646984562278,0.05837084352970123,,,,,25.71112823486328,0.5323046445846558,0.466766357421875,,,,,,,,,,,,,,,,0.9923670887947083,4194304,0.0001,3.882456594639354
jerrychsh-ucsd,dreamer4-tokenizer,qpuq9n6z,pusht-tokenizer,jerrychsh-ucsd/dreamer4-tokenizer/qpuq9n6z,killed,2026-05-02T02:20:46Z,,https://wandb.ai/jerrychsh-ucsd/dreamer4-tokenizer/runs/qpuq9n6z,21900,0.014014756307005882,0.002612784970551729,0.057009853422641754,,,,,25.828964233398438,0.5622900724411011,0.439605712890625,,,,,,,,,,,,,,,,0.9903453588485718,4194304,0.0001,3.9002560821506713
jerrychsh-ucsd,dreamer4-tokenizer,qpuq9n6z,pusht-tokenizer,jerrychsh-ucsd/dreamer4-tokenizer/qpuq9n6z,killed,2026-05-02T02:20:46Z,,https://wandb.ai/jerrychsh-ucsd/dreamer4-tokenizer/runs/qpuq9n6z,22000,0.017377391457557678,0.00384826073423028,0.06764565408229828,,,,,24.147356033325195,0.5099408626556396,0.490325927734375,,,,,,,,,,,,,,,,0.9956430792808533,4194304,0.0001,3.9180627837446003
jerrychsh-ucsd,dreamer4-tokenizer,qpuq9n6z,pusht-tokenizer,jerrychsh-ucsd/dreamer4-tokenizer/qpuq9n6z,killed,2026-05-02T02:20:46Z,,https://wandb.ai/jerrychsh-ucsd/dreamer4-tokenizer/runs/qpuq9n6z,22100,0.014221723191440105,0.003489135531708598,0.05366293713450432,,,,,24.57282066345215,0.5507199764251709,0.4512481689453125,,,,,,,,,,,,,,,,0.9948918223381042,4194304,0.0001,3.9359573005305397
jerrychsh-ucsd,dreamer4-tokenizer,qpuq9n6z,pusht-tokenizer,jerrychsh-ucsd/dreamer4-tokenizer/qpuq9n6z,killed,2026-05-02T02:20:46Z,,https://wandb.ai/jerrychsh-ucsd/dreamer4-tokenizer/runs/qpuq9n6z,22200,0.012966027483344078,0.0026655993424355984,0.05150213837623596,,,,,25.74205207824707,0.5428081750869751,0.459136962890625,,,,,,,,,,,,,,,,0.9929602742195129,4194304,0.0001,3.9537513083881803
jerrychsh-ucsd,dreamer4-tokenizer,qpuq9n6z,pusht-tokenizer,jerrychsh-ucsd/dreamer4-tokenizer/qpuq9n6z,killed,2026-05-02T02:20:46Z,,https://wandb.ai/jerrychsh-ucsd/dreamer4-tokenizer/runs/qpuq9n6z,22300,0.012307025492191315,0.0031004264019429684,0.04603299871087074,,,,,25.085784912109375,0.5631699562072754,0.433837890625,,,,,,,,,,,,,,,,0.993927538394928,4194304,0.0001,3.971554857227537
jerrychsh-ucsd,dreamer4-tokenizer,qpuq9n6z,pusht-tokenizer,jerrychsh-ucsd/dreamer4-tokenizer/qpuq9n6z,killed,2026-05-02T02:20:46Z,,https://wandb.ai/jerrychsh-ucsd/dreamer4-tokenizer/runs/qpuq9n6z,22400,0.014944728463888168,0.0032523353584110737,0.05846196785569191,,,,,24.878047943115234,0.5253719091415405,0.4737091064453125,,,,,,,,,,,,,,,,0.9930922389030457,4194304,0.0001,3.989354344473945
jerrychsh-ucsd,dreamer4-tokenizer,qpuq9n6z,pusht-tokenizer,jerrychsh-ucsd/dreamer4-tokenizer/qpuq9n6z,killed,2026-05-02T02:20:46Z,,https://wandb.ai/jerrychsh-ucsd/dreamer4-tokenizer/runs/qpuq9n6z,22500,0.012859748676419258,0.0030927597545087337,0.048834942281246185,,,,,25.096538543701172,0.54239821434021,0.45709228515625,,,,,,,,,,,,,,,,0.9927085638046265,4194304,0.0001,4.007161580390401
jerrychsh-ucsd,dreamer4-tokenizer,qpuq9n6z,pusht-tokenizer,jerrychsh-ucsd/dreamer4-tokenizer/qpuq9n6z,killed,2026-05-02T02:20:46Z,,https://wandb.ai/jerrychsh-ucsd/dreamer4-tokenizer/runs/qpuq9n6z,22600,0.016032127663493156,0.0035099212545901537,0.06261102855205536,,,,,24.547025680541992,0.5268107652664185,0.4732818603515625,,,,,,,,,,,,,,,,0.9929223656654358,4194304,0.0001,4.025058316058582
jerrychsh-ucsd,dreamer4-tokenizer,qpuq9n6z,pusht-tokenizer,jerrychsh-ucsd/dreamer4-tokenizer/qpuq9n6z,killed,2026-05-02T02:20:46Z,,https://wandb.ai/jerrychsh-ucsd/dreamer4-tokenizer/runs/qpuq9n6z,22700,0.014162159524857998,0.0027891071513295174,0.05686526000499725,,,,,25.54534912109375,0.48773330450057983,0.513763427734375,,,,,,,,,,,,,,,,0.9943177103996277,4194304,0.0001,4.042853575282627
jerrychsh-ucsd,dreamer4-tokenizer,qpuq9n6z,pusht-tokenizer,jerrychsh-ucsd/dreamer4-tokenizer/qpuq9n6z,killed,2026-05-02T02:20:46Z,,https://wandb.ai/jerrychsh-ucsd/dreamer4-tokenizer/runs/qpuq9n6z,22800,0.013001441955566406,0.0026499347295612097,0.051757533103227615,,,,,25.767648696899414,0.5869861841201782,0.412933349609375,,,,,,,,,,,,,,,,0.994624137878418,4194304,0.0001,4.060655030210813
jerrychsh-ucsd,dreamer4-tokenizer,qpuq9n6z,pusht-tokenizer,jerrychsh-ucsd/dreamer4-tokenizer/qpuq9n6z,killed,2026-05-02T02:20:46Z,,https://wandb.ai/jerrychsh-ucsd/dreamer4-tokenizer/runs/qpuq9n6z,22900,0.01405661553144455,0.0033364356495440006,0.05360089987516403,,,,,24.76717185974121,0.586227297782898,0.414215087890625,,,,,,,,,,,,,,,,0.9879105091094971,4194304,0.0001,4.078464903169208
jerrychsh-ucsd,dreamer4-tokenizer,qpuq9n6z,pusht-tokenizer,jerrychsh-ucsd/dreamer4-tokenizer/qpuq9n6z,killed,2026-05-02T02:20:46Z,,https://wandb.ai/jerrychsh-ucsd/dreamer4-tokenizer/runs/qpuq9n6z,23000,0.016544649377465248,0.0029892839957028627,0.06777682900428772,,,,,25.24432945251465,0.5062586069107056,0.4900665283203125,,,,,,,,,,,,,,,,0.9880991578102112,4194304,0.0001,4.096267269916004
jerrychsh-ucsd,dreamer4-tokenizer,qpuq9n6z,pusht-tokenizer,jerrychsh-ucsd/dreamer4-tokenizer/qpuq9n6z,killed,2026-05-02T02:20:46Z,,https://wandb.ai/jerrychsh-ucsd/dreamer4-tokenizer/runs/qpuq9n6z,23100,0.013557156547904015,0.0028995932079851627,0.0532878115773201,,,,,25.376628875732422,0.5971541404724121,0.4034423828125,,,,,,,,,,,,,,,,0.9882338643074036,4194304,0.0001,4.114177735779021
jerrychsh-ucsd,dreamer4-tokenizer,qpuq9n6z,pusht-tokenizer,jerrychsh-ucsd/dreamer4-tokenizer/qpuq9n6z,killed,2026-05-02T02:20:46Z,,https://wandb.ai/jerrychsh-ucsd/dreamer4-tokenizer/runs/qpuq9n6z,23200,0.0121474489569664,0.0028391084633767605,0.04654169827699661,,,,,25.46817970275879,0.5941542983055115,0.4044189453125,,,,,,,,,,,,,,,,0.9938806891441345,4194304,0.0001,4.13198098189301
jerrychsh-ucsd,dreamer4-tokenizer,qpuq9n6z,pusht-tokenizer,jerrychsh-ucsd/dreamer4-tokenizer/qpuq9n6z,killed,2026-05-02T02:20:46Z,,https://wandb.ai/jerrychsh-ucsd/dreamer4-tokenizer/runs/qpuq9n6z,23300,0.015435179695487022,0.003010039683431387,0.06212569773197174,,,,,25.214279174804688,0.5183285474777222,0.4828948974609375,,,,,,,,,,,,,,,,0.9917768239974976,4194304,0.0001,4.149787427054511
jerrychsh-ucsd,dreamer4-tokenizer,qpuq9n6z,pusht-tokenizer,jerrychsh-ucsd/dreamer4-tokenizer/qpuq9n6z,killed,2026-05-02T02:20:46Z,,https://wandb.ai/jerrychsh-ucsd/dreamer4-tokenizer/runs/qpuq9n6z,23400,0.012340560555458069,0.0029082531109452248,0.0471615344285965,,,,,25.363677978515625,0.5525964498519897,0.4464111328125,,,,,,,,,,,,,,,,0.9934911727905273,4194304,0.0001,4.167594800326559
jerrychsh-ucsd,dreamer4-tokenizer,qpuq9n6z,pusht-tokenizer,jerrychsh-ucsd/dreamer4-tokenizer/qpuq9n6z,killed,2026-05-02T02:20:46Z,,https://wandb.ai/jerrychsh-ucsd/dreamer4-tokenizer/runs/qpuq9n6z,23500,0.01349575538188219,0.0024719659704715014,0.055118948221206665,,,,,26.0695743560791,0.5288617610931396,0.4704742431640625,,,,,,,,,,,,,,,,0.9910723567008972,4194304,0.0001,4.185402048759991
jerrychsh-ucsd,dreamer4-tokenizer,qpuq9n6z,pusht-tokenizer,jerrychsh-ucsd/dreamer4-tokenizer/qpuq9n6z,killed,2026-05-02T02:20:46Z,,https://wandb.ai/jerrychsh-ucsd/dreamer4-tokenizer/runs/qpuq9n6z,23600,0.013825537636876106,0.003149664495140314,0.0533793643116951,,,,,25.017356872558594,0.5762495398521423,0.425018310546875,,,,,,,,,,,,,,,,0.9907816052436829,4194304,0.0001,4.203297032117844
jerrychsh-ucsd,dreamer4-tokenizer,qpuq9n6z,pusht-tokenizer,jerrychsh-ucsd/dreamer4-tokenizer/qpuq9n6z,killed,2026-05-02T02:20:46Z,,https://wandb.ai/jerrychsh-ucsd/dreamer4-tokenizer/runs/qpuq9n6z,23700,0.014718202874064445,0.0028796731494367123,0.05919265002012253,,,,,25.40656852722168,0.5413422584533691,0.45654296875,,,,,,,,,,,,,,,,0.9944135546684265,4194304,0.0001,4.221098083323903
jerrychsh-ucsd,dreamer4-tokenizer,qpuq9n6z,pusht-tokenizer,jerrychsh-ucsd/dreamer4-tokenizer/qpuq9n6z,killed,2026-05-02T02:20:46Z,,https://wandb.ai/jerrychsh-ucsd/dreamer4-tokenizer/runs/qpuq9n6z,23800,0.012809427455067635,0.002940730657428503,0.04934348165988922,,,,,25.315448760986328,0.5195685625076294,0.47918701171875,,,,,,,,,,,,,,,,0.9946274757385254,8388608,0.0001,4.238904897305701
jerrychsh-ucsd,dreamer4-tokenizer,qpuq9n6z,pusht-tokenizer,jerrychsh-ucsd/dreamer4-tokenizer/qpuq9n6z,killed,2026-05-02T02:20:46Z,,https://wandb.ai/jerrychsh-ucsd/dreamer4-tokenizer/runs/qpuq9n6z,23900,0.01093156635761261,0.0026855121832340956,0.04123026877641678,,,,,25.709728240966797,0.5573602914810181,0.44219970703125,,,,,,,,,,,,,,,,0.9918394684791565,8388608,0.0001,4.256707752611902
jerrychsh-ucsd,dreamer4-tokenizer,qpuq9n6z,pusht-tokenizer,jerrychsh-ucsd/dreamer4-tokenizer/qpuq9n6z,killed,2026-05-02T02:20:46Z,,https://wandb.ai/jerrychsh-ucsd/dreamer4-tokenizer/runs/qpuq9n6z,24000,0.013337977230548859,0.0032355235889554024,0.05051226541399956,,,,,24.90055274963379,0.574631929397583,0.4268951416015625,,,,,,,,,,,,,,,,0.9924057722091675,8388608,0.0001,4.274522989855872
jerrychsh-ucsd,dreamer4-tokenizer,qpuq9n6z,pusht-tokenizer,jerrychsh-ucsd/dreamer4-tokenizer/qpuq9n6z,killed,2026-05-02T02:20:46Z,,https://wandb.ai/jerrychsh-ucsd/dreamer4-tokenizer/runs/qpuq9n6z,24100,0.01382134947925806,0.003300556680187583,0.052603960037231445,,,,,24.814128875732422,0.5193279981613159,0.482086181640625,,,,,,,,,,,,,,,,0.994778037071228,8388608,0.0001,4.292429839836227
jerrychsh-ucsd,dreamer4-tokenizer,qpuq9n6z,pusht-tokenizer,jerrychsh-ucsd/dreamer4-tokenizer/qpuq9n6z,killed,2026-05-02T02:20:46Z,,https://wandb.ai/jerrychsh-ucsd/dreamer4-tokenizer/runs/qpuq9n6z,24200,0.012512831948697567,0.0026748329401016235,0.04918999224901199,,,,,25.727033615112305,0.5499132871627808,0.4517669677734375,,,,,,,,,,,,,,,,0.9927533268928528,8388608,0.0001,4.310232558581564
jerrychsh-ucsd,dreamer4-tokenizer,qpuq9n6z,pusht-tokenizer,jerrychsh-ucsd/dreamer4-tokenizer/qpuq9n6z,killed,2026-05-02T02:20:46Z,,https://wandb.ai/jerrychsh-ucsd/dreamer4-tokenizer/runs/qpuq9n6z,24300,0.008544466458261013,0.0026490730233490467,0.029476966708898544,,,,,25.769062042236328,0.6267958879470825,0.3728790283203125,,,,,,,,,,,,,,,,0.9953984022140503,8388608,0.0001,4.328035726745924
jerrychsh-ucsd,dreamer4-tokenizer,qpuq9n6z,pusht-tokenizer,jerrychsh-ucsd/dreamer4-tokenizer/qpuq9n6z,killed,2026-05-02T02:20:46Z,,https://wandb.ai/jerrychsh-ucsd/dreamer4-tokenizer/runs/qpuq9n6z,24400,0.014725234359502792,0.0026365697849541903,0.060443323105573654,,,,,25.789608001708984,0.561455488204956,0.4368133544921875,,,,,,,,,,,,,,,,0.993642270565033,8388608,0.0001,4.3458444694677985
jerrychsh-ucsd,dreamer4-tokenizer,qpuq9n6z,pusht-tokenizer,jerrychsh-ucsd/dreamer4-tokenizer/qpuq9n6z,killed,2026-05-02T02:20:46Z,,https://wandb.ai/jerrychsh-ucsd/dreamer4-tokenizer/runs/qpuq9n6z,24500,0.013457173481583595,0.0029334495775401592,0.052618615329265594,,,,,25.326213836669922,0.5733898878097534,0.4257965087890625,,,,,,,,,,,,,,,,0.9940217733383179,8388608,0.0001,4.363652791976929
jerrychsh-ucsd,dreamer4-tokenizer,qpuq9n6z,pusht-tokenizer,jerrychsh-ucsd/dreamer4-tokenizer/qpuq9n6z,killed,2026-05-02T02:20:46Z,,https://wandb.ai/jerrychsh-ucsd/dreamer4-tokenizer/runs/qpuq9n6z,24600,0.012353288009762764,0.003118115710094571,0.04617585986852646,,,,,25.061077117919922,0.587504506111145,0.4103851318359375,,,,,,,,,,,,,,,,0.9946677684783936,8388608,0.0001,4.381566231913037
jerrychsh-ucsd,dreamer4-tokenizer,qpuq9n6z,pusht-tokenizer,jerrychsh-ucsd/dreamer4-tokenizer/qpuq9n6z,killed,2026-05-02T02:20:46Z,,https://wandb.ai/jerrychsh-ucsd/dreamer4-tokenizer/runs/qpuq9n6z,24700,0.011747052893042564,0.0027967779897153378,0.044751375913619995,,,,,25.53342056274414,0.5538260340690613,0.445587158203125,,,,,,,,,,,,,,,,0.9926184415817261,8388608,0.0001,4.399391916129324
jerrychsh-ucsd,dreamer4-tokenizer,qpuq9n6z,pusht-tokenizer,jerrychsh-ucsd/dreamer4-tokenizer/qpuq9n6z,killed,2026-05-02T02:20:46Z,,https://wandb.ai/jerrychsh-ucsd/dreamer4-tokenizer/runs/qpuq9n6z,24800,0.010970992036163807,0.0024225281085819006,0.04274231940507889,,,,,26.157312393188477,0.5297003984451294,0.47003173828125,,,,,,,,,,,,,,,,0.9929729700088501,8388608,0.0001,4.417199799749587
jerrychsh-ucsd,dreamer4-tokenizer,qpuq9n6z,pusht-tokenizer,jerrychsh-ucsd/dreamer4-tokenizer/qpuq9n6z,killed,2026-05-02T02:20:46Z,,https://wandb.ai/jerrychsh-ucsd/dreamer4-tokenizer/runs/qpuq9n6z,24900,0.013531864620745182,0.0032283945474773645,0.05151735246181488,,,,,24.91013526916504,0.5331146717071533,0.4658966064453125,,,,,,,,,,,,,,,,0.9908249974250793,8388608,0.0001,4.4350203947888485
jerrychsh-ucsd,dreamer4-tokenizer,qpuq9n6z,pusht-tokenizer,jerrychsh-ucsd/dreamer4-tokenizer/qpuq9n6z,killed,2026-05-02T02:20:46Z,,https://wandb.ai/jerrychsh-ucsd/dreamer4-tokenizer/runs/qpuq9n6z,25000,0.014207834377884865,0.0025429599918425083,0.05832437425851822,,,,,25.946605682373047,0.5566973686218262,0.4425811767578125,,,,,,,,,,,,,,,,0.989047646522522,8388608,0.0001,4.452835700180795
jerrychsh-ucsd,dreamer4-tokenizer,qpuq9n6z,pusht-tokenizer,jerrychsh-ucsd/dreamer4-tokenizer/qpuq9n6z,killed,2026-05-02T02:20:46Z,,https://wandb.ai/jerrychsh-ucsd/dreamer4-tokenizer/runs/qpuq9n6z,25100,0.010381585918366909,0.0024688439443707466,0.03956370800733566,,,,,26.07506561279297,0.5739904642105103,0.426361083984375,,,,,,,,,,,,,,,,0.9948685765266418,8388608,0.0001,4.470826946563191
jerrychsh-ucsd,dreamer4-tokenizer,qpuq9n6z,pusht-tokenizer,jerrychsh-ucsd/dreamer4-tokenizer/qpuq9n6z,killed,2026-05-02T02:20:46Z,,https://wandb.ai/jerrychsh-ucsd/dreamer4-tokenizer/runs/qpuq9n6z,25200,0.014621231704950333,0.0026170588098466396,0.06002086028456688,,,,,25.82186508178711,0.5262738466262817,0.4752960205078125,,,,,,,,,,,,,,,,0.9933260679244995,8388608,0.0001,4.488630339039696
jerrychsh-ucsd,dreamer4-tokenizer,qpuq9n6z,pusht-tokenizer,jerrychsh-ucsd/dreamer4-tokenizer/qpuq9n6z,killed,2026-05-02T02:20:46Z,,https://wandb.ai/jerrychsh-ucsd/dreamer4-tokenizer/runs/qpuq9n6z,25300,0.010529467836022377,0.002339522587135434,0.04094972833991051,,,,,26.308727264404297,0.534213662147522,0.4670562744140625,,,,,,,,,,,,,,,,0.9930329322814941,8388608,0.0001,4.506446342402034
jerrychsh-ucsd,dreamer4-tokenizer,qpuq9n6z,pusht-tokenizer,jerrychsh-ucsd/dreamer4-tokenizer/qpuq9n6z,killed,2026-05-02T02:20:46Z,,https://wandb.ai/jerrychsh-ucsd/dreamer4-tokenizer/runs/qpuq9n6z,25400,0.010860566981136799,0.002773839980363846,0.04043363407254219,,,,,25.56918716430664,0.5411196947097778,0.4599609375,,,,,,,,,,,,,,,,0.9951713681221008,8388608,0.0001,4.524259350697199
jerrychsh-ucsd,dreamer4-tokenizer,qpuq9n6z,pusht-tokenizer,jerrychsh-ucsd/dreamer4-tokenizer/qpuq9n6z,killed,2026-05-02T02:20:46Z,,https://wandb.ai/jerrychsh-ucsd/dreamer4-tokenizer/runs/qpuq9n6z,25500,0.012540724128484726,0.0029399069026112556,0.04800408333539963,,,,,25.316665649414062,0.5591023564338684,0.442596435546875,,,,,,,,,,,,,,,,0.9925006031990051,8388608,0.0001,4.542077014843623
jerrychsh-ucsd,dreamer4-tokenizer,qpuq9n6z,pusht-tokenizer,jerrychsh-ucsd/dreamer4-tokenizer/qpuq9n6z,killed,2026-05-02T02:20:46Z,,https://wandb.ai/jerrychsh-ucsd/dreamer4-tokenizer/runs/qpuq9n6z,25600,0.014851788058876991,0.0025623387191444635,0.06144724786281586,,,,,25.913637161254883,0.517484188079834,0.4817657470703125,,,,,,,,,,,,,,,,0.9945480823516846,8388608,0.0001,4.559983259307014
jerrychsh-ucsd,dreamer4-tokenizer,qpuq9n6z,pusht-tokenizer,jerrychsh-ucsd/dreamer4-tokenizer/qpuq9n6z,killed,2026-05-02T02:20:46Z,,https://wandb.ai/jerrychsh-ucsd/dreamer4-tokenizer/runs/qpuq9n6z,25700,0.010586743243038654,0.0026156825479120016,0.03985530138015747,,,,,25.82415008544922,0.5932468175888062,0.4060516357421875,,,,,,,,,,,,,,,,0.9939740300178528,8388608,0.0001,4.577801539897918
jerrychsh-ucsd,dreamer4-tokenizer,qpuq9n6z,pusht-tokenizer,jerrychsh-ucsd/dreamer4-tokenizer/qpuq9n6z,killed,2026-05-02T02:20:46Z,,https://wandb.ai/jerrychsh-ucsd/dreamer4-tokenizer/runs/qpuq9n6z,25800,0.013291589915752411,0.0027141612954437733,0.052887141704559326,,,,,25.66364288330078,0.5626443028450012,0.4368896484375,,,,,,,,,,,,,,,,0.9927123188972473,8388608,0.0001,4.5956213246451485
jerrychsh-ucsd,dreamer4-tokenizer,qpuq9n6z,pusht-tokenizer,jerrychsh-ucsd/dreamer4-tokenizer/qpuq9n6z,killed,2026-05-02T02:20:46Z,,https://wandb.ai/jerrychsh-ucsd/dreamer4-tokenizer/runs/qpuq9n6z,25900,0.013179001398384571,0.0032269563525915146,0.04976022243499756,,,,,24.912071228027344,0.5359514355659485,0.4653472900390625,,,,,,,,,,,,,,,,0.9943934679031372,8388608,0.0001,4.613435438738929
jerrychsh-ucsd,dreamer4-tokenizer,qpuq9n6z,pusht-tokenizer,jerrychsh-ucsd/dreamer4-tokenizer/qpuq9n6z,killed,2026-05-02T02:20:46Z,,https://wandb.ai/jerrychsh-ucsd/dreamer4-tokenizer/runs/qpuq9n6z,26000,0.01789718121290207,0.003817720105871558,0.07039730250835419,,,,,24.18195915222168,0.5518510341644287,0.4470367431640625,,,,,,,,,,,,,,,,0.9903518557548523,8388608,0.0001,4.631247661577331
jerrychsh-ucsd,dreamer4-tokenizer,qpuq9n6z,pusht-tokenizer,jerrychsh-ucsd/dreamer4-tokenizer/qpuq9n6z,killed,2026-05-02T02:20:46Z,,https://wandb.ai/jerrychsh-ucsd/dreamer4-tokenizer/runs/qpuq9n6z,26100,0.012516903690993786,0.0030939204152673483,0.047114916145801544,,,,,25.094907760620117,0.5586484670639038,0.440399169921875,,,,,,,,,,,,,,,,0.9879459142684937,8388608,0.0001,4.649165196484989
jerrychsh-ucsd,dreamer4-tokenizer,qpuq9n6z,pusht-tokenizer,jerrychsh-ucsd/dreamer4-tokenizer/qpuq9n6z,killed,2026-05-02T02:20:46Z,,https://wandb.ai/jerrychsh-ucsd/dreamer4-tokenizer/runs/qpuq9n6z,26200,0.015024390071630478,0.002772102365270257,0.061261437833309174,,,,,25.571908950805664,0.5088813304901123,0.489471435546875,,,,,,,,,,,,,,,,0.9941439032554626,8388608,0.0001,4.666981671121385
jerrychsh-ucsd,dreamer4-tokenizer,qpuq9n6z,pusht-tokenizer,jerrychsh-ucsd/dreamer4-tokenizer/qpuq9n6z,killed,2026-05-02T02:20:46Z,,https://wandb.ai/jerrychsh-ucsd/dreamer4-tokenizer/runs/qpuq9n6z,26300,0.012560163624584675,0.0027110809460282326,0.04924541339278221,,,,,25.668575286865234,0.5973009467124939,0.402130126953125,,,,,,,,,,,,,,,,0.9911479353904724,8388608,0.0001,4.684841220577558
jerrychsh-ucsd,dreamer4-tokenizer,qpuq9n6z,pusht-tokenizer,jerrychsh-ucsd/dreamer4-tokenizer/qpuq9n6z,killed,2026-05-02T02:20:46Z,,https://wandb.ai/jerrychsh-ucsd/dreamer4-tokenizer/runs/qpuq9n6z,26400,0.01385625172406435,0.0029238564893603325,0.05466197431087494,,,,,25.34044075012207,0.5470033884048462,0.4507293701171875,,,,,,,,,,,,,,,,0.9921112060546875,8388608,0.0001,4.702658297949367
jerrychsh-ucsd,dreamer4-tokenizer,qpuq9n6z,pusht-tokenizer,jerrychsh-ucsd/dreamer4-tokenizer/qpuq9n6z,killed,2026-05-02T02:20:46Z,,https://wandb.ai/jerrychsh-ucsd/dreamer4-tokenizer/runs/qpuq9n6z,26500,0.012937908992171288,0.0022987048141658306,0.0531960166990757,,,,,26.385169982910156,0.5136692523956299,0.4862213134765625,,,,,,,,,,,,,,,,0.9937076568603516,8388608,0.0001,4.720463808576266
jerrychsh-ucsd,dreamer4-tokenizer,qpuq9n6z,pusht-tokenizer,jerrychsh-ucsd/dreamer4-tokenizer/qpuq9n6z,killed,2026-05-02T02:20:46Z,,https://wandb.ai/jerrychsh-ucsd/dreamer4-tokenizer/runs/qpuq9n6z,26600,0.011163288727402687,0.0029561836272478104,0.041035525500774384,,,,,25.292686462402344,0.5563719272613525,0.4433746337890625,,,,,,,,,,,,,,,,0.991614580154419,8388608,0.0001,4.738371326393551
jerrychsh-ucsd,dreamer4-tokenizer,qpuq9n6z,pusht-tokenizer,jerrychsh-ucsd/dreamer4-tokenizer/qpuq9n6z,killed,2026-05-02T02:20:46Z,,https://wandb.ai/jerrychsh-ucsd/dreamer4-tokenizer/runs/qpuq9n6z,26700,0.01629260741174221,0.0028966113459318876,0.06697998195886612,,,,,25.3810977935791,0.49576133489608765,0.5030975341796875,,,,,,,,,,,,,,,,0.9921638369560242,8388608,0.0001,4.7561697269148295
jerrychsh-ucsd,dreamer4-tokenizer,qpuq9n6z,pusht-tokenizer,jerrychsh-ucsd/dreamer4-tokenizer/qpuq9n6z,killed,2026-05-02T02:20:46Z,,https://wandb.ai/jerrychsh-ucsd/dreamer4-tokenizer/runs/qpuq9n6z,26800,0.013193140737712383,0.0030111579690128565,0.05090991407632828,,,,,25.212665557861328,0.5438206195831299,0.4534149169921875,,,,,,,,,,,,,,,,0.9904031157493591,8388608,0.0001,4.773986769252353
jerrychsh-ucsd,dreamer4-tokenizer,qpuq9n6z,pusht-tokenizer,jerrychsh-ucsd/dreamer4-tokenizer/qpuq9n6z,killed,2026-05-02T02:20:46Z,,https://wandb.ai/jerrychsh-ucsd/dreamer4-tokenizer/runs/qpuq9n6z,26900,0.01251557283103466,0.0028229751624166965,0.04846298694610596,,,,,25.492931365966797,0.5412934422492981,0.458740234375,,,,,,,,,,,,,,,,0.9918469190597534,8388608,0.0001,4.79181225127644
jerrychsh-ucsd,dreamer4-tokenizer,qpuq9n6z,pusht-tokenizer,jerrychsh-ucsd/dreamer4-tokenizer/qpuq9n6z,killed,2026-05-02T02:20:46Z,,https://wandb.ai/jerrychsh-ucsd/dreamer4-tokenizer/runs/qpuq9n6z,27000,0.011425778269767761,0.0020126253366470337,0.04706576466560364,,,,,26.962371826171875,0.5384852886199951,0.4600830078125,,,,,,,,,,,,,,,,0.9932787418365479,8388608,0.0001,4.809625141951773
jerrychsh-ucsd,dreamer4-tokenizer,qpuq9n6z,pusht-tokenizer,jerrychsh-ucsd/dreamer4-tokenizer/qpuq9n6z,killed,2026-05-02T02:20:46Z,,https://wandb.ai/jerrychsh-ucsd/dreamer4-tokenizer/runs/qpuq9n6z,27100,0.012200424447655678,0.00279326643794775,0.047035787254571915,,,,,25.53887939453125,0.5265648365020752,0.47320556640625,,,,,,,,,,,,,,,,0.9935197830200195,8388608,0.0001,4.827535103228357
jerrychsh-ucsd,dreamer4-tokenizer,qpuq9n6z,pusht-tokenizer,jerrychsh-ucsd/dreamer4-tokenizer/qpuq9n6z,killed,2026-05-02T02:20:46Z,,https://wandb.ai/jerrychsh-ucsd/dreamer4-tokenizer/runs/qpuq9n6z,27200,0.011924397200345993,0.002582977060228586,0.04670709744095802,,,,,25.878795623779297,0.5988469123840332,0.4008331298828125,,,,,,,,,,,,,,,,0.9850747585296631,8388608,0.0001,4.8453570655319425
jerrychsh-ucsd,dreamer4-tokenizer,qpuq9n6z,pusht-tokenizer,jerrychsh-ucsd/dreamer4-tokenizer/qpuq9n6z,killed,2026-05-02T02:20:46Z,,https://wandb.ai/jerrychsh-ucsd/dreamer4-tokenizer/runs/qpuq9n6z,27300,0.011348668485879898,0.0025556101463735104,0.04396529123187065,,,,,25.9250545501709,0.5083425045013428,0.49041748046875,,,,,,,,,,,,,,,,0.9936138391494751,8388608,0.0001,4.863182381325298
jerrychsh-ucsd,dreamer4-tokenizer,qpuq9n6z,pusht-tokenizer,jerrychsh-ucsd/dreamer4-tokenizer/qpuq9n6z,killed,2026-05-02T02:20:46Z,,https://wandb.ai/jerrychsh-ucsd/dreamer4-tokenizer/runs/qpuq9n6z,27400,0.010454446077346802,0.0026203468441963196,0.03917049616575241,,,,,25.8164119720459,0.6171318888664246,0.3812713623046875,,,,,,,,,,,,,,,,0.994930624961853,8388608,0.0001,4.881002086665895
jerrychsh-ucsd,dreamer4-tokenizer,qpuq9n6z,pusht-tokenizer,jerrychsh-ucsd/dreamer4-tokenizer/qpuq9n6z,killed,2026-05-02T02:20:46Z,,https://wandb.ai/jerrychsh-ucsd/dreamer4-tokenizer/runs/qpuq9n6z,27500,0.012089104391634464,0.002613602438941598,0.047377511858940125,,,,,25.827606201171875,0.5149270296096802,0.4860992431640625,,,,,,,,,,,,,,,,0.9933202862739563,8388608,0.0001,4.898814375268088
jerrychsh-ucsd,dreamer4-tokenizer,qpuq9n6z,pusht-tokenizer,jerrychsh-ucsd/dreamer4-tokenizer/qpuq9n6z,killed,2026-05-02T02:20:46Z,,https://wandb.ai/jerrychsh-ucsd/dreamer4-tokenizer/runs/qpuq9n6z,27600,0.010988111607730389,0.002899375045672059,0.04044368118047714,,,,,25.376956939697266,0.6152589917182922,0.3876190185546875,,,,,,,,,,,,,,,,0.9920877814292908,8388608,0.0001,4.916714013285107
jerrychsh-ucsd,dreamer4-tokenizer,qpuq9n6z,pusht-tokenizer,jerrychsh-ucsd/dreamer4-tokenizer/qpuq9n6z,killed,2026-05-02T02:20:46Z,,https://wandb.ai/jerrychsh-ucsd/dreamer4-tokenizer/runs/qpuq9n6z,27700,0.011911776848137379,0.0026729628443717957,0.04619406908750534,,,,,25.730072021484375,0.5290480852127075,0.4723968505859375,,,,,,,,,,,,,,,,0.9934860467910767,8388608,0.0001,4.934515742990706
jerrychsh-ucsd,dreamer4-tokenizer,qpuq9n6z,pusht-tokenizer,jerrychsh-ucsd/dreamer4-tokenizer/qpuq9n6z,killed,2026-05-02T02:20:46Z,,https://wandb.ai/jerrychsh-ucsd/dreamer4-tokenizer/runs/qpuq9n6z,27800,0.011470332741737366,0.002536737360060215,0.04466797783970833,,,,,25.957244873046875,0.5801570415496826,0.42138671875,,,,,,,,,,,,,,,,0.991123378276825,8388608,0.0001,4.952307560510105
jerrychsh-ucsd,dreamer4-tokenizer,qpuq9n6z,pusht-tokenizer,jerrychsh-ucsd/dreamer4-tokenizer/qpuq9n6z,killed,2026-05-02T02:20:46Z,,https://wandb.ai/jerrychsh-ucsd/dreamer4-tokenizer/runs/qpuq9n6z,27900,0.009900663048028946,0.0019860200118273497,0.03957321494817734,,,,,27.020164489746094,0.5601304173469543,0.436920166015625,,,,,,,,,,,,,,,,0.9908146262168884,8388608,0.0001,4.970107409887843
jerrychsh-ucsd,dreamer4-tokenizer,qpuq9n6z,pusht-tokenizer,jerrychsh-ucsd/dreamer4-tokenizer/qpuq9n6z,killed,2026-05-02T02:20:46Z,,https://wandb.ai/jerrychsh-ucsd/dreamer4-tokenizer/runs/qpuq9n6z,28000,0.01589212939143181,0.0031827993225306273,0.06354665011167526,,,,,24.971908569335938,0.5240851640701294,0.47613525390625,,,,,,,,,,,,,,,,0.9852675795555115,8388608,0.0001,4.987910058961974
jerrychsh-ucsd,dreamer4-tokenizer,qpuq9n6z,pusht-tokenizer,jerrychsh-ucsd/dreamer4-tokenizer/qpuq9n6z,killed,2026-05-02T02:20:46Z,,https://wandb.ai/jerrychsh-ucsd/dreamer4-tokenizer/runs/qpuq9n6z,28100,0.011943090707063675,0.002678129356354475,0.04632480442523956,,,,,25.7216854095459,0.5836426019668579,0.4165191650390625,,,,,,,,,,,,,,,,0.9925410151481628,8388608,0.0001,5.005807835525936
jerrychsh-ucsd,dreamer4-tokenizer,qpuq9n6z,pusht-tokenizer,jerrychsh-ucsd/dreamer4-tokenizer/qpuq9n6z,killed,2026-05-02T02:20:46Z,,https://wandb.ai/jerrychsh-ucsd/dreamer4-tokenizer/runs/qpuq9n6z,28200,0.012055398896336555,0.002203489188104868,0.049259550869464874,,,,,26.568889617919922,0.49756646156311035,0.503387451171875,,,,,,,,,,,,,,,,0.9936438202857971,8388608,0.0001,5.023609791729186
jerrychsh-ucsd,dreamer4-tokenizer,qpuq9n6z,pusht-tokenizer,jerrychsh-ucsd/dreamer4-tokenizer/qpuq9n6z,killed,2026-05-02T02:20:46Z,,https://wandb.ai/jerrychsh-ucsd/dreamer4-tokenizer/runs/qpuq9n6z,28300,0.014134511351585388,0.002875932725146413,0.05629289522767067,,,,,25.412214279174805,0.5586587190628052,0.44091796875,,,,,,,,,,,,,,,,0.9909964203834534,8388608,0.0001,5.041422170466847
jerrychsh-ucsd,dreamer4-tokenizer,qpuq9n6z,pusht-tokenizer,jerrychsh-ucsd/dreamer4-tokenizer/qpuq9n6z,killed,2026-05-02T02:20:46Z,,https://wandb.ai/jerrychsh-ucsd/dreamer4-tokenizer/runs/qpuq9n6z,28400,0.016769658774137497,0.0029018819332122803,0.06933888792991638,,,,,25.37320327758789,0.5453532338142395,0.453369140625,,,,,,,,,,,,,,,,0.9927005171775818,8388608,0.0001,5.059230111440023
jerrychsh-ucsd,dreamer4-tokenizer,qpuq9n6z,pusht-tokenizer,jerrychsh-ucsd/dreamer4-tokenizer/qpuq9n6z,killed,2026-05-02T02:20:46Z,,https://wandb.ai/jerrychsh-ucsd/dreamer4-tokenizer/runs/qpuq9n6z,28500,0.011866784654557705,0.0026500860694795847,0.046083495020866394,,,,,25.76740074157715,0.5680851936340332,0.4303436279296875,,,,,,,,,,,,,,,,0.9900492429733276,8388608,0.0001,5.077036830981572
jerrychsh-ucsd,dreamer4-tokenizer,qpuq9n6z,pusht-tokenizer,jerrychsh-ucsd/dreamer4-tokenizer/qpuq9n6z,killed,2026-05-02T02:20:46Z,,https://wandb.ai/jerrychsh-ucsd/dreamer4-tokenizer/runs/qpuq9n6z,28600,0.010176933370530605,0.0020947435405105352,0.04041094705462456,,,,,26.788692474365234,0.5661038160324097,0.4342803955078125,,,,,,,,,,,,,,,,0.9937328100204468,8388608,0.0001,5.094929631882244
jerrychsh-ucsd,dreamer4-tokenizer,qpuq9n6z,pusht-tokenizer,jerrychsh-ucsd/dreamer4-tokenizer/qpuq9n6z,killed,2026-05-02T02:20:46Z,,https://wandb.ai/jerrychsh-ucsd/dreamer4-tokenizer/runs/qpuq9n6z,28700,0.013052095659077168,0.0032500196248292923,0.04901038110256195,,,,,24.881141662597656,0.6076939105987549,0.3930511474609375,,,,,,,,,,,,,,,,0.9904798865318298,8388608,0.0001,5.112732008232011
jerrychsh-ucsd,dreamer4-tokenizer,qpuq9n6z,pusht-tokenizer,jerrychsh-ucsd/dreamer4-tokenizer/qpuq9n6z,killed,2026-05-02T02:20:46Z,,https://wandb.ai/jerrychsh-ucsd/dreamer4-tokenizer/runs/qpuq9n6z,28800,0.01430272776633501,0.0027586808428168297,0.057720232754945755,,,,,25.592985153198242,0.5173947215080261,0.482208251953125,,,,,,,,,,,,,,,,0.989153265953064,8388608,0.0001,5.130530952480104
jerrychsh-ucsd,dreamer4-tokenizer,qpuq9n6z,pusht-tokenizer,jerrychsh-ucsd/dreamer4-tokenizer/qpuq9n6z,killed,2026-05-02T02:20:46Z,,https://wandb.ai/jerrychsh-ucsd/dreamer4-tokenizer/runs/qpuq9n6z,28900,0.012338939122855663,0.0024580068420618773,0.04940465837717056,,,,,26.09416961669922,0.5906887054443359,0.410797119140625,,,,,,,,,,,,,,,,0.9933840036392212,8388608,0.0001,5.148341156972779
jerrychsh-ucsd,dreamer4-tokenizer,qpuq9n6z,pusht-tokenizer,jerrychsh-ucsd/dreamer4-tokenizer/qpuq9n6z,killed,2026-05-02T02:20:46Z,,https://wandb.ai/jerrychsh-ucsd/dreamer4-tokenizer/runs/qpuq9n6z,29000,0.011075591668486595,0.0023315385915338993,0.043720267713069916,,,,,26.32357406616211,0.526870608329773,0.4733734130859375,,,,,,,,,,,,,,,,0.9896488785743713,8388608,0.0001,5.166140138904254
jerrychsh-ucsd,dreamer4-tokenizer,qpuq9n6z,pusht-tokenizer,jerrychsh-ucsd/dreamer4-tokenizer/qpuq9n6z,killed,2026-05-02T02:20:46Z,,https://wandb.ai/jerrychsh-ucsd/dreamer4-tokenizer/runs/qpuq9n6z,29100,0.00908427033573389,0.0018553665140643716,0.03614451736211777,,,,,27.315702438354492,0.5137907266616821,0.48443603515625,,,,,,,,,,,,,,,,0.9929757714271545,8388608,0.0001,5.184029954208268
jerrychsh-ucsd,dreamer4-tokenizer,qpuq9n6z,pusht-tokenizer,jerrychsh-ucsd/dreamer4-tokenizer/qpuq9n6z,killed,2026-05-02T02:20:46Z,,https://wandb.ai/jerrychsh-ucsd/dreamer4-tokenizer/runs/qpuq9n6z,29200,0.009425180032849312,0.0022459032479673624,0.035896383225917816,,,,,26.48609161376953,0.5675464868545532,0.4336700439453125,,,,,,,,,,,,,,,,0.9924872517585754,8388608,0.0001,5.201835548943944
jerrychsh-ucsd,dreamer4-tokenizer,qpuq9n6z,pusht-tokenizer,jerrychsh-ucsd/dreamer4-tokenizer/qpuq9n6z,killed,2026-05-02T02:20:46Z,,https://wandb.ai/jerrychsh-ucsd/dreamer4-tokenizer/runs/qpuq9n6z,29300,0.013416162692010403,0.0027276768814772367,0.05344242602586746,,,,,25.642070770263672,0.4730788469314575,0.52886962890625,,,,,,,,,,,,,,,,0.9927016496658325,8388608,0.0001,5.219661150044865
jerrychsh-ucsd,dreamer4-tokenizer,qpuq9n6z,pusht-tokenizer,jerrychsh-ucsd/dreamer4-tokenizer/qpuq9n6z,killed,2026-05-02T02:20:46Z,,https://wandb.ai/jerrychsh-ucsd/dreamer4-tokenizer/runs/qpuq9n6z,29400,0.009403092786669731,0.0024055768735706806,0.03498757630586624,,,,,26.187808990478516,0.6250823140144348,0.3735198974609375,,,,,,,,,,,,,,,,0.9914357662200928,8388608,0.0001,5.237461434072919
jerrychsh-ucsd,dreamer4-tokenizer,qpuq9n6z,pusht-tokenizer,jerrychsh-ucsd/dreamer4-tokenizer/qpuq9n6z,killed,2026-05-02T02:20:46Z,,https://wandb.ai/jerrychsh-ucsd/dreamer4-tokenizer/runs/qpuq9n6z,29500,0.013718370348215103,0.002856422681361437,0.05430973693728447,,,,,25.441776275634766,0.5139567255973816,0.4870452880859375,,,,,,,,,,,,,,,,0.9919365644454956,8388608,0.0001,5.25526640203264
jerrychsh-ucsd,dreamer4-tokenizer,qpuq9n6z,pusht-tokenizer,jerrychsh-ucsd/dreamer4-tokenizer/qpuq9n6z,killed,2026-05-02T02:20:46Z,,https://wandb.ai/jerrychsh-ucsd/dreamer4-tokenizer/runs/qpuq9n6z,29600,0.013694784604012966,0.002478568581864238,0.056081078946590424,,,,,26.0579891204834,0.5178005695343018,0.482818603515625,,,,,,,,,,,,,,,,0.9891533255577087,8388608,0.0001,5.273160949879222
jerrychsh-ucsd,dreamer4-tokenizer,qpuq9n6z,pusht-tokenizer,jerrychsh-ucsd/dreamer4-tokenizer/qpuq9n6z,killed,2026-05-02T02:20:46Z,,https://wandb.ai/jerrychsh-ucsd/dreamer4-tokenizer/runs/qpuq9n6z,29700,0.012332114391028881,0.0025792978703975677,0.04876407980918884,,,,,25.884986877441406,0.5674251317977905,0.432037353515625,,,,,,,,,,,,,,,,0.9933730959892273,8388608,0.0001,5.290973267621464
jerrychsh-ucsd,dreamer4-tokenizer,qpuq9n6z,pusht-tokenizer,jerrychsh-ucsd/dreamer4-tokenizer/qpuq9n6z,killed,2026-05-02T02:20:46Z,,https://wandb.ai/jerrychsh-ucsd/dreamer4-tokenizer/runs/qpuq9n6z,29800,0.013850306160748005,0.003097826847806573,0.05376239866018295,,,,,25.089427947998047,0.5135189294815063,0.48675537109375,,,,,,,,,,,,,,,,0.9893165826797485,8388608,0.0001,5.308769746224086
jerrychsh-ucsd,dreamer4-tokenizer,qpuq9n6z,pusht-tokenizer,jerrychsh-ucsd/dreamer4-tokenizer/qpuq9n6z,killed,2026-05-02T02:20:46Z,,https://wandb.ai/jerrychsh-ucsd/dreamer4-tokenizer/runs/qpuq9n6z,29900,0.014642360620200634,0.002822967479005456,0.059096965938806534,,,,,25.492942810058594,0.5171100497245789,0.4831695556640625,,,,,,,,,,,,,,,,0.9919389486312866,8388608,0.0001,5.326567525731193
jerrychsh-ucsd,dreamer4-tokenizer,qpuq9n6z,pusht-tokenizer,jerrychsh-ucsd/dreamer4-tokenizer/qpuq9n6z,killed,2026-05-02T02:20:46Z,,https://wandb.ai/jerrychsh-ucsd/dreamer4-tokenizer/runs/qpuq9n6z,30000,0.012860489077866077,0.002891611075028777,0.04984438791871071,,,,,25.38860321044922,0.5671976804733276,0.4297943115234375,,,,,,,,,,,,,,,,0.9906555414199829,8388608,0.0001,5.344371591673957
jerrychsh-ucsd,dreamer4-tokenizer,qpuq9n6z,pusht-tokenizer,jerrychsh-ucsd/dreamer4-tokenizer/qpuq9n6z,killed,2026-05-02T02:20:46Z,,https://wandb.ai/jerrychsh-ucsd/dreamer4-tokenizer/runs/qpuq9n6z,30100,0.011372759938240051,0.0025757483672350645,0.04398505762219429,,,,,25.89096450805664,0.5832430124282837,0.4169464111328125,,,,,,,,,,,,,,,,0.9932875037193298,8388608,0.0001,5.362382335662842
jerrychsh-ucsd,dreamer4-tokenizer,qpuq9n6z,pusht-tokenizer,jerrychsh-ucsd/dreamer4-tokenizer/qpuq9n6z,killed,2026-05-02T02:20:46Z,,https://wandb.ai/jerrychsh-ucsd/dreamer4-tokenizer/runs/qpuq9n6z,30200,0.011647485196590424,0.002639473881572485,0.04504005238413811,,,,,25.784826278686523,0.5685152411460876,0.4315643310546875,,,,,,,,,,,,,,,,0.9915179014205933,8388608,0.0001,5.380181458526187
jerrychsh-ucsd,dreamer4-tokenizer,qpuq9n6z,pusht-tokenizer,jerrychsh-ucsd/dreamer4-tokenizer/qpuq9n6z,killed,2026-05-02T02:20:46Z,,https://wandb.ai/jerrychsh-ucsd/dreamer4-tokenizer/runs/qpuq9n6z,30300,0.013297101482748985,0.0027478772681206465,0.05274612084031105,,,,,25.610027313232422,0.5154380798339844,0.482696533203125,,,,,,,,,,,,,,,,0.9910855889320374,8388608,0.0001,5.397989146643215
jerrychsh-ucsd,dreamer4-tokenizer,qpuq9n6z,pusht-tokenizer,jerrychsh-ucsd/dreamer4-tokenizer/qpuq9n6z,killed,2026-05-02T02:20:46Z,,https://wandb.ai/jerrychsh-ucsd/dreamer4-tokenizer/runs/qpuq9n6z,30400,0.010642374865710735,0.001992996782064438,0.04324689134955406,,,,,27.004932403564453,0.5346279144287109,0.4636077880859375,,,,,,,,,,,,,,,,0.9933295249938965,8388608,0.0001,5.415797939697901
jerrychsh-ucsd,dreamer4-tokenizer,qpuq9n6z,pusht-tokenizer,jerrychsh-ucsd/dreamer4-tokenizer/qpuq9n6z,killed,2026-05-02T02:20:46Z,,https://wandb.ai/jerrychsh-ucsd/dreamer4-tokenizer/runs/qpuq9n6z,30500,0.011361769400537014,0.002591109834611416,0.04385329782962799,,,,,25.865142822265625,0.553002655506134,0.4470062255859375,,,,,,,,,,,,,,,,0.9934365749359131,8388608,0.0001,5.433606132997407
jerrychsh-ucsd,dreamer4-tokenizer,qpuq9n6z,pusht-tokenizer,jerrychsh-ucsd/dreamer4-tokenizer/qpuq9n6z,killed,2026-05-02T02:20:46Z,,https://wandb.ai/jerrychsh-ucsd/dreamer4-tokenizer/runs/qpuq9n6z,30600,0.013754645362496376,0.002479210030287504,0.05637717247009277,,,,,26.056869506835938,0.5236327648162842,0.47930908203125,,,,,,,,,,,,,,,,0.9925420880317688,8388608,0.0001,5.4515126204490665
jerrychsh-ucsd,dreamer4-tokenizer,qpuq9n6z,pusht-tokenizer,jerrychsh-ucsd/dreamer4-tokenizer/qpuq9n6z,killed,2026-05-02T02:20:46Z,,https://wandb.ai/jerrychsh-ucsd/dreamer4-tokenizer/runs/qpuq9n6z,30700,0.010934161022305489,0.0020910976454615593,0.04421531409025192,,,,,26.79625701904297,0.5682113766670227,0.431427001953125,,,,,,,,,,,,,,,,0.991848349571228,8388608,0.0001,5.469319156606992
jerrychsh-ucsd,dreamer4-tokenizer,qpuq9n6z,pusht-tokenizer,jerrychsh-ucsd/dreamer4-tokenizer/qpuq9n6z,killed,2026-05-02T02:20:46Z,,https://wandb.ai/jerrychsh-ucsd/dreamer4-tokenizer/runs/qpuq9n6z,30800,0.012047573924064636,0.0018628548132255673,0.05092359706759453,,,,,27.29821014404297,0.5284827947616577,0.4718170166015625,,,,,,,,,,,,,,,,0.9913706183433533,8388608,0.0001,5.48712685280376
jerrychsh-ucsd,dreamer4-tokenizer,qpuq9n6z,pusht-tokenizer,jerrychsh-ucsd/dreamer4-tokenizer/qpuq9n6z,killed,2026-05-02T02:20:46Z,,https://wandb.ai/jerrychsh-ucsd/dreamer4-tokenizer/runs/qpuq9n6z,30900,0.01055222749710083,0.0027093340177088976,0.039214469492435455,,,,,25.671375274658203,0.5794081687927246,0.4197845458984375,,,,,,,,,,,,,,,,0.9914218783378601,8388608,0.0001,5.504930546548631
jerrychsh-ucsd,dreamer4-tokenizer,qpuq9n6z,pusht-tokenizer,jerrychsh-ucsd/dreamer4-tokenizer/qpuq9n6z,killed,2026-05-02T02:20:46Z,,https://wandb.ai/jerrychsh-ucsd/dreamer4-tokenizer/runs/qpuq9n6z,31000,0.014253099448978901,0.002680042991414666,0.05786528438329697,,,,,25.718584060668945,0.5729591846466064,0.42523193359375,,,,,,,,,,,,,,,,0.9926169514656067,8388608,0.0001,5.5227327170636915
jerrychsh-ucsd,dreamer4-tokenizer,qpuq9n6z,pusht-tokenizer,jerrychsh-ucsd/dreamer4-tokenizer/qpuq9n6z,killed,2026-05-02T02:20:46Z,,https://wandb.ai/jerrychsh-ucsd/dreamer4-tokenizer/runs/qpuq9n6z,31100,0.01296879444271326,0.0027704446110874414,0.05099175125360489,,,,,25.574504852294922,0.5457877516746521,0.4535064697265625,,,,,,,,,,,,,,,,0.9926727414131165,8388608,0.0001,5.540616527001063
jerrychsh-ucsd,dreamer4-tokenizer,qpuq9n6z,pusht-tokenizer,jerrychsh-ucsd/dreamer4-tokenizer/qpuq9n6z,killed,2026-05-02T02:20:46Z,,https://wandb.ai/jerrychsh-ucsd/dreamer4-tokenizer/runs/qpuq9n6z,31200,0.01187601126730442,0.0026500264648348093,0.046129923313856125,,,,,25.767498016357422,0.5542324781417847,0.443206787109375,,,,,,,,,,,,,,,,0.9906280636787415,8388608,0.0001,5.558414923151334
jerrychsh-ucsd,dreamer4-tokenizer,qpuq9n6z,pusht-tokenizer,jerrychsh-ucsd/dreamer4-tokenizer/qpuq9n6z,killed,2026-05-02T02:20:46Z,,https://wandb.ai/jerrychsh-ucsd/dreamer4-tokenizer/runs/qpuq9n6z,31300,0.010253422893583775,0.002566023962572217,0.03843699395656586,,,,,25.907394409179688,0.520554780960083,0.478485107421875,,,,,,,,,,,,,,,,0.9919644594192505,8388608,0.0001,5.576214402516683
jerrychsh-ucsd,dreamer4-tokenizer,qpuq9n6z,pusht-tokenizer,jerrychsh-ucsd/dreamer4-tokenizer/qpuq9n6z,killed,2026-05-02T02:20:46Z,,https://wandb.ai/jerrychsh-ucsd/dreamer4-tokenizer/runs/qpuq9n6z,31400,0.010482024401426315,0.0023048091679811478,0.04088607430458069,,,,,26.3736515045166,0.5426110625267029,0.459869384765625,,,,,,,,,,,,,,,,0.9936595559120178,8388608,0.0001,5.594014370044072
jerrychsh-ucsd,dreamer4-tokenizer,qpuq9n6z,pusht-tokenizer,jerrychsh-ucsd/dreamer4-tokenizer/qpuq9n6z,killed,2026-05-02T02:20:46Z,,https://wandb.ai/jerrychsh-ucsd/dreamer4-tokenizer/runs/qpuq9n6z,31500,0.013673484325408936,0.0026894076727330685,0.05492038279771805,,,,,25.703432083129883,0.4827461242675781,0.5150146484375,,,,,,,,,,,,,,,,0.9919971823692322,8388608,0.0001,5.611824263400502
jerrychsh-ucsd,dreamer4-tokenizer,qpuq9n6z,pusht-tokenizer,jerrychsh-ucsd/dreamer4-tokenizer/qpuq9n6z,killed,2026-05-02T02:20:46Z,,https://wandb.ai/jerrychsh-ucsd/dreamer4-tokenizer/runs/qpuq9n6z,31600,0.013255128636956215,0.002320266794413328,0.054674312472343445,,,,,26.344621658325195,0.5322031378746033,0.470458984375,,,,,,,,,,,,,,,,0.9919034242630005,8388608,0.0001,5.629712341427803
jerrychsh-ucsd,dreamer4-tokenizer,qpuq9n6z,pusht-tokenizer,jerrychsh-ucsd/dreamer4-tokenizer/qpuq9n6z,killed,2026-05-02T02:20:46Z,,https://wandb.ai/jerrychsh-ucsd/dreamer4-tokenizer/runs/qpuq9n6z,31700,0.009617299772799015,0.0026378605980426073,0.03489719703793526,,,,,25.78748321533203,0.5969959497451782,0.402679443359375,,,,,,,,,,,,,,,,0.9899641275405884,8388608,0.0001,5.64755349000295
jerrychsh-ucsd,dreamer4-tokenizer,qpuq9n6z,pusht-tokenizer,jerrychsh-ucsd/dreamer4-tokenizer/qpuq9n6z,killed,2026-05-02T02:20:46Z,,https://wandb.ai/jerrychsh-ucsd/dreamer4-tokenizer/runs/qpuq9n6z,31800,0.011313323862850666,0.002732192864641547,0.04290565103292465,,,,,25.6348876953125,0.5792366862297058,0.417816162109375,,,,,,,,,,,,,,,,0.9907798767089844,16777216,0.0001,5.665355569852723
jerrychsh-ucsd,dreamer4-tokenizer,qpuq9n6z,pusht-tokenizer,jerrychsh-ucsd/dreamer4-tokenizer/qpuq9n6z,killed,2026-05-02T02:20:46Z,,https://wandb.ai/jerrychsh-ucsd/dreamer4-tokenizer/runs/qpuq9n6z,31900,0.010522953234612942,0.001937273540534079,0.04292839765548706,,,,,27.128089904785156,0.5706586837768555,0.429107666015625,,,,,,,,,,,,,,,,0.9917677044868469,8388608,0.0001,5.6831673300266266
jerrychsh-ucsd,dreamer4-tokenizer,qpuq9n6z,pusht-tokenizer,jerrychsh-ucsd/dreamer4-tokenizer/qpuq9n6z,killed,2026-05-02T02:20:46Z,,https://wandb.ai/jerrychsh-ucsd/dreamer4-tokenizer/runs/qpuq9n6z,32000,0.00957505963742733,0.0021521395538002253,0.03711460158228874,,,,,26.671295166015625,0.5726393461227417,0.4283294677734375,,,,,,,,,,,,,,,,0.9928970336914062,8388608,0.0001,5.700971995327208
jerrychsh-ucsd,dreamer4-tokenizer,qpuq9n6z,pusht-tokenizer,jerrychsh-ucsd/dreamer4-tokenizer/qpuq9n6z,killed,2026-05-02T02:20:46Z,,https://wandb.ai/jerrychsh-ucsd/dreamer4-tokenizer/runs/qpuq9n6z,32100,0.009390182793140411,0.002296151826158166,0.035470154136419296,,,,,26.389995574951172,0.5752003192901611,0.4261474609375,,,,,,,,,,,,,,,,0.9918081164360046,8388608,0.0001,5.718871525857184
jerrychsh-ucsd,dreamer4-tokenizer,qpuq9n6z,pusht-tokenizer,jerrychsh-ucsd/dreamer4-tokenizer/qpuq9n6z,killed,2026-05-02T02:20:46Z,,https://wandb.ai/jerrychsh-ucsd/dreamer4-tokenizer/runs/qpuq9n6z,32200,0.012872294522821903,0.0025051867123693228,0.05183553695678711,,,,,26.011598587036133,0.5516010522842407,0.4489898681640625,,,,,,,,,,,,,,,,0.9911360144615173,8388608,0.0001,5.736678255332841
jerrychsh-ucsd,dreamer4-tokenizer,qpuq9n6z,pusht-tokenizer,jerrychsh-ucsd/dreamer4-tokenizer/qpuq9n6z,killed,2026-05-02T02:20:46Z,,https://wandb.ai/jerrychsh-ucsd/dreamer4-tokenizer/runs/qpuq9n6z,32300,0.014466196298599243,0.002866232069209218,0.05799981951713562,,,,,25.4268856048584,0.5597792863845825,0.4378509521484375,,,,,,,,,,,,,,,,0.9926154613494873,8388608,0.0001,5.754480919837952
jerrychsh-ucsd,dreamer4-tokenizer,qpuq9n6z,pusht-tokenizer,jerrychsh-ucsd/dreamer4-tokenizer/qpuq9n6z,killed,2026-05-02T02:20:46Z,,https://wandb.ai/jerrychsh-ucsd/dreamer4-tokenizer/runs/qpuq9n6z,32400,0.010544007644057274,0.002594594145193696,0.03974706679582596,,,,,25.85930633544922,0.559160590171814,0.442840576171875,,,,,,,,,,,,,,,,0.9943112134933472,8388608,0.0001,5.772282577620612
jerrychsh-ucsd,dreamer4-tokenizer,qpuq9n6z,pusht-tokenizer,jerrychsh-ucsd/dreamer4-tokenizer/qpuq9n6z,killed,2026-05-02T02:20:46Z,,https://wandb.ai/jerrychsh-ucsd/dreamer4-tokenizer/runs/qpuq9n6z,32500,0.012502827681601048,0.002616531914100051,0.04943147674202919,,,,,25.822742462158203,0.5685752630233765,0.4306640625,,,,,,,,,,,,,,,,0.9901697039604187,8388608,0.0001,5.790084167122841
jerrychsh-ucsd,dreamer4-tokenizer,qpuq9n6z,pusht-tokenizer,jerrychsh-ucsd/dreamer4-tokenizer/qpuq9n6z,killed,2026-05-02T02:20:46Z,,https://wandb.ai/jerrychsh-ucsd/dreamer4-tokenizer/runs/qpuq9n6z,32600,0.013871164992451668,0.002932158764451742,0.05469503253698349,,,,,25.328125,0.5045579075813293,0.4965057373046875,,,,,,,,,,,,,,,,0.9912785887718201,8388608,0.0001,5.807985974152883
jerrychsh-ucsd,dreamer4-tokenizer,qpuq9n6z,pusht-tokenizer,jerrychsh-ucsd/dreamer4-tokenizer/qpuq9n6z,killed,2026-05-02T02:20:46Z,,https://wandb.ai/jerrychsh-ucsd/dreamer4-tokenizer/runs/qpuq9n6z,32700,0.013962785713374615,0.00281543773598969,0.055736739188432693,,,,,25.504541397094727,0.49926531314849854,0.502685546875,,,,,,,,,,,,,,,,0.9906900525093079,8388608,0.0001,5.82578776134385
jerrychsh-ucsd,dreamer4-tokenizer,qpuq9n6z,pusht-tokenizer,jerrychsh-ucsd/dreamer4-tokenizer/qpuq9n6z,killed,2026-05-02T02:20:46Z,,https://wandb.ai/jerrychsh-ucsd/dreamer4-tokenizer/runs/qpuq9n6z,32800,0.010564738884568214,0.002354604424908757,0.04105067253112793,,,,,26.280820846557617,0.5625892281532288,0.433807373046875,,,,,,,,,,,,,,,,0.9939166903495789,8388608,0.0001,5.843582475185395
jerrychsh-ucsd,dreamer4-tokenizer,qpuq9n6z,pusht-tokenizer,jerrychsh-ucsd/dreamer4-tokenizer/qpuq9n6z,killed,2026-05-02T02:20:46Z,,https://wandb.ai/jerrychsh-ucsd/dreamer4-tokenizer/runs/qpuq9n6z,32900,0.007659534458070993,0.0017498685047030449,0.02954832836985588,,,,,27.5699462890625,0.6073852777481079,0.3881072998046875,,,,,,,,,,,,,,,,0.991564154624939,8388608,0.0001,5.861396553185251
jerrychsh-ucsd,dreamer4-tokenizer,qpuq9n6z,pusht-tokenizer,jerrychsh-ucsd/dreamer4-tokenizer/qpuq9n6z,killed,2026-05-02T02:20:46Z,,https://wandb.ai/jerrychsh-ucsd/dreamer4-tokenizer/runs/qpuq9n6z,33000,0.012660900130867958,0.002187662059441209,0.052366189658641815,,,,,26.60019874572754,0.5054135322570801,0.49627685546875,,,,,,,,,,,,,,,,0.9918033480644226,8388608,0.0001,5.879196673432986
jerrychsh-ucsd,dreamer4-tokenizer,qpuq9n6z,pusht-tokenizer,jerrychsh-ucsd/dreamer4-tokenizer/qpuq9n6z,killed,2026-05-02T02:20:46Z,,https://wandb.ai/jerrychsh-ucsd/dreamer4-tokenizer/runs/qpuq9n6z,33100,0.010170148685574532,0.0023544502910226583,0.039078488945961,,,,,26.281105041503906,0.6073914170265198,0.393218994140625,,,,,,,,,,,,,,,,0.9930965304374695,8388608,0.0001,5.897086255550384
jerrychsh-ucsd,dreamer4-tokenizer,qpuq9n6z,pusht-tokenizer,jerrychsh-ucsd/dreamer4-tokenizer/qpuq9n6z,killed,2026-05-02T02:20:46Z,,https://wandb.ai/jerrychsh-ucsd/dreamer4-tokenizer/runs/qpuq9n6z,33200,0.011630420573055744,0.0022897180169820786,0.046703509986400604,,,,,26.402179718017578,0.5041843056678772,0.4947052001953125,,,,,,,,,,,,,,,,0.9907037615776062,8388608,0.0001,5.914886753161748
jerrychsh-ucsd,dreamer4-tokenizer,qpuq9n6z,pusht-tokenizer,jerrychsh-ucsd/dreamer4-tokenizer/qpuq9n6z,killed,2026-05-02T02:20:46Z,,https://wandb.ai/jerrychsh-ucsd/dreamer4-tokenizer/runs/qpuq9n6z,33300,0.012400840409100056,0.0024813569616526365,0.04959741607308388,,,,,26.0531063079834,0.5544565916061401,0.446319580078125,,,,,,,,,,,,,,,,0.9924497604370117,8388608,0.0001,5.932698367238045
jerrychsh-ucsd,dreamer4-tokenizer,qpuq9n6z,pusht-tokenizer,jerrychsh-ucsd/dreamer4-tokenizer/qpuq9n6z,killed,2026-05-02T02:20:46Z,,https://wandb.ai/jerrychsh-ucsd/dreamer4-tokenizer/runs/qpuq9n6z,33400,0.014074599370360374,0.0027177673764526844,0.05678415670990944,,,,,25.657878875732422,0.5329083800315857,0.4666595458984375,,,,,,,,,,,,,,,,0.9934080839157104,8388608,0.0001,5.950495707525147
jerrychsh-ucsd,dreamer4-tokenizer,qpuq9n6z,pusht-tokenizer,jerrychsh-ucsd/dreamer4-tokenizer/qpuq9n6z,killed,2026-05-02T02:20:46Z,,https://wandb.ai/jerrychsh-ucsd/dreamer4-tokenizer/runs/qpuq9n6z,33500,0.009238181635737419,0.00228974805213511,0.034742165356874466,,,,,26.402122497558594,0.5497555136680603,0.4516754150390625,,,,,,,,,,,,,,,,0.9924653172492981,8388608,0.0001,5.968297349413236
jerrychsh-ucsd,dreamer4-tokenizer,qpuq9n6z,pusht-tokenizer,jerrychsh-ucsd/dreamer4-tokenizer/qpuq9n6z,killed,2026-05-02T02:20:46Z,,https://wandb.ai/jerrychsh-ucsd/dreamer4-tokenizer/runs/qpuq9n6z,33600,0.013219204731285572,0.002535538747906685,0.05341832712292671,,,,,25.959299087524414,0.5985129475593567,0.403533935546875,,,,,,,,,,,,,,,,0.9896444082260132,8388608,0.0001,5.986197634008196
jerrychsh-ucsd,dreamer4-tokenizer,qpuq9n6z,pusht-tokenizer,jerrychsh-ucsd/dreamer4-tokenizer/qpuq9n6z,killed,2026-05-02T02:20:46Z,,https://wandb.ai/jerrychsh-ucsd/dreamer4-tokenizer/runs/qpuq9n6z,33700,0.011827440932393074,0.002273046877235174,0.04777196794748306,,,,,26.433916091918945,0.5263828635215759,0.4747467041015625,,,,,,,,,,,,,,,,0.9935115575790405,8388608,0.0001,6.004007685714297
jerrychsh-ucsd,dreamer4-tokenizer,qpuq9n6z,pusht-tokenizer,jerrychsh-ucsd/dreamer4-tokenizer/qpuq9n6z,killed,2026-05-02T02:20:46Z,,https://wandb.ai/jerrychsh-ucsd/dreamer4-tokenizer/runs/qpuq9n6z,33800,0.012754864990711212,0.002661211183294654,0.050468266010284424,,,,,25.749208450317383,0.568343997001648,0.430145263671875,,,,,,,,,,,,,,,,0.9925767183303833,8388608,0.0001,6.021821209324731
jerrychsh-ucsd,dreamer4-tokenizer,qpuq9n6z,pusht-tokenizer,jerrychsh-ucsd/dreamer4-tokenizer/qpuq9n6z,killed,2026-05-02T02:20:46Z,,https://wandb.ai/jerrychsh-ucsd/dreamer4-tokenizer/runs/qpuq9n6z,33900,0.011242605745792389,0.002358087571337819,0.04442259296774864,,,,,26.274402618408203,0.5222971439361572,0.4783477783203125,,,,,,,,,,,,,,,,0.9935846924781799,16777216,0.0001,6.039630365305476
jerrychsh-ucsd,dreamer4-tokenizer,qpuq9n6z,pusht-tokenizer,jerrychsh-ucsd/dreamer4-tokenizer/qpuq9n6z,killed,2026-05-02T02:20:46Z,,https://wandb.ai/jerrychsh-ucsd/dreamer4-tokenizer/runs/qpuq9n6z,34000,0.010940597392618656,0.0025792436208575964,0.041806768625974655,,,,,25.88507652282715,0.5727719068527222,0.42596435546875,,,,,,,,,,,,,,,,0.9934297204017639,8388608,0.0001,6.057430832253562
jerrychsh-ucsd,dreamer4-tokenizer,qpuq9n6z,pusht-tokenizer,jerrychsh-ucsd/dreamer4-tokenizer/qpuq9n6z,killed,2026-05-02T02:20:46Z,,https://wandb.ai/jerrychsh-ucsd/dreamer4-tokenizer/runs/qpuq9n6z,34100,0.009029143489897251,0.002176217967644334,0.03426462784409523,,,,,26.62297821044922,0.5486422777175903,0.452789306640625,,,,,,,,,,,,,,,,0.9927735924720764,8388608,0.0001,6.07532832370864
jerrychsh-ucsd,dreamer4-tokenizer,qpuq9n6z,pusht-tokenizer,jerrychsh-ucsd/dreamer4-tokenizer/qpuq9n6z,killed,2026-05-02T02:20:46Z,,https://wandb.ai/jerrychsh-ucsd/dreamer4-tokenizer/runs/qpuq9n6z,34200,0.010585819371044636,0.0021990116219967604,0.04193403571844101,,,,,26.57772445678711,0.5682637095451355,0.4351043701171875,,,,,,,,,,,,,,,,0.9920250177383423,8388608,0.0001,6.093137206302749
jerrychsh-ucsd,dreamer4-tokenizer,qpuq9n6z,pusht-tokenizer,jerrychsh-ucsd/dreamer4-tokenizer/qpuq9n6z,killed,2026-05-02T02:20:46Z,,https://wandb.ai/jerrychsh-ucsd/dreamer4-tokenizer/runs/qpuq9n6z,34300,0.013779398053884506,0.0024003912694752216,0.05689503252506256,,,,,26.197181701660156,0.5000953674316406,0.4983367919921875,,,,,,,,,,,,,,,,0.9898815155029297,8388608,0.0001,6.110932662354576
jerrychsh-ucsd,dreamer4-tokenizer,qpuq9n6z,pusht-tokenizer,jerrychsh-ucsd/dreamer4-tokenizer/qpuq9n6z,killed,2026-05-02T02:20:46Z,,https://wandb.ai/jerrychsh-ucsd/dreamer4-tokenizer/runs/qpuq9n6z,34400,0.012483802624046803,0.002198646543547511,0.05142577737569809,,,,,26.578445434570312,0.585367739200592,0.416259765625,,,,,,,,,,,,,,,,0.9926136136054993,8388608,0.0001,6.128748356302579
jerrychsh-ucsd,dreamer4-tokenizer,qpuq9n6z,pusht-tokenizer,jerrychsh-ucsd/dreamer4-tokenizer/qpuq9n6z,killed,2026-05-02T02:20:46Z,,https://wandb.ai/jerrychsh-ucsd/dreamer4-tokenizer/runs/qpuq9n6z,34500,0.012513562105596066,0.002079387428238988,0.05217087268829346,,,,,26.820648193359375,0.5073781609535217,0.489837646484375,,,,,,,,,,,,,,,,0.9928959012031555,8388608,0.0001,6.14655031826761
jerrychsh-ucsd,dreamer4-tokenizer,qpuq9n6z,pusht-tokenizer,jerrychsh-ucsd/dreamer4-tokenizer/qpuq9n6z,killed,2026-05-02T02:20:46Z,,https://wandb.ai/jerrychsh-ucsd/dreamer4-tokenizer/runs/qpuq9n6z,34600,0.01408941950649023,0.0026551904156804085,0.05717114359140396,,,,,25.759044647216797,0.5305293798446655,0.467926025390625,,,,,,,,,,,,,,,,0.9859954118728638,8388608,0.0001,6.164455171757274
jerrychsh-ucsd,dreamer4-tokenizer,qpuq9n6z,pusht-tokenizer,jerrychsh-ucsd/dreamer4-tokenizer/qpuq9n6z,killed,2026-05-02T02:20:46Z,,https://wandb.ai/jerrychsh-ucsd/dreamer4-tokenizer/runs/qpuq9n6z,34700,0.009864789433777332,0.0021994730923324823,0.038326580077409744,,,,,26.576814651489258,0.6245434284210205,0.3737335205078125,,,,,,,,,,,,,,,,0.9906495213508606,8388608,0.0001,6.182250418133206
jerrychsh-ucsd,dreamer4-tokenizer,qpuq9n6z,pusht-tokenizer,jerrychsh-ucsd/dreamer4-tokenizer/qpuq9n6z,killed,2026-05-02T02:20:46Z,,https://wandb.ai/jerrychsh-ucsd/dreamer4-tokenizer/runs/qpuq9n6z,34800,0.01095768716186285,0.0026280537713319063,0.04164816811680794,,,,,25.80365753173828,0.5669879913330078,0.4324798583984375,,,,,,,,,,,,,,,,0.993257999420166,8388608,0.0001,6.200041674772899
jerrychsh-ucsd,dreamer4-tokenizer,qpuq9n6z,pusht-tokenizer,jerrychsh-ucsd/dreamer4-tokenizer/qpuq9n6z,killed,2026-05-02T02:20:46Z,,https://wandb.ai/jerrychsh-ucsd/dreamer4-tokenizer/runs/qpuq9n6z,34900,0.009545495733618736,0.00237709260545671,0.03584201633930206,,,,,26.239540100097656,0.5192785263061523,0.4792633056640625,,,,,,,,,,,,,,,,0.9922507405281067,4194304,0.0001,6.217836684584618
jerrychsh-ucsd,dreamer4-tokenizer,qpuq9n6z,pusht-tokenizer,jerrychsh-ucsd/dreamer4-tokenizer/qpuq9n6z,killed,2026-05-02T02:20:46Z,,https://wandb.ai/jerrychsh-ucsd/dreamer4-tokenizer/runs/qpuq9n6z,35000,0.009313305839896202,0.0023676357232034206,0.03472834825515747,,,,,26.256851196289062,0.5729444026947021,0.427886962890625,,,,,,,,,,,,,,,,0.9926705360412598,4194304,0.0001,6.235647706256972
jerrychsh-ucsd,dreamer4-tokenizer,qpuq9n6z,pusht-tokenizer,jerrychsh-ucsd/dreamer4-tokenizer/qpuq9n6z,killed,2026-05-02T02:20:46Z,,https://wandb.ai/jerrychsh-ucsd/dreamer4-tokenizer/runs/qpuq9n6z,35100,0.011912493035197258,0.002384781138971448,0.047638557851314545,,,,,26.22551727294922,0.5515214204788208,0.449005126953125,,,,,,,,,,,,,,,,0.9922859072685242,4194304,0.0001,6.253630196650823
jerrychsh-ucsd,dreamer4-tokenizer,qpuq9n6z,pusht-tokenizer,jerrychsh-ucsd/dreamer4-tokenizer/qpuq9n6z,killed,2026-05-02T02:20:46Z,,https://wandb.ai/jerrychsh-ucsd/dreamer4-tokenizer/runs/qpuq9n6z,35200,0.012092866003513336,0.0025273540522903204,0.04782755672931671,,,,,25.973339080810547,0.5436456203460693,0.457550048828125,,,,,,,,,,,,,,,,0.9908263087272644,4194304,0.0001,6.271423588593801
jerrychsh-ucsd,dreamer4-tokenizer,qpuq9n6z,pusht-tokenizer,jerrychsh-ucsd/dreamer4-tokenizer/qpuq9n6z,killed,2026-05-02T02:20:46Z,,https://wandb.ai/jerrychsh-ucsd/dreamer4-tokenizer/runs/qpuq9n6z,35300,0.012504324316978455,0.002570005366578698,0.04967159405350685,,,,,25.900659561157227,0.5504667162895203,0.45098876953125,,,,,,,,,,,,,,,,0.9881212711334229,4194304,0.0001,6.289219252732065
jerrychsh-ucsd,dreamer4-tokenizer,qpuq9n6z,pusht-tokenizer,jerrychsh-ucsd/dreamer4-tokenizer/qpuq9n6z,killed,2026-05-02T02:20:46Z,,https://wandb.ai/jerrychsh-ucsd/dreamer4-tokenizer/runs/qpuq9n6z,35400,0.008965132758021355,0.002179191680625081,0.03392970561981201,,,,,26.617048263549805,0.5934141874313354,0.404998779296875,,,,,,,,,,,,,,,,0.9900644421577454,4194304,0.0001,6.307010156644715
jerrychsh-ucsd,dreamer4-tokenizer,qpuq9n6z,pusht-tokenizer,jerrychsh-ucsd/dreamer4-tokenizer/qpuq9n6z,killed,2026-05-02T02:20:46Z,,https://wandb.ai/jerrychsh-ucsd/dreamer4-tokenizer/runs/qpuq9n6z,35500,0.009013432078063488,0.001774121425114572,0.03619655221700668,,,,,27.510168075561523,0.5711069703102112,0.430633544921875,,,,,,,,,,,,,,,,0.9922549724578857,4194304,0.0001,6.324806076420678
jerrychsh-ucsd,dreamer4-tokenizer,qpuq9n6z,pusht-tokenizer,jerrychsh-ucsd/dreamer4-tokenizer/qpuq9n6z,killed,2026-05-02T02:20:46Z,,https://wandb.ai/jerrychsh-ucsd/dreamer4-tokenizer/runs/qpuq9n6z,35600,0.009119144640862942,0.002332734875380993,0.033932048827409744,,,,,26.321346282958984,0.5683682560920715,0.43048095703125,,,,,,,,,,,,,,,,0.993641197681427,4194304,0.0001,6.34269508269098
jerrychsh-ucsd,dreamer4-tokenizer,qpuq9n6z,pusht-tokenizer,jerrychsh-ucsd/dreamer4-tokenizer/qpuq9n6z,killed,2026-05-02T02:20:46Z,,https://wandb.ai/jerrychsh-ucsd/dreamer4-tokenizer/runs/qpuq9n6z,35700,0.012172022834420204,0.002155601978302002,0.05008210241794586,,,,,26.66431427001953,0.49505308270454407,0.5054168701171875,,,,,,,,,,,,,,,,0.9919947981834412,4194304,0.0001,6.360493153466119
jerrychsh-ucsd,dreamer4-tokenizer,qpuq9n6z,pusht-tokenizer,jerrychsh-ucsd/dreamer4-tokenizer/qpuq9n6z,killed,2026-05-02T02:20:46Z,,https://wandb.ai/jerrychsh-ucsd/dreamer4-tokenizer/runs/qpuq9n6z,35800,0.009623593650758266,0.002399634337052703,0.036119796335697174,,,,,26.198549270629883,0.5656347274780273,0.4334869384765625,,,,,,,,,,,,,,,,0.9913533329963684,4194304,0.0001,6.378283102777269
jerrychsh-ucsd,dreamer4-tokenizer,qpuq9n6z,pusht-tokenizer,jerrychsh-ucsd/dreamer4-tokenizer/qpuq9n6z,killed,2026-05-02T02:20:46Z,,https://wandb.ai/jerrychsh-ucsd/dreamer4-tokenizer/runs/qpuq9n6z,35900,0.010943826287984848,0.0022614761255681515,0.043411754071712494,,,,,26.45608139038086,0.5203465223312378,0.478271484375,,,,,,,,,,,,,,,,0.9926046133041382,4194304,0.0001,6.396073853770892
jerrychsh-ucsd,dreamer4-tokenizer,qpuq9n6z,pusht-tokenizer,jerrychsh-ucsd/dreamer4-tokenizer/qpuq9n6z,killed,2026-05-02T02:20:46Z,,https://wandb.ai/jerrychsh-ucsd/dreamer4-tokenizer/runs/qpuq9n6z,36000,0.01092828344553709,0.002438716357573867,0.042447835206985474,,,,,26.128387451171875,0.5768226981163025,0.4247283935546875,,,,,,,,,,,,,,,,0.9914750456809998,4194304,0.0001,6.4138705135054055
jerrychsh-ucsd,dreamer4-tokenizer,qpuq9n6z,pusht-tokenizer,jerrychsh-ucsd/dreamer4-tokenizer/qpuq9n6z,killed,2026-05-02T02:20:46Z,,https://wandb.ai/jerrychsh-ucsd/dreamer4-tokenizer/runs/qpuq9n6z,36100,0.01488134078681469,0.002867284696549177,0.060070283710956573,,,,,25.425291061401367,0.535059928894043,0.4647979736328125,,,,,,,,,,,,,,,,0.9915465712547302,4194304,0.0001,6.431755130224758
jerrychsh-ucsd,dreamer4-tokenizer,qpuq9n6z,pusht-tokenizer,jerrychsh-ucsd/dreamer4-tokenizer/qpuq9n6z,killed,2026-05-02T02:20:46Z,,https://wandb.ai/jerrychsh-ucsd/dreamer4-tokenizer/runs/qpuq9n6z,36200,0.010189756751060486,0.002276950515806675,0.03956402838230133,,,,,26.426464080810547,0.5347288250923157,0.4668731689453125,,,,,,,,,,,,,,,,0.9939384460449219,4194304,0.0001,6.449553156892459
jerrychsh-ucsd,dreamer4-tokenizer,qpuq9n6z,pusht-tokenizer,jerrychsh-ucsd/dreamer4-tokenizer/qpuq9n6z,killed,2026-05-02T02:20:46Z,,https://wandb.ai/jerrychsh-ucsd/dreamer4-tokenizer/runs/qpuq9n6z,36300,0.008638163097202778,0.001982002053409815,0.03328080475330353,,,,,27.028959274291992,0.5440993905067444,0.45697021484375,,,,,,,,,,,,,,,,0.9928309321403503,4194304,0.0001,6.467351191573673
jerrychsh-ucsd,dreamer4-tokenizer,qpuq9n6z,pusht-tokenizer,jerrychsh-ucsd/dreamer4-tokenizer/qpuq9n6z,killed,2026-05-02T02:20:46Z,,https://wandb.ai/jerrychsh-ucsd/dreamer4-tokenizer/runs/qpuq9n6z,36400,0.012169389985501766,0.0025115583557635546,0.04828915745019913,,,,,26.000566482543945,0.5309070348739624,0.4691314697265625,,,,,,,,,,,,,,,,0.9923828840255737,4194304,0.0001,6.485158393780391
jerrychsh-ucsd,dreamer4-tokenizer,qpuq9n6z,pusht-tokenizer,jerrychsh-ucsd/dreamer4-tokenizer/qpuq9n6z,killed,2026-05-02T02:20:46Z,,https://wandb.ai/jerrychsh-ucsd/dreamer4-tokenizer/runs/qpuq9n6z,36500,0.011519601568579674,0.0023398895282298326,0.04589856043457985,,,,,26.308048248291016,0.5721222162246704,0.4300384521484375,,,,,,,,,,,,,,,,0.9926753640174866,4194304,0.0001,6.502966773708661
jerrychsh-ucsd,dreamer4-tokenizer,qpuq9n6z,pusht-tokenizer,jerrychsh-ucsd/dreamer4-tokenizer/qpuq9n6z,killed,2026-05-02T02:20:46Z,,https://wandb.ai/jerrychsh-ucsd/dreamer4-tokenizer/runs/qpuq9n6z,36600,0.012147540226578712,0.002538319444283843,0.04804610088467598,,,,,25.95453643798828,0.49754562973976135,0.50323486328125,,,,,,,,,,,,,,,,0.9930623769760132,4194304,0.0001,6.5208525609307815
jerrychsh-ucsd,dreamer4-tokenizer,qpuq9n6z,pusht-tokenizer,jerrychsh-ucsd/dreamer4-tokenizer/qpuq9n6z,killed,2026-05-02T02:20:46Z,,https://wandb.ai/jerrychsh-ucsd/dreamer4-tokenizer/runs/qpuq9n6z,36700,0.010664097964763641,0.0022506664972752333,0.04206715524196625,,,,,26.47688865661621,0.556668758392334,0.4444427490234375,,,,,,,,,,,,,,,,0.9921997785568237,4194304,0.0001,6.538653617302577
jerrychsh-ucsd,dreamer4-tokenizer,qpuq9n6z,pusht-tokenizer,jerrychsh-ucsd/dreamer4-tokenizer/qpuq9n6z,killed,2026-05-02T02:20:46Z,,https://wandb.ai/jerrychsh-ucsd/dreamer4-tokenizer/runs/qpuq9n6z,36800,0.01223700400441885,0.002688426524400711,0.04774288460612297,,,,,25.705020904541016,0.5581874847412109,0.440582275390625,,,,,,,,,,,,,,,,0.9914610981941223,4194304,0.0001,6.556457171638806
jerrychsh-ucsd,dreamer4-tokenizer,qpuq9n6z,pusht-tokenizer,jerrychsh-ucsd/dreamer4-tokenizer/qpuq9n6z,killed,2026-05-02T02:20:46Z,,https://wandb.ai/jerrychsh-ucsd/dreamer4-tokenizer/runs/qpuq9n6z,36900,0.010215078480541706,0.002244585892185569,0.039852458983659744,,,,,26.488637924194336,0.5522997379302979,0.4475555419921875,,,,,,,,,,,,,,,,0.991689920425415,8388608,0.0001,6.574250081711345
jerrychsh-ucsd,dreamer4-tokenizer,qpuq9n6z,pusht-tokenizer,jerrychsh-ucsd/dreamer4-tokenizer/qpuq9n6z,killed,2026-05-02T02:20:46Z,,https://wandb.ai/jerrychsh-ucsd/dreamer4-tokenizer/runs/qpuq9n6z,37000,0.011955494992434978,0.002346854656934738,0.048043202608823776,,,,,26.29513931274414,0.5632250308990479,0.4362335205078125,,,,,,,,,,,,,,,,0.9915745854377747,8388608,0.0001,6.592061977320247
jerrychsh-ucsd,dreamer4-tokenizer,qpuq9n6z,pusht-tokenizer,jerrychsh-ucsd/dreamer4-tokenizer/qpuq9n6z,killed,2026-05-02T02:20:46Z,,https://wandb.ai/jerrychsh-ucsd/dreamer4-tokenizer/runs/qpuq9n6z,37100,0.012421581894159317,0.0028336101677268744,0.047939855605363846,,,,,25.476598739624023,0.5353565216064453,0.467926025390625,,,,,,,,,,,,,,,,0.9915512800216675,8388608,0.0001,6.60995598355929
jerrychsh-ucsd,dreamer4-tokenizer,qpuq9n6z,pusht-tokenizer,jerrychsh-ucsd/dreamer4-tokenizer/qpuq9n6z,killed,2026-05-02T02:20:46Z,,https://wandb.ai/jerrychsh-ucsd/dreamer4-tokenizer/runs/qpuq9n6z,37200,0.009314823895692825,0.0021247088443487883,0.03595057502388954,,,,,26.727006912231445,0.5409250855445862,0.4571990966796875,,,,,,,,,,,,,,,,0.9920603036880493,8388608,0.0001,6.6277617135312825
jerrychsh-ucsd,dreamer4-tokenizer,qpuq9n6z,pusht-tokenizer,jerrychsh-ucsd/dreamer4-tokenizer/qpuq9n6z,killed,2026-05-02T02:20:46Z,,https://wandb.ai/jerrychsh-ucsd/dreamer4-tokenizer/runs/qpuq9n6z,37300,0.008846759796142578,0.0017178679117932916,0.03564445674419403,,,,,27.650104522705078,0.5283759832382202,0.4728851318359375,,,,,,,,,,,,,,,,0.9921121001243591,8388608,0.0001,6.645614309244686
jerrychsh-ucsd,dreamer4-tokenizer,qpuq9n6z,pusht-tokenizer,jerrychsh-ucsd/dreamer4-tokenizer/qpuq9n6z,killed,2026-05-02T02:20:46Z,,https://wandb.ai/jerrychsh-ucsd/dreamer4-tokenizer/runs/qpuq9n6z,37400,0.012605153024196625,0.002608154434710741,0.04998499155044556,,,,,25.836668014526367,0.5811290740966797,0.4249420166015625,,,,,,,,,,,,,,,,0.9913339614868164,8388608,0.0001,6.663431126409106
jerrychsh-ucsd,dreamer4-tokenizer,qpuq9n6z,pusht-tokenizer,jerrychsh-ucsd/dreamer4-tokenizer/qpuq9n6z,killed,2026-05-02T02:20:46Z,,https://wandb.ai/jerrychsh-ucsd/dreamer4-tokenizer/runs/qpuq9n6z,37500,0.012764541432261467,0.0021778224036097527,0.052933596074581146,,,,,26.619775772094727,0.5456498265266418,0.453582763671875,,,,,,,,,,,,,,,,0.9861700534820557,8388608,0.0001,6.681233793165949
jerrychsh-ucsd,dreamer4-tokenizer,qpuq9n6z,pusht-tokenizer,jerrychsh-ucsd/dreamer4-tokenizer/qpuq9n6z,killed,2026-05-02T02:20:46Z,,https://wandb.ai/jerrychsh-ucsd/dreamer4-tokenizer/runs/qpuq9n6z,37600,0.011553755030035973,0.0023375325836241245,0.04608110710978508,,,,,26.31242561340332,0.5739719867706299,0.4277801513671875,,,,,,,,,,,,,,,,0.990863561630249,8388608,0.0001,6.699136824409167
jerrychsh-ucsd,dreamer4-tokenizer,qpuq9n6z,pusht-tokenizer,jerrychsh-ucsd/dreamer4-tokenizer/qpuq9n6z,killed,2026-05-02T02:20:46Z,,https://wandb.ai/jerrychsh-ucsd/dreamer4-tokenizer/runs/qpuq9n6z,37700,0.01264592632651329,0.002438246738165617,0.05103839933872223,,,,,26.12922477722168,0.5250930786132812,0.477081298828125,,,,,,,,,,,,,,,,0.9909185767173767,8388608,0.0001,6.716948671870761
jerrychsh-ucsd,dreamer4-tokenizer,qpuq9n6z,pusht-tokenizer,jerrychsh-ucsd/dreamer4-tokenizer/qpuq9n6z,killed,2026-05-02T02:20:46Z,,https://wandb.ai/jerrychsh-ucsd/dreamer4-tokenizer/runs/qpuq9n6z,37800,0.010411832481622696,0.002429464366286993,0.03991183638572693,,,,,26.144895553588867,0.5534433126449585,0.445343017578125,,,,,,,,,,,,,,,,0.9920720458030701,8388608,0.0001,6.734767016569774
jerrychsh-ucsd,dreamer4-tokenizer,qpuq9n6z,pusht-tokenizer,jerrychsh-ucsd/dreamer4-tokenizer/qpuq9n6z,killed,2026-05-02T02:20:46Z,,https://wandb.ai/jerrychsh-ucsd/dreamer4-tokenizer/runs/qpuq9n6z,37900,0.00890299677848816,0.0017122230492532253,0.03595386818051338,,,,,27.664396286010742,0.5889980792999268,0.4095916748046875,,,,,,,,,,,,,,,,0.9897937178611755,8388608,0.0001,6.7525861175192725
jerrychsh-ucsd,dreamer4-tokenizer,qpuq9n6z,pusht-tokenizer,jerrychsh-ucsd/dreamer4-tokenizer/qpuq9n6z,killed,2026-05-02T02:20:46Z,,https://wandb.ai/jerrychsh-ucsd/dreamer4-tokenizer/runs/qpuq9n6z,38000,0.009583333507180214,0.0024650131817907095,0.03559160232543945,,,,,26.08180809020996,0.5767776966094971,0.4256134033203125,,,,,,,,,,,,,,,,0.9902787208557129,8388608,0.0001,6.770409248802397
jerrychsh-ucsd,dreamer4-tokenizer,qpuq9n6z,pusht-tokenizer,jerrychsh-ucsd/dreamer4-tokenizer/qpuq9n6z,killed,2026-05-02T02:20:46Z,,https://wandb.ai/jerrychsh-ucsd/dreamer4-tokenizer/runs/qpuq9n6z,38100,0.00791981816291809,0.001797376316972077,0.03061220794916153,,,,,27.453611373901367,0.546558141708374,0.4524383544921875,,,,,,,,,,,,,,,,0.9913067817687988,8388608,0.0001,6.78832070198324
jerrychsh-ucsd,dreamer4-tokenizer,qpuq9n6z,pusht-tokenizer,jerrychsh-ucsd/dreamer4-tokenizer/qpuq9n6z,killed,2026-05-02T02:20:46Z,,https://wandb.ai/jerrychsh-ucsd/dreamer4-tokenizer/runs/qpuq9n6z,38200,0.010452636517584324,0.002085910877212882,0.041833627969026566,,,,,26.807043075561523,0.6056278347969055,0.3941497802734375,,,,,,,,,,,,,,,,0.991159200668335,8388608,0.0001,6.806140071815914
jerrychsh-ucsd,dreamer4-tokenizer,qpuq9n6z,pusht-tokenizer,jerrychsh-ucsd/dreamer4-tokenizer/qpuq9n6z,killed,2026-05-02T02:20:46Z,,https://wandb.ai/jerrychsh-ucsd/dreamer4-tokenizer/runs/qpuq9n6z,38300,0.009852183051407337,0.0023244621697813272,0.03763860464096069,,,,,26.336776733398438,0.5971018075942993,0.40081787109375,,,,,,,,,,,,,,,,0.9945223331451416,8388608,0.0001,6.8239551545514
jerrychsh-ucsd,dreamer4-tokenizer,qpuq9n6z,pusht-tokenizer,jerrychsh-ucsd/dreamer4-tokenizer/qpuq9n6z,killed,2026-05-02T02:20:46Z,,https://wandb.ai/jerrychsh-ucsd/dreamer4-tokenizer/runs/qpuq9n6z,38400,0.011389929801225662,0.0026162827853113413,0.04386823624372482,,,,,25.823152542114258,0.5641437768936157,0.434844970703125,,,,,,,,,,,,,,,,0.9926785230636597,8388608,0.0001,6.841749832630158
jerrychsh-ucsd,dreamer4-tokenizer,qpuq9n6z,pusht-tokenizer,jerrychsh-ucsd/dreamer4-tokenizer/qpuq9n6z,killed,2026-05-02T02:20:46Z,,https://wandb.ai/jerrychsh-ucsd/dreamer4-tokenizer/runs/qpuq9n6z,38500,0.010245104320347309,0.0025018169544637203,0.03871643543243408,,,,,26.017444610595703,0.5781890749931335,0.42181396484375,,,,,,,,,,,,,,,,0.9918355345726013,8388608,0.0001,6.859563192923864
jerrychsh-ucsd,dreamer4-tokenizer,qpuq9n6z,pusht-tokenizer,jerrychsh-ucsd/dreamer4-tokenizer/qpuq9n6z,killed,2026-05-02T02:20:46Z,,https://wandb.ai/jerrychsh-ucsd/dreamer4-tokenizer/runs/qpuq9n6z,38600,0.010884386487305164,0.0020474570337682962,0.044184647500514984,,,,,26.887853622436523,0.5218400955200195,0.477813720703125,,,,,,,,,,,,,,,,0.99271160364151,8388608,0.0001,6.877469083004527
jerrychsh-ucsd,dreamer4-tokenizer,qpuq9n6z,pusht-tokenizer,jerrychsh-ucsd/dreamer4-tokenizer/qpuq9n6z,killed,2026-05-02T02:20:46Z,,https://wandb.ai/jerrychsh-ucsd/dreamer4-tokenizer/runs/qpuq9n6z,38700,0.011274226941168308,0.0027634690050035715,0.04255378991365433,,,,,25.58545684814453,0.5478497743606567,0.452301025390625,,,,,,,,,,,,,,,,0.9913923144340515,8388608,0.0001,6.895284374223815
jerrychsh-ucsd,dreamer4-tokenizer,qpuq9n6z,pusht-tokenizer,jerrychsh-ucsd/dreamer4-tokenizer/qpuq9n6z,killed,2026-05-02T02:20:46Z,,https://wandb.ai/jerrychsh-ucsd/dreamer4-tokenizer/runs/qpuq9n6z,38800,0.014103177934885025,0.002585798967629671,0.05758689343929291,,,,,25.874052047729492,0.5031274557113647,0.4972686767578125,,,,,,,,,,,,,,,,0.9922422766685486,8388608,0.0001,6.913079684641626
jerrychsh-ucsd,dreamer4-tokenizer,qpuq9n6z,pusht-tokenizer,jerrychsh-ucsd/dreamer4-tokenizer/qpuq9n6z,killed,2026-05-02T02:20:46Z,,https://wandb.ai/jerrychsh-ucsd/dreamer4-tokenizer/runs/qpuq9n6z,38900,0.012187355197966099,0.0022300544660538435,0.04978650063276291,,,,,26.516845703125,0.49894505739212036,0.5001373291015625,,,,,,,,,,,,,,,,0.993227481842041,8388608,0.0001,6.930877682036824
jerrychsh-ucsd,dreamer4-tokenizer,qpuq9n6z,pusht-tokenizer,jerrychsh-ucsd/dreamer4-tokenizer/qpuq9n6z,killed,2026-05-02T02:20:46Z,,https://wandb.ai/jerrychsh-ucsd/dreamer4-tokenizer/runs/qpuq9n6z,39000,0.01203374657779932,0.0023206823971122503,0.048565320670604706,,,,,26.343843460083008,0.5769906044006348,0.42254638671875,,,,,,,,,,,,,,,,0.9910492300987244,8388608,0.0001,6.948680095473925
jerrychsh-ucsd,dreamer4-tokenizer,qpuq9n6z,pusht-tokenizer,jerrychsh-ucsd/dreamer4-tokenizer/qpuq9n6z,killed,2026-05-02T02:20:46Z,,https://wandb.ai/jerrychsh-ucsd/dreamer4-tokenizer/runs/qpuq9n6z,39100,0.010627036914229393,0.0024687282275408506,0.04079154133796692,,,,,26.075267791748047,0.576411247253418,0.4239044189453125,,,,,,,,,,,,,,,,0.9928608536720276,4194304,0.0001,6.966587823099561
jerrychsh-ucsd,dreamer4-tokenizer,qpuq9n6z,pusht-tokenizer,jerrychsh-ucsd/dreamer4-tokenizer/qpuq9n6z,killed,2026-05-02T02:20:46Z,,https://wandb.ai/jerrychsh-ucsd/dreamer4-tokenizer/runs/qpuq9n6z,39200,0.00657182652503252,0.0016700845444574952,0.024508709087967873,,,,,27.77261734008789,0.6036546230316162,0.3944091796875,,,,,,,,,,,,,,,,0.9918639063835144,4194304,0.0001,6.98439262410005
jerrychsh-ucsd,dreamer4-tokenizer,qpuq9n6z,pusht-tokenizer,jerrychsh-ucsd/dreamer4-tokenizer/qpuq9n6z,killed,2026-05-02T02:20:46Z,,https://wandb.ai/jerrychsh-ucsd/dreamer4-tokenizer/runs/qpuq9n6z,39300,0.011637674644589424,0.0027849033940583467,0.04426385462284088,,,,,25.551898956298828,0.522092878818512,0.475341796875,,,,,,,,,,,,,,,,0.9931616187095642,4194304,0.0001,7.002194864683681
jerrychsh-ucsd,dreamer4-tokenizer,qpuq9n6z,pusht-tokenizer,jerrychsh-ucsd/dreamer4-tokenizer/qpuq9n6z,killed,2026-05-02T02:20:46Z,,https://wandb.ai/jerrychsh-ucsd/dreamer4-tokenizer/runs/qpuq9n6z,39400,0.009985062293708324,0.0024797036312520504,0.03752679377794266,,,,,26.05600357055664,0.5339950323104858,0.465301513671875,,,,,,,,,,,,,,,,0.9928758144378662,4194304,0.0001,7.019990343319045
jerrychsh-ucsd,dreamer4-tokenizer,qpuq9n6z,pusht-tokenizer,jerrychsh-ucsd/dreamer4-tokenizer/qpuq9n6z,killed,2026-05-02T02:20:46Z,,https://wandb.ai/jerrychsh-ucsd/dreamer4-tokenizer/runs/qpuq9n6z,39500,0.012039740569889545,0.0023599062114953995,0.048399168998003006,,,,,26.271053314208984,0.5378533601760864,0.4575958251953125,,,,,,,,,,,,,,,,0.9924736022949219,4194304,0.0001,7.037811624142859
jerrychsh-ucsd,dreamer4-tokenizer,qpuq9n6z,pusht-tokenizer,jerrychsh-ucsd/dreamer4-tokenizer/qpuq9n6z,killed,2026-05-02T02:20:46Z,,https://wandb.ai/jerrychsh-ucsd/dreamer4-tokenizer/runs/qpuq9n6z,39600,0.011846993118524551,0.002689571352675557,0.045787110924720764,,,,,25.703170776367188,0.5332597494125366,0.466339111328125,,,,,,,,,,,,,,,,0.9923309087753296,4194304,0.0001,7.055708799494638
jerrychsh-ucsd,dreamer4-tokenizer,qpuq9n6z,pusht-tokenizer,jerrychsh-ucsd/dreamer4-tokenizer/qpuq9n6z,killed,2026-05-02T02:20:46Z,,https://wandb.ai/jerrychsh-ucsd/dreamer4-tokenizer/runs/qpuq9n6z,39700,0.008335751481354237,0.0017877580830827355,0.03273996710777283,,,,,27.476911544799805,0.5659817457199097,0.433502197265625,,,,,,,,,,,,,,,,0.9910882711410522,4194304,0.0001,7.073502917157279
jerrychsh-ucsd,dreamer4-tokenizer,qpuq9n6z,pusht-tokenizer,jerrychsh-ucsd/dreamer4-tokenizer/qpuq9n6z,killed,2026-05-02T02:20:46Z,,https://wandb.ai/jerrychsh-ucsd/dreamer4-tokenizer/runs/qpuq9n6z,39800,0.011223440989851952,0.0021394602954387665,0.045419901609420776,,,,,26.696958541870117,0.5731627941131592,0.4250335693359375,,,,,,,,,,,,,,,,0.9907983541488647,4194304,0.0001,7.091303784449895
jerrychsh-ucsd,dreamer4-tokenizer,qpuq9n6z,pusht-tokenizer,jerrychsh-ucsd/dreamer4-tokenizer/qpuq9n6z,killed,2026-05-02T02:20:46Z,,https://wandb.ai/jerrychsh-ucsd/dreamer4-tokenizer/runs/qpuq9n6z,39900,0.009630405344069004,0.0021956346463412046,0.03717385232448578,,,,,26.58439826965332,0.5482407808303833,0.4518585205078125,,,,,,,,,,,,,,,,0.9912782907485962,4194304,0.0001,7.109094532330831
jerrychsh-ucsd,dreamer4-tokenizer,qpuq9n6z,pusht-tokenizer,jerrychsh-ucsd/dreamer4-tokenizer/qpuq9n6z,killed,2026-05-02T02:20:46Z,,https://wandb.ai/jerrychsh-ucsd/dreamer4-tokenizer/runs/qpuq9n6z,40000,0.009238285012543201,0.0023555282969027758,0.03441378101706505,,,,,26.279115676879883,0.5670182108879089,0.4318084716796875,,,,,,,,,,,,,,,,0.992067277431488,4194304,0.0001,7.126899534463883
jerrychsh-ucsd,dreamer4-tokenizer,qpuq9n6z,pusht-tokenizer,jerrychsh-ucsd/dreamer4-tokenizer/qpuq9n6z,killed,2026-05-02T02:20:46Z,,https://wandb.ai/jerrychsh-ucsd/dreamer4-tokenizer/runs/qpuq9n6z,40100,0.010912029072642326,0.0024938310962170362,0.04209098592400551,,,,,26.031330108642578,0.5587129592895508,0.443359375,,,,,,,,,,,,,,,,0.9931480884552002,4194304,0.0001,7.14493415971597
jerrychsh-ucsd,dreamer4-tokenizer,qpuq9n6z,pusht-tokenizer,jerrychsh-ucsd/dreamer4-tokenizer/qpuq9n6z,killed,2026-05-02T02:20:46Z,,https://wandb.ai/jerrychsh-ucsd/dreamer4-tokenizer/runs/qpuq9n6z,40200,0.014401644468307495,0.002902951557189226,0.05749346688389778,,,,,25.371601104736328,0.5146887302398682,0.488128662109375,,,,,,,,,,,,,,,,0.9923262000083923,4194304,0.0001,7.162756418320868
jerrychsh-ucsd,dreamer4-tokenizer,qpuq9n6z,pusht-tokenizer,jerrychsh-ucsd/dreamer4-tokenizer/qpuq9n6z,killed,2026-05-02T02:20:46Z,,https://wandb.ai/jerrychsh-ucsd/dreamer4-tokenizer/runs/qpuq9n6z,40300,0.01280057430267334,0.0026349518448114395,0.05082811042666435,,,,,25.792274475097656,0.4974115788936615,0.5007781982421875,,,,,,,,,,,,,,,,0.9907472133636475,4194304,0.0001,7.180565690861808
jerrychsh-ucsd,dreamer4-tokenizer,qpuq9n6z,pusht-tokenizer,jerrychsh-ucsd/dreamer4-tokenizer/qpuq9n6z,killed,2026-05-02T02:20:46Z,,https://wandb.ai/jerrychsh-ucsd/dreamer4-tokenizer/runs/qpuq9n6z,40400,0.015121713280677795,0.0025637357030063868,0.06278988718986511,,,,,25.911270141601562,0.569429337978363,0.430206298828125,,,,,,,,,,,,,,,,0.9904711246490479,4194304,0.0001,7.1983661321136685
jerrychsh-ucsd,dreamer4-tokenizer,qpuq9n6z,pusht-tokenizer,jerrychsh-ucsd/dreamer4-tokenizer/qpuq9n6z,killed,2026-05-02T02:20:46Z,,https://wandb.ai/jerrychsh-ucsd/dreamer4-tokenizer/runs/qpuq9n6z,40500,0.012007677927613258,0.0023725524079054594,0.0481756255030632,,,,,26.24784278869629,0.5750444531440735,0.425537109375,,,,,,,,,,,,,,,,0.992296576499939,4194304,0.0001,7.216155911684036
jerrychsh-ucsd,dreamer4-tokenizer,qpuq9n6z,pusht-tokenizer,jerrychsh-ucsd/dreamer4-tokenizer/qpuq9n6z,killed,2026-05-02T02:20:46Z,,https://wandb.ai/jerrychsh-ucsd/dreamer4-tokenizer/runs/qpuq9n6z,40600,0.013934977352619171,0.002468312159180641,0.0573333241045475,,,,,26.076000213623047,0.5442315936088562,0.4560699462890625,,,,,,,,,,,,,,,,0.9921795129776001,4194304,0.0001,7.234056824445725
jerrychsh-ucsd,dreamer4-tokenizer,qpuq9n6z,pusht-tokenizer,jerrychsh-ucsd/dreamer4-tokenizer/qpuq9n6z,killed,2026-05-02T02:20:46Z,,https://wandb.ai/jerrychsh-ucsd/dreamer4-tokenizer/runs/qpuq9n6z,40700,0.009742184542119503,0.0017441280651837587,0.03999028354883194,,,,,27.584217071533203,0.546330451965332,0.453155517578125,,,,,,,,,,,,,,,,0.9896619319915771,4194304,0.0001,7.251861600279808
jerrychsh-ucsd,dreamer4-tokenizer,qpuq9n6z,pusht-tokenizer,jerrychsh-ucsd/dreamer4-tokenizer/qpuq9n6z,killed,2026-05-02T02:20:46Z,,https://wandb.ai/jerrychsh-ucsd/dreamer4-tokenizer/runs/qpuq9n6z,40800,0.009977078065276146,0.0019782893359661102,0.03999394178390503,,,,,27.0371036529541,0.590637743473053,0.41119384765625,,,,,,,,,,,,,,,,0.991680383682251,4194304,0.0001,7.269656591945225
jerrychsh-ucsd,dreamer4-tokenizer,qpuq9n6z,pusht-tokenizer,jerrychsh-ucsd/dreamer4-tokenizer/qpuq9n6z,killed,2026-05-02T02:20:46Z,,https://wandb.ai/jerrychsh-ucsd/dreamer4-tokenizer/runs/qpuq9n6z,40900,0.013891668058931828,0.0025578991044312716,0.05666884407401085,,,,,25.921165466308594,0.5307424068450928,0.4681243896484375,,,,,,,,,,,,,,,,0.9883993864059448,4194304,0.0001,7.287460766567124
jerrychsh-ucsd,dreamer4-tokenizer,qpuq9n6z,pusht-tokenizer,jerrychsh-ucsd/dreamer4-tokenizer/qpuq9n6z,killed,2026-05-02T02:20:46Z,,https://wandb.ai/jerrychsh-ucsd/dreamer4-tokenizer/runs/qpuq9n6z,41000,0.012952791526913643,0.0025865703355520964,0.05183110386133194,,,,,25.872756958007812,0.5196740031242371,0.480712890625,,,,,,,,,,,,,,,,0.9917114973068237,4194304,0.0001,7.305281798111068
jerrychsh-ucsd,dreamer4-tokenizer,qpuq9n6z,pusht-tokenizer,jerrychsh-ucsd/dreamer4-tokenizer/qpuq9n6z,killed,2026-05-02T02:20:46Z,,https://wandb.ai/jerrychsh-ucsd/dreamer4-tokenizer/runs/qpuq9n6z,41100,0.012912390753626823,0.002586638554930687,0.05162876099348068,,,,,25.872642517089844,0.5520407557487488,0.4483642578125,,,,,,,,,,,,,,,,0.9916572570800781,8388608,0.0001,7.323189182215267
jerrychsh-ucsd,dreamer4-tokenizer,qpuq9n6z,pusht-tokenizer,jerrychsh-ucsd/dreamer4-tokenizer/qpuq9n6z,killed,2026-05-02T02:20:46Z,,https://wandb.ai/jerrychsh-ucsd/dreamer4-tokenizer/runs/qpuq9n6z,41200,0.011205025017261505,0.002051563234999776,0.04576731100678444,,,,,26.879150390625,0.5292116403579712,0.467987060546875,,,,,,,,,,,,,,,,0.9915698170661926,8388608,0.0001,7.340992800858285
jerrychsh-ucsd,dreamer4-tokenizer,qpuq9n6z,pusht-tokenizer,jerrychsh-ucsd/dreamer4-tokenizer/qpuq9n6z,killed,2026-05-02T02:20:46Z,,https://wandb.ai/jerrychsh-ucsd/dreamer4-tokenizer/runs/qpuq9n6z,41300,0.009357736445963383,0.0018448171904310584,0.03756459802389145,,,,,27.340469360351562,0.5922248363494873,0.4097137451171875,,,,,,,,,,,,,,,,0.991250216960907,8388608,0.0001,7.3587918343146645
jerrychsh-ucsd,dreamer4-tokenizer,qpuq9n6z,pusht-tokenizer,jerrychsh-ucsd/dreamer4-tokenizer/qpuq9n6z,killed,2026-05-02T02:20:46Z,,https://wandb.ai/jerrychsh-ucsd/dreamer4-tokenizer/runs/qpuq9n6z,41400,0.007779575418680906,0.0016060814959928393,0.03086746856570244,,,,,27.942325592041016,0.6275005340576172,0.370452880859375,,,,,,,,,,,,,,,,0.9906593561172485,8388608,0.0001,7.376590071651671
jerrychsh-ucsd,dreamer4-tokenizer,qpuq9n6z,pusht-tokenizer,jerrychsh-ucsd/dreamer4-tokenizer/qpuq9n6z,killed,2026-05-02T02:20:46Z,,https://wandb.ai/jerrychsh-ucsd/dreamer4-tokenizer/runs/qpuq9n6z,41500,0.010440841317176819,0.002227514749392867,0.04106663167476654,,,,,26.52179527282715,0.5490855574607849,0.4540252685546875,,,,,,,,,,,,,,,,0.9898778200149536,8388608,0.0001,7.394400584035449
jerrychsh-ucsd,dreamer4-tokenizer,qpuq9n6z,pusht-tokenizer,jerrychsh-ucsd/dreamer4-tokenizer/qpuq9n6z,killed,2026-05-02T02:20:46Z,,https://wandb.ai/jerrychsh-ucsd/dreamer4-tokenizer/runs/qpuq9n6z,41600,0.011489961296319962,0.0019322767620906234,0.04778842255473137,,,,,27.13930892944336,0.541022002696991,0.4566802978515625,,,,,,,,,,,,,,,,0.9917683601379395,8388608,0.0001,7.412323190967242
jerrychsh-ucsd,dreamer4-tokenizer,qpuq9n6z,pusht-tokenizer,jerrychsh-ucsd/dreamer4-tokenizer/qpuq9n6z,killed,2026-05-02T02:20:46Z,,https://wandb.ai/jerrychsh-ucsd/dreamer4-tokenizer/runs/qpuq9n6z,41700,0.009838558733463287,0.0022270483896136284,0.03805755451321602,,,,,26.522703170776367,0.6154473423957825,0.3807830810546875,,,,,,,,,,,,,,,,0.9924384355545044,8388608,0.0001,7.4301221857468285
jerrychsh-ucsd,dreamer4-tokenizer,qpuq9n6z,pusht-tokenizer,jerrychsh-ucsd/dreamer4-tokenizer/qpuq9n6z,killed,2026-05-02T02:20:46Z,,https://wandb.ai/jerrychsh-ucsd/dreamer4-tokenizer/runs/qpuq9n6z,41800,0.010987192392349243,0.0025006276555359364,0.04243282228708267,,,,,26.019508361816406,0.5567452907562256,0.4444427490234375,,,,,,,,,,,,,,,,0.9908067584037781,8388608,0.0001,7.447928076783816
jerrychsh-ucsd,dreamer4-tokenizer,qpuq9n6z,pusht-tokenizer,jerrychsh-ucsd/dreamer4-tokenizer/qpuq9n6z,killed,2026-05-02T02:20:46Z,,https://wandb.ai/jerrychsh-ucsd/dreamer4-tokenizer/runs/qpuq9n6z,41900,0.010328591801226139,0.0018964100163429976,0.04216090589761734,,,,,27.220678329467773,0.5670291185379028,0.43048095703125,,,,,,,,,,,,,,,,0.9927524328231812,8388608,0.0001,7.46574233578311
jerrychsh-ucsd,dreamer4-tokenizer,qpuq9n6z,pusht-tokenizer,jerrychsh-ucsd/dreamer4-tokenizer/qpuq9n6z,killed,2026-05-02T02:20:46Z,,https://wandb.ai/jerrychsh-ucsd/dreamer4-tokenizer/runs/qpuq9n6z,42000,0.009261556901037693,0.0019801666494458914,0.036406949162483215,,,,,27.032983779907227,0.5587027668952942,0.44317626953125,,,,,,,,,,,,,,,,0.9921316504478455,8388608,0.0001,7.483548393315739
jerrychsh-ucsd,dreamer4-tokenizer,qpuq9n6z,pusht-tokenizer,jerrychsh-ucsd/dreamer4-tokenizer/qpuq9n6z,killed,2026-05-02T02:20:46Z,,https://wandb.ai/jerrychsh-ucsd/dreamer4-tokenizer/runs/qpuq9n6z,42100,0.009277417324483395,0.0016703095752745867,0.03803553804755211,,,,,27.772029876708984,0.5763683319091797,0.4213104248046875,,,,,,,,,,,,,,,,0.9914854168891907,8388608,0.0001,7.501453627281719
jerrychsh-ucsd,dreamer4-tokenizer,qpuq9n6z,pusht-tokenizer,jerrychsh-ucsd/dreamer4-tokenizer/qpuq9n6z,killed,2026-05-02T02:20:46Z,,https://wandb.ai/jerrychsh-ucsd/dreamer4-tokenizer/runs/qpuq9n6z,42200,0.011197644285857677,0.0018683582311496139,0.04664643108844757,,,,,27.285400390625,0.5756274461746216,0.4212799072265625,,,,,,,,,,,,,,,,0.991056501865387,8388608,0.0001,7.519261477126015
jerrychsh-ucsd,dreamer4-tokenizer,qpuq9n6z,pusht-tokenizer,jerrychsh-ucsd/dreamer4-tokenizer/qpuq9n6z,killed,2026-05-02T02:20:46Z,,https://wandb.ai/jerrychsh-ucsd/dreamer4-tokenizer/runs/qpuq9n6z,42300,0.013657571747899055,0.0025477330200374126,0.055549196898937225,,,,,25.938461303710938,0.6060498356819153,0.3934173583984375,,,,,,,,,,,,,,,,0.9897022843360901,8388608,0.0001,7.537080707616276
jerrychsh-ucsd,dreamer4-tokenizer,qpuq9n6z,pusht-tokenizer,jerrychsh-ucsd/dreamer4-tokenizer/qpuq9n6z,killed,2026-05-02T02:20:46Z,,https://wandb.ai/jerrychsh-ucsd/dreamer4-tokenizer/runs/qpuq9n6z,42400,0.01212279498577118,0.0025262166745960712,0.04798289015889168,,,,,25.97529411315918,0.5995175838470459,0.3996429443359375,,,,,,,,,,,,,,,,0.9932944774627686,8388608,0.0001,7.554885512126817
jerrychsh-ucsd,dreamer4-tokenizer,qpuq9n6z,pusht-tokenizer,jerrychsh-ucsd/dreamer4-tokenizer/qpuq9n6z,killed,2026-05-02T02:20:46Z,,https://wandb.ai/jerrychsh-ucsd/dreamer4-tokenizer/runs/qpuq9n6z,42500,0.012579257600009441,0.0024875749368220568,0.05045841261744499,,,,,26.042240142822266,0.5897006988525391,0.41192626953125,,,,,,,,,,,,,,,,0.9901648759841919,8388608,0.0001,7.572694261206521
jerrychsh-ucsd,dreamer4-tokenizer,qpuq9n6z,pusht-tokenizer,jerrychsh-ucsd/dreamer4-tokenizer/qpuq9n6z,killed,2026-05-02T02:20:46Z,,https://wandb.ai/jerrychsh-ucsd/dreamer4-tokenizer/runs/qpuq9n6z,42600,0.011521128006279469,0.0023278091102838516,0.04596659541130066,,,,,26.33052635192871,0.4807228744029999,0.5214996337890625,,,,,,,,,,,,,,,,0.9918830990791321,8388608,0.0001,7.5905956968333985
jerrychsh-ucsd,dreamer4-tokenizer,qpuq9n6z,pusht-tokenizer,jerrychsh-ucsd/dreamer4-tokenizer/qpuq9n6z,killed,2026-05-02T02:20:46Z,,https://wandb.ai/jerrychsh-ucsd/dreamer4-tokenizer/runs/qpuq9n6z,42700,0.007114574313163757,0.002137204399332404,0.024886850267648697,,,,,26.701541900634766,0.6104204058647156,0.38885498046875,,,,,,,,,,,,,,,,0.9915622472763062,8388608,0.0001,7.608439022699992
jerrychsh-ucsd,dreamer4-tokenizer,qpuq9n6z,pusht-tokenizer,jerrychsh-ucsd/dreamer4-tokenizer/qpuq9n6z,killed,2026-05-02T02:20:46Z,,https://wandb.ai/jerrychsh-ucsd/dreamer4-tokenizer/runs/qpuq9n6z,42800,0.01180887408554554,0.002554920967668295,0.04626976698637009,,,,,25.926227569580078,0.5027973055839539,0.5001220703125,,,,,,,,,,,,,,,,0.9928115010261536,8388608,0.0001,7.626255730059412
jerrychsh-ucsd,dreamer4-tokenizer,qpuq9n6z,pusht-tokenizer,jerrychsh-ucsd/dreamer4-tokenizer/qpuq9n6z,killed,2026-05-02T02:20:46Z,,https://wandb.ai/jerrychsh-ucsd/dreamer4-tokenizer/runs/qpuq9n6z,42900,0.009821688756346703,0.0021118978038430214,0.03854895755648613,,,,,26.753271102905273,0.5429337024688721,0.4554290771484375,,,,,,,,,,,,,,,,0.9911211133003235,8388608,0.0001,7.644072137872378
jerrychsh-ucsd,dreamer4-tokenizer,qpuq9n6z,pusht-tokenizer,jerrychsh-ucsd/dreamer4-tokenizer/qpuq9n6z,killed,2026-05-02T02:20:46Z,,https://wandb.ai/jerrychsh-ucsd/dreamer4-tokenizer/runs/qpuq9n6z,43000,0.011596695519983768,0.00192156620323658,0.04837564751505852,,,,,27.163448333740234,0.5996990203857422,0.4028167724609375,,,,,,,,,,,,,,,,0.9916819930076599,8388608,0.0001,7.661882597870297
jerrychsh-ucsd,dreamer4-tokenizer,qpuq9n6z,pusht-tokenizer,jerrychsh-ucsd/dreamer4-tokenizer/qpuq9n6z,killed,2026-05-02T02:20:46Z,,https://wandb.ai/jerrychsh-ucsd/dreamer4-tokenizer/runs/qpuq9n6z,43100,0.013586290180683136,0.0024685519747436047,0.05558868870139122,,,,,26.075576782226562,0.5103946924209595,0.488922119140625,,,,,,,,,,,,,,,,0.9900097846984863,16777216,0.0001,7.679779823753569
jerrychsh-ucsd,dreamer4-tokenizer,qpuq9n6z,pusht-tokenizer,jerrychsh-ucsd/dreamer4-tokenizer/qpuq9n6z,killed,2026-05-02T02:20:46Z,,https://wandb.ai/jerrychsh-ucsd/dreamer4-tokenizer/runs/qpuq9n6z,43200,0.01141224056482315,0.002405497245490551,0.045033715665340424,,,,,26.187952041625977,0.5465598106384277,0.4521484375,,,,,,,,,,,,,,,,0.9891601800918579,16777216,0.0001,7.69758916258812
jerrychsh-ucsd,dreamer4-tokenizer,qpuq9n6z,pusht-tokenizer,jerrychsh-ucsd/dreamer4-tokenizer/qpuq9n6z,killed,2026-05-02T02:20:46Z,,https://wandb.ai/jerrychsh-ucsd/dreamer4-tokenizer/runs/qpuq9n6z,43300,0.006730824708938599,0.0014600020367652178,0.026354113593697548,,,,,28.35646629333496,0.5863335132598877,0.4136199951171875,,,,,,,,,,,,,,,,0.9922626614570618,8388608,0.0001,7.715410342282719
jerrychsh-ucsd,dreamer4-tokenizer,qpuq9n6z,pusht-tokenizer,jerrychsh-ucsd/dreamer4-tokenizer/qpuq9n6z,killed,2026-05-02T02:20:46Z,,https://wandb.ai/jerrychsh-ucsd/dreamer4-tokenizer/runs/qpuq9n6z,43400,0.009081609547138214,0.001796538708731532,0.036425355821847916,,,,,27.45563507080078,0.5604403018951416,0.4405364990234375,,,,,,,,,,,,,,,,0.9913306832313538,8388608,0.0001,7.733228575454818
jerrychsh-ucsd,dreamer4-tokenizer,qpuq9n6z,pusht-tokenizer,jerrychsh-ucsd/dreamer4-tokenizer/qpuq9n6z,killed,2026-05-02T02:20:46Z,,https://wandb.ai/jerrychsh-ucsd/dreamer4-tokenizer/runs/qpuq9n6z,43500,0.00866655446588993,0.0020325982477515936,0.03316977992653847,,,,,26.91948699951172,0.5936405658721924,0.407318115234375,,,,,,,,,,,,,,,,0.9923528432846069,8388608,0.0001,7.7510444694757465
jerrychsh-ucsd,dreamer4-tokenizer,qpuq9n6z,pusht-tokenizer,jerrychsh-ucsd/dreamer4-tokenizer/qpuq9n6z,killed,2026-05-02T02:20:46Z,,https://wandb.ai/jerrychsh-ucsd/dreamer4-tokenizer/runs/qpuq9n6z,43600,0.009482813999056816,0.0018677366897463799,0.03807538375258446,,,,,27.286842346191406,0.5094980001449585,0.4912872314453125,,,,,,,,,,,,,,,,0.9935317039489746,8388608,0.0001,7.7689476628435985
jerrychsh-ucsd,dreamer4-tokenizer,qpuq9n6z,pusht-tokenizer,jerrychsh-ucsd/dreamer4-tokenizer/qpuq9n6z,killed,2026-05-02T02:20:46Z,,https://wandb.ai/jerrychsh-ucsd/dreamer4-tokenizer/runs/qpuq9n6z,43700,0.00977378897368908,0.0023277385625988245,0.03723025321960449,,,,,26.330659866333008,0.5059075951576233,0.49334716796875,,,,,,,,,,,,,,,,0.993699848651886,8388608,0.0001,7.78675638490253
jerrychsh-ucsd,dreamer4-tokenizer,qpuq9n6z,pusht-tokenizer,jerrychsh-ucsd/dreamer4-tokenizer/qpuq9n6z,killed,2026-05-02T02:20:46Z,,https://wandb.ai/jerrychsh-ucsd/dreamer4-tokenizer/runs/qpuq9n6z,43800,0.015416886657476425,0.002654979471117258,0.06380953639745712,,,,,25.759389877319336,0.49817925691604614,0.501068115234375,,,,,,,,,,,,,,,,0.9919796586036682,8388608,0.0001,7.804576275216209
jerrychsh-ucsd,dreamer4-tokenizer,qpuq9n6z,pusht-tokenizer,jerrychsh-ucsd/dreamer4-tokenizer/qpuq9n6z,killed,2026-05-02T02:20:46Z,,https://wandb.ai/jerrychsh-ucsd/dreamer4-tokenizer/runs/qpuq9n6z,43900,0.011790713295340538,0.002468546386808157,0.04661083593964577,,,,,26.075590133666992,0.5591040849685669,0.4420013427734375,,,,,,,,,,,,,,,,0.9894878268241882,8388608,0.0001,7.822393373184734
jerrychsh-ucsd,dreamer4-tokenizer,qpuq9n6z,pusht-tokenizer,jerrychsh-ucsd/dreamer4-tokenizer/qpuq9n6z,killed,2026-05-02T02:20:46Z,,https://wandb.ai/jerrychsh-ucsd/dreamer4-tokenizer/runs/qpuq9n6z,44000,0.013189291581511497,0.002574784681200981,0.05307253450155258,,,,,25.89259147644043,0.5397521257400513,0.4610443115234375,,,,,,,,,,,,,,,,0.9917771816253662,8388608,0.0001,7.840207383831342
jerrychsh-ucsd,dreamer4-tokenizer,qpuq9n6z,pusht-tokenizer,jerrychsh-ucsd/dreamer4-tokenizer/qpuq9n6z,killed,2026-05-02T02:20:46Z,,https://wandb.ai/jerrychsh-ucsd/dreamer4-tokenizer/runs/qpuq9n6z,44100,0.009158829227089882,0.0019525067182257771,0.036031611263751984,,,,,27.09407615661621,0.5933724641799927,0.407928466796875,,,,,,,,,,,,,,,,0.9925121665000916,8388608,0.0001,7.858114842573801
jerrychsh-ucsd,dreamer4-tokenizer,qpuq9n6z,pusht-tokenizer,jerrychsh-ucsd/dreamer4-tokenizer/qpuq9n6z,killed,2026-05-02T02:20:46Z,,https://wandb.ai/jerrychsh-ucsd/dreamer4-tokenizer/runs/qpuq9n6z,44200,0.0101634431630373,0.0021159083116799593,0.0402376726269722,,,,,26.745033264160156,0.5784465074539185,0.419586181640625,,,,,,,,,,,,,,,,0.9921780824661255,8388608,0.0001,7.875936563081211
jerrychsh-ucsd,dreamer4-tokenizer,qpuq9n6z,pusht-tokenizer,jerrychsh-ucsd/dreamer4-tokenizer/qpuq9n6z,killed,2026-05-02T02:20:46Z,,https://wandb.ai/jerrychsh-ucsd/dreamer4-tokenizer/runs/qpuq9n6z,44300,0.012484664097428322,0.0020520761609077454,0.05216293781995773,,,,,26.878067016601562,0.4742121398448944,0.52362060546875,,,,,,,,,,,,,,,,0.9910937547683716,8388608,0.0001,7.893744824396239
jerrychsh-ucsd,dreamer4-tokenizer,qpuq9n6z,pusht-tokenizer,jerrychsh-ucsd/dreamer4-tokenizer/qpuq9n6z,killed,2026-05-02T02:20:46Z,,https://wandb.ai/jerrychsh-ucsd/dreamer4-tokenizer/runs/qpuq9n6z,44400,0.009800976142287254,0.0020118849352002144,0.038945458829402924,,,,,26.96396827697754,0.5418207049369812,0.457977294921875,,,,,,,,,,,,,,,,0.9923158884048462,8388608,0.0001,7.9115703843699565
jerrychsh-ucsd,dreamer4-tokenizer,qpuq9n6z,pusht-tokenizer,jerrychsh-ucsd/dreamer4-tokenizer/qpuq9n6z,killed,2026-05-02T02:20:46Z,,https://wandb.ai/jerrychsh-ucsd/dreamer4-tokenizer/runs/qpuq9n6z,44500,0.009520504623651505,0.002090559806674719,0.03714972361922264,,,,,26.797374725341797,0.5779386162757874,0.4250946044921875,,,,,,,,,,,,,,,,0.9909665584564209,8388608,0.0001,7.929383949173821
jerrychsh-ucsd,dreamer4-tokenizer,qpuq9n6z,pusht-tokenizer,jerrychsh-ucsd/dreamer4-tokenizer/qpuq9n6z,killed,2026-05-02T02:20:46Z,,https://wandb.ai/jerrychsh-ucsd/dreamer4-tokenizer/runs/qpuq9n6z,44600,0.01064741238951683,0.0024463324807584286,0.04100540280342102,,,,,26.114845275878906,0.5772440433502197,0.4231719970703125,,,,,,,,,,,,,,,,0.9912746548652649,8388608,0.0001,7.947291062937842
jerrychsh-ucsd,dreamer4-tokenizer,qpuq9n6z,pusht-tokenizer,jerrychsh-ucsd/dreamer4-tokenizer/qpuq9n6z,killed,2026-05-02T02:20:46Z,,https://wandb.ai/jerrychsh-ucsd/dreamer4-tokenizer/runs/qpuq9n6z,44700,0.011104043573141098,0.0018033453961834311,0.04650349169969559,,,,,27.439212799072266,0.5229657888412476,0.4768524169921875,,,,,,,,,,,,,,,,0.9902711510658264,8388608,0.0001,7.9651038967900805
jerrychsh-ucsd,dreamer4-tokenizer,qpuq9n6z,pusht-tokenizer,jerrychsh-ucsd/dreamer4-tokenizer/qpuq9n6z,killed,2026-05-02T02:20:46Z,,https://wandb.ai/jerrychsh-ucsd/dreamer4-tokenizer/runs/qpuq9n6z,44800,0.011028332635760307,0.0020769762340933084,0.04475678130984306,,,,,26.825685501098633,0.5193361043930054,0.479522705078125,,,,,,,,,,,,,,,,0.9922053813934326,8388608,0.0001,7.98291849301921
jerrychsh-ucsd,dreamer4-tokenizer,qpuq9n6z,pusht-tokenizer,jerrychsh-ucsd/dreamer4-tokenizer/qpuq9n6z,killed,2026-05-02T02:20:46Z,,https://wandb.ai/jerrychsh-ucsd/dreamer4-tokenizer/runs/qpuq9n6z,44900,0.011185127310454845,0.0019382715690881014,0.04623427987098694,,,,,27.1258544921875,0.5331785678863525,0.46710205078125,,,,,,,,,,,,,,,,0.9902262091636658,8388608,0.0001,8.000729759600427
jerrychsh-ucsd,dreamer4-tokenizer,qpuq9n6z,pusht-tokenizer,jerrychsh-ucsd/dreamer4-tokenizer/qpuq9n6z,killed,2026-05-02T02:20:46Z,,https://wandb.ai/jerrychsh-ucsd/dreamer4-tokenizer/runs/qpuq9n6z,45000,0.009515445679426193,0.0019115161849185824,0.03801964968442917,,,,,27.186222076416016,0.5325528383255005,0.4700927734375,,,,,,,,,,,,,,,,0.9895625114440918,4194304,0.0001,8.018542415764596
jerrychsh-ucsd,dreamer4-tokenizer,qpuq9n6z,pusht-tokenizer,jerrychsh-ucsd/dreamer4-tokenizer/qpuq9n6z,killed,2026-05-02T02:20:46Z,,https://wandb.ai/jerrychsh-ucsd/dreamer4-tokenizer/runs/qpuq9n6z,45100,0.010737154632806778,0.0027850933838635683,0.03976030647754669,,,,,25.551603317260742,0.5585016012191772,0.4389801025390625,,,,,,,,,,,,,,,,0.9913842082023621,4194304,0.0001,8.036528941525352
jerrychsh-ucsd,dreamer4-tokenizer,qpuq9n6z,pusht-tokenizer,jerrychsh-ucsd/dreamer4-tokenizer/qpuq9n6z,killed,2026-05-02T02:20:46Z,,https://wandb.ai/jerrychsh-ucsd/dreamer4-tokenizer/runs/qpuq9n6z,45200,0.00818176381289959,0.0018262367229908705,0.03177763521671295,,,,,27.384431838989258,0.5960549116134644,0.4069366455078125,,,,,,,,,,,,,,,,0.9913652539253235,4194304,0.0001,8.054340748654472
jerrychsh-ucsd,dreamer4-tokenizer,qpuq9n6z,pusht-tokenizer,jerrychsh-ucsd/dreamer4-tokenizer/qpuq9n6z,killed,2026-05-02T02:20:46Z,,https://wandb.ai/jerrychsh-ucsd/dreamer4-tokenizer/runs/qpuq9n6z,45300,0.012928750365972519,0.002296850550919771,0.053159501403570175,,,,,26.388671875,0.48133385181427,0.521240234375,,,,,,,,,,,,,,,,0.9915189146995544,4194304,0.0001,8.072165782517857
jerrychsh-ucsd,dreamer4-tokenizer,qpuq9n6z,pusht-tokenizer,jerrychsh-ucsd/dreamer4-tokenizer/qpuq9n6z,killed,2026-05-02T02:20:46Z,,https://wandb.ai/jerrychsh-ucsd/dreamer4-tokenizer/runs/qpuq9n6z,45400,0.012820863164961338,0.002136820927262306,0.053420208394527435,,,,,26.70231819152832,0.5388398766517639,0.4597015380859375,,,,,,,,,,,,,,,,0.9923273324966431,4194304,0.0001,8.089977547658814
jerrychsh-ucsd,dreamer4-tokenizer,qpuq9n6z,pusht-tokenizer,jerrychsh-ucsd/dreamer4-tokenizer/qpuq9n6z,killed,2026-05-02T02:20:46Z,,https://wandb.ai/jerrychsh-ucsd/dreamer4-tokenizer/runs/qpuq9n6z,45500,0.012452783063054085,0.0019340828293934464,0.052593499422073364,,,,,27.135250091552734,0.5465087890625,0.4512786865234375,,,,,,,,,,,,,,,,0.9912701845169067,4194304,0.0001,8.107800190250078
jerrychsh-ucsd,dreamer4-tokenizer,qpuq9n6z,pusht-tokenizer,jerrychsh-ucsd/dreamer4-tokenizer/qpuq9n6z,killed,2026-05-02T02:20:46Z,,https://wandb.ai/jerrychsh-ucsd/dreamer4-tokenizer/runs/qpuq9n6z,45600,0.010684799402952194,0.0020512465853244066,0.04316776245832443,,,,,26.879823684692383,0.5678209662437439,0.43463134765625,,,,,,,,,,,,,,,,0.991438090801239,4194304,0.0001,8.125712377031645
jerrychsh-ucsd,dreamer4-tokenizer,qpuq9n6z,pusht-tokenizer,jerrychsh-ucsd/dreamer4-tokenizer/qpuq9n6z,killed,2026-05-02T02:20:46Z,,https://wandb.ai/jerrychsh-ucsd/dreamer4-tokenizer/runs/qpuq9n6z,45700,0.012520703487098217,0.0021872667130082846,0.05166718363761902,,,,,26.600982666015625,0.48998674750328064,0.512847900390625,,,,,,,,,,,,,,,,0.9903872609138489,4194304,0.0001,8.14353837788105
jerrychsh-ucsd,dreamer4-tokenizer,qpuq9n6z,pusht-tokenizer,jerrychsh-ucsd/dreamer4-tokenizer/qpuq9n6z,killed,2026-05-02T02:20:46Z,,https://wandb.ai/jerrychsh-ucsd/dreamer4-tokenizer/runs/qpuq9n6z,45800,0.008604858070611954,0.001872909371741116,0.033659741282463074,,,,,27.27483367919922,0.5491159558296204,0.45025634765625,,,,,,,,,,,,,,,,0.9888529181480408,4194304,0.0001,8.161355404257774
jerrychsh-ucsd,dreamer4-tokenizer,qpuq9n6z,pusht-tokenizer,jerrychsh-ucsd/dreamer4-tokenizer/qpuq9n6z,killed,2026-05-02T02:20:46Z,,https://wandb.ai/jerrychsh-ucsd/dreamer4-tokenizer/runs/qpuq9n6z,45900,0.011102420277893543,0.001934884348884225,0.045837678015232086,,,,,27.13344955444336,0.5466204285621643,0.4525909423828125,,,,,,,,,,,,,,,,0.9916085600852966,4194304,0.0001,8.179167980949083
jerrychsh-ucsd,dreamer4-tokenizer,qpuq9n6z,pusht-tokenizer,jerrychsh-ucsd/dreamer4-tokenizer/qpuq9n6z,killed,2026-05-02T02:20:46Z,,https://wandb.ai/jerrychsh-ucsd/dreamer4-tokenizer/runs/qpuq9n6z,46000,0.009161622263491154,0.002162220422178507,0.03499700874090195,,,,,26.6510009765625,0.544166088104248,0.45770263671875,,,,,,,,,,,,,,,,0.9926334619522095,4194304,0.0001,8.196983978549639
jerrychsh-ucsd,dreamer4-tokenizer,qpuq9n6z,pusht-tokenizer,jerrychsh-ucsd/dreamer4-tokenizer/qpuq9n6z,killed,2026-05-02T02:20:46Z,,https://wandb.ai/jerrychsh-ucsd/dreamer4-tokenizer/runs/qpuq9n6z,46100,0.010302213951945305,0.0021016562823206186,0.0410027876496315,,,,,26.774383544921875,0.4955044686794281,0.5014190673828125,,,,,,,,,,,,,,,,0.9909505844116211,4194304,0.0001,8.21487862156497
jerrychsh-ucsd,dreamer4-tokenizer,qpuq9n6z,pusht-tokenizer,jerrychsh-ucsd/dreamer4-tokenizer/qpuq9n6z,killed,2026-05-02T02:20:46Z,,https://wandb.ai/jerrychsh-ucsd/dreamer4-tokenizer/runs/qpuq9n6z,46200,0.01092971209436655,0.0019400622695684433,0.04494825005531311,,,,,27.121845245361328,0.5916762351989746,0.407684326171875,,,,,,,,,,,,,,,,0.9896267652511597,4194304,0.0001,8.232677350706524
jerrychsh-ucsd,dreamer4-tokenizer,qpuq9n6z,pusht-tokenizer,jerrychsh-ucsd/dreamer4-tokenizer/qpuq9n6z,killed,2026-05-02T02:20:46Z,,https://wandb.ai/jerrychsh-ucsd/dreamer4-tokenizer/runs/qpuq9n6z,46300,0.011308055371046066,0.002287814859300852,0.04510120302438736,,,,,26.405792236328125,0.5376882553100586,0.4637603759765625,,,,,,,,,,,,,,,,0.9925844073295593,4194304,0.0001,8.250479260749287
jerrychsh-ucsd,dreamer4-tokenizer,qpuq9n6z,pusht-tokenizer,jerrychsh-ucsd/dreamer4-tokenizer/qpuq9n6z,killed,2026-05-02T02:20:46Z,,https://wandb.ai/jerrychsh-ucsd/dreamer4-tokenizer/runs/qpuq9n6z,46400,0.014850451610982418,0.002303492045029998,0.06273479759693146,,,,,26.37613296508789,0.537493109703064,0.4641876220703125,,,,,,,,,,,,,,,,0.9907392859458923,4194304,0.0001,8.268294288847182
jerrychsh-ucsd,dreamer4-tokenizer,qpuq9n6z,pusht-tokenizer,jerrychsh-ucsd/dreamer4-tokenizer/qpuq9n6z,killed,2026-05-02T02:20:46Z,,https://wandb.ai/jerrychsh-ucsd/dreamer4-tokenizer/runs/qpuq9n6z,46500,0.009996951557695866,0.0019239346729591489,0.04036508500576019,,,,,27.158098220825195,0.5982629060745239,0.40155029296875,,,,,,,,,,,,,,,,0.9920362830162048,4194304,0.0001,8.28610416074594
jerrychsh-ucsd,dreamer4-tokenizer,qpuq9n6z,pusht-tokenizer,jerrychsh-ucsd/dreamer4-tokenizer/qpuq9n6z,killed,2026-05-02T02:20:46Z,,https://wandb.ai/jerrychsh-ucsd/dreamer4-tokenizer/runs/qpuq9n6z,46600,0.011240070685744286,0.0020883935503661633,0.04575838893651962,,,,,26.801876068115234,0.5465346574783325,0.455963134765625,,,,,,,,,,,,,,,,0.9915294051170349,4194304,0.0001,8.304003168344497
jerrychsh-ucsd,dreamer4-tokenizer,qpuq9n6z,pusht-tokenizer,jerrychsh-ucsd/dreamer4-tokenizer/qpuq9n6z,killed,2026-05-02T02:20:46Z,,https://wandb.ai/jerrychsh-ucsd/dreamer4-tokenizer/runs/qpuq9n6z,46700,0.008683630265295506,0.0019354893593117595,0.033740703016519547,,,,,27.132091522216797,0.5480976104736328,0.45147705078125,,,,,,,,,,,,,,,,0.991875946521759,4194304,0.0001,8.321814355121719
jerrychsh-ucsd,dreamer4-tokenizer,qpuq9n6z,pusht-tokenizer,jerrychsh-ucsd/dreamer4-tokenizer/qpuq9n6z,killed,2026-05-02T02:20:46Z,,https://wandb.ai/jerrychsh-ucsd/dreamer4-tokenizer/runs/qpuq9n6z,46800,0.009871790185570717,0.002102707279846072,0.03884541243314743,,,,,26.772212982177734,0.5547751188278198,0.4453582763671875,,,,,,,,,,,,,,,,0.9933064579963684,4194304,0.0001,8.339629241095649
jerrychsh-ucsd,dreamer4-tokenizer,qpuq9n6z,pusht-tokenizer,jerrychsh-ucsd/dreamer4-tokenizer/qpuq9n6z,killed,2026-05-02T02:20:46Z,,https://wandb.ai/jerrychsh-ucsd/dreamer4-tokenizer/runs/qpuq9n6z,46900,0.011468647047877312,0.002545224968343973,0.04461710900068283,,,,,25.94274139404297,0.5630207061767578,0.435577392578125,,,,,,,,,,,,,,,,0.9919543266296387,4194304,0.0001,8.35743281284968
jerrychsh-ucsd,dreamer4-tokenizer,qpuq9n6z,pusht-tokenizer,jerrychsh-ucsd/dreamer4-tokenizer/qpuq9n6z,killed,2026-05-02T02:20:46Z,,https://wandb.ai/jerrychsh-ucsd/dreamer4-tokenizer/runs/qpuq9n6z,47000,0.011339074932038784,0.0018208014080300927,0.04759136587381363,,,,,27.397375106811523,0.5770056843757629,0.4225921630859375,,,,,,,,,,,,,,,,0.9908885359764099,8388608,0.0001,8.37523603565163
jerrychsh-ucsd,dreamer4-tokenizer,qpuq9n6z,pusht-tokenizer,jerrychsh-ucsd/dreamer4-tokenizer/qpuq9n6z,killed,2026-05-02T02:20:46Z,,https://wandb.ai/jerrychsh-ucsd/dreamer4-tokenizer/runs/qpuq9n6z,47100,0.011122278869152069,0.002474304987117648,0.04323986917734146,,,,,26.065467834472656,0.5012085437774658,0.49755859375,,,,,,,,,,,,,,,,0.9926345348358154,8388608,0.0001,8.393129531741142
jerrychsh-ucsd,dreamer4-tokenizer,qpuq9n6z,pusht-tokenizer,jerrychsh-ucsd/dreamer4-tokenizer/qpuq9n6z,killed,2026-05-02T02:20:46Z,,https://wandb.ai/jerrychsh-ucsd/dreamer4-tokenizer/runs/qpuq9n6z,47200,0.010474090464413166,0.002035745419561863,0.042191725224256516,,,,,26.912765502929688,0.5211435556411743,0.4798126220703125,,,,,,,,,,,,,,,,0.9918466210365295,8388608,0.0001,8.410935430261825
jerrychsh-ucsd,dreamer4-tokenizer,qpuq9n6z,pusht-tokenizer,jerrychsh-ucsd/dreamer4-tokenizer/qpuq9n6z,killed,2026-05-02T02:20:46Z,,https://wandb.ai/jerrychsh-ucsd/dreamer4-tokenizer/runs/qpuq9n6z,47300,0.01104663498699665,0.002287792507559061,0.043794214725494385,,,,,26.405832290649414,0.48385700583457947,0.5157012939453125,,,,,,,,,,,,,,,,0.9898510575294495,8388608,0.0001,8.428739921781752
jerrychsh-ucsd,dreamer4-tokenizer,qpuq9n6z,pusht-tokenizer,jerrychsh-ucsd/dreamer4-tokenizer/qpuq9n6z,killed,2026-05-02T02:20:46Z,,https://wandb.ai/jerrychsh-ucsd/dreamer4-tokenizer/runs/qpuq9n6z,47400,0.007840058766305447,0.0017307071248069406,0.030546758323907852,,,,,27.61776351928711,0.5182130336761475,0.478057861328125,,,,,,,,,,,,,,,,0.9917472004890442,8388608,0.0001,8.44654234998756
jerrychsh-ucsd,dreamer4-tokenizer,qpuq9n6z,pusht-tokenizer,jerrychsh-ucsd/dreamer4-tokenizer/qpuq9n6z,killed,2026-05-02T02:20:46Z,,https://wandb.ai/jerrychsh-ucsd/dreamer4-tokenizer/runs/qpuq9n6z,47500,0.009003550745546818,0.0020170279312878847,0.034932613372802734,,,,,26.952880859375,0.4940985441207886,0.503082275390625,,,,,,,,,,,,,,,,0.9897013902664185,8388608,0.0001,8.464364812109206
jerrychsh-ucsd,dreamer4-tokenizer,qpuq9n6z,pusht-tokenizer,jerrychsh-ucsd/dreamer4-tokenizer/qpuq9n6z,killed,2026-05-02T02:20:46Z,,https://wandb.ai/jerrychsh-ucsd/dreamer4-tokenizer/runs/qpuq9n6z,47600,0.009506214410066605,0.0019745647441595793,0.03765824809670448,,,,,27.0452880859375,0.5180797576904297,0.482696533203125,,,,,,,,,,,,,,,,0.9925399422645569,8388608,0.0001,8.482272657089764
jerrychsh-ucsd,dreamer4-tokenizer,qpuq9n6z,pusht-tokenizer,jerrychsh-ucsd/dreamer4-tokenizer/qpuq9n6z,killed,2026-05-02T02:20:46Z,,https://wandb.ai/jerrychsh-ucsd/dreamer4-tokenizer/runs/qpuq9n6z,47700,0.008939651772379875,0.0019484101794660091,0.03495620936155319,,,,,27.10319709777832,0.5801546573638916,0.41815185546875,,,,,,,,,,,,,,,,0.9919756054878235,8388608,0.0001,8.50009821785821
jerrychsh-ucsd,dreamer4-tokenizer,qpuq9n6z,pusht-tokenizer,jerrychsh-ucsd/dreamer4-tokenizer/qpuq9n6z,killed,2026-05-02T02:20:46Z,,https://wandb.ai/jerrychsh-ucsd/dreamer4-tokenizer/runs/qpuq9n6z,47800,0.00990152359008789,0.0025081548374146223,0.03696684539318085,,,,,26.006458282470703,0.5176041126251221,0.4816436767578125,,,,,,,,,,,,,,,,0.9928803443908691,8388608,0.0001,8.517919199003114
jerrychsh-ucsd,dreamer4-tokenizer,qpuq9n6z,pusht-tokenizer,jerrychsh-ucsd/dreamer4-tokenizer/qpuq9n6z,killed,2026-05-02T02:20:46Z,,https://wandb.ai/jerrychsh-ucsd/dreamer4-tokenizer/runs/qpuq9n6z,47900,0.008635971695184708,0.0019346841145306826,0.03350643813610077,,,,,27.133901596069336,0.5353269577026367,0.4648590087890625,,,,,,,,,,,,,,,,0.9933554530143738,8388608,0.0001,8.535730332533518
jerrychsh-ucsd,dreamer4-tokenizer,qpuq9n6z,pusht-tokenizer,jerrychsh-ucsd/dreamer4-tokenizer/qpuq9n6z,killed,2026-05-02T02:20:46Z,,https://wandb.ai/jerrychsh-ucsd/dreamer4-tokenizer/runs/qpuq9n6z,48000,0.008521007373929024,0.001934348838403821,0.03293329104781151,,,,,27.13465118408203,0.5750082731246948,0.423736572265625,,,,,,,,,,,,,,,,0.9899989366531372,8388608,0.0001,8.553555730316374
jerrychsh-ucsd,dreamer4-tokenizer,qpuq9n6z,pusht-tokenizer,jerrychsh-ucsd/dreamer4-tokenizer/qpuq9n6z,killed,2026-05-02T02:20:46Z,,https://wandb.ai/jerrychsh-ucsd/dreamer4-tokenizer/runs/qpuq9n6z,48100,0.010019619017839432,0.002272035926580429,0.038737911731004715,,,,,26.435850143432617,0.5692973136901855,0.4314117431640625,,,,,,,,,,,,,,,,0.9923951029777527,8388608,0.0001,8.571457021964921
jerrychsh-ucsd,dreamer4-tokenizer,qpuq9n6z,pusht-tokenizer,jerrychsh-ucsd/dreamer4-tokenizer/qpuq9n6z,killed,2026-05-02T02:20:46Z,,https://wandb.ai/jerrychsh-ucsd/dreamer4-tokenizer/runs/qpuq9n6z,48200,0.010615122504532337,0.0022056542802602053,0.04204734042286873,,,,,26.564626693725586,0.5301228761672974,0.4694671630859375,,,,,,,,,,,,,,,,0.9920719861984253,8388608,0.0001,8.589275943305758
jerrychsh-ucsd,dreamer4-tokenizer,qpuq9n6z,pusht-tokenizer,jerrychsh-ucsd/dreamer4-tokenizer/qpuq9n6z,killed,2026-05-02T02:20:46Z,,https://wandb.ai/jerrychsh-ucsd/dreamer4-tokenizer/runs/qpuq9n6z,48300,0.011876082047820091,0.0022853200789541006,0.047953806817531586,,,,,26.41053009033203,0.5300725698471069,0.4713592529296875,,,,,,,,,,,,,,,,0.9877021908760071,8388608,0.0001,8.607146624128024
jerrychsh-ucsd,dreamer4-tokenizer,qpuq9n6z,pusht-tokenizer,jerrychsh-ucsd/dreamer4-tokenizer/qpuq9n6z,killed,2026-05-02T02:20:46Z,,https://wandb.ai/jerrychsh-ucsd/dreamer4-tokenizer/runs/qpuq9n6z,48400,0.011889606714248657,0.0026348386891186237,0.046273842453956604,,,,,25.792461395263672,0.5288256406784058,0.4696044921875,,,,,,,,,,,,,,,,0.9875181317329407,8388608,0.0001,8.624951838850976
jerrychsh-ucsd,dreamer4-tokenizer,qpuq9n6z,pusht-tokenizer,jerrychsh-ucsd/dreamer4-tokenizer/qpuq9n6z,killed,2026-05-02T02:20:46Z,,https://wandb.ai/jerrychsh-ucsd/dreamer4-tokenizer/runs/qpuq9n6z,48500,0.009236006066203117,0.002027875743806362,0.03604064881801605,,,,,26.929588317871094,0.5860532522201538,0.413238525390625,,,,,,,,,,,,,,,,0.9921582341194153,8388608,0.0001,8.64277868496047
jerrychsh-ucsd,dreamer4-tokenizer,qpuq9n6z,pusht-tokenizer,jerrychsh-ucsd/dreamer4-tokenizer/qpuq9n6z,killed,2026-05-02T02:20:46Z,,https://wandb.ai/jerrychsh-ucsd/dreamer4-tokenizer/runs/qpuq9n6z,48600,0.007287873886525631,0.0023184188175946474,0.024847272783517838,,,,,26.348079681396484,0.6218899488449097,0.3780517578125,,,,,,,,,,,,,,,,0.9935495257377625,8388608,0.0001,8.660681654347314
jerrychsh-ucsd,dreamer4-tokenizer,qpuq9n6z,pusht-tokenizer,jerrychsh-ucsd/dreamer4-tokenizer/qpuq9n6z,killed,2026-05-02T02:20:46Z,,https://wandb.ai/jerrychsh-ucsd/dreamer4-tokenizer/runs/qpuq9n6z,48700,0.010502205230295658,0.0021970218513160944,0.04152591526508331,,,,,26.58165740966797,0.5371259450912476,0.4659271240234375,,,,,,,,,,,,,,,,0.9920941591262817,8388608,0.0001,8.678496935698721
jerrychsh-ucsd,dreamer4-tokenizer,qpuq9n6z,pusht-tokenizer,jerrychsh-ucsd/dreamer4-tokenizer/qpuq9n6z,killed,2026-05-02T02:20:46Z,,https://wandb.ai/jerrychsh-ucsd/dreamer4-tokenizer/runs/qpuq9n6z,48800,0.007967595010995865,0.001960900379344821,0.030033472925424576,,,,,27.0754451751709,0.49294161796569824,0.5099945068359375,,,,,,,,,,,,,,,,0.9918980598449707,8388608,0.0001,8.696308739847607
jerrychsh-ucsd,dreamer4-tokenizer,qpuq9n6z,pusht-tokenizer,jerrychsh-ucsd/dreamer4-tokenizer/qpuq9n6z,killed,2026-05-02T02:20:46Z,,https://wandb.ai/jerrychsh-ucsd/dreamer4-tokenizer/runs/qpuq9n6z,48900,0.012152780778706074,0.0023673686664551497,0.04892705753445625,,,,,26.257341384887695,0.5724369883537292,0.4267120361328125,,,,,,,,,,,,,,,,0.9880786538124084,8388608,0.0001,8.714117710457908
jerrychsh-ucsd,dreamer4-tokenizer,qpuq9n6z,pusht-tokenizer,jerrychsh-ucsd/dreamer4-tokenizer/qpuq9n6z,killed,2026-05-02T02:20:46Z,,https://wandb.ai/jerrychsh-ucsd/dreamer4-tokenizer/runs/qpuq9n6z,49000,0.013524238020181656,0.0026015948969870806,0.05461321398615837,,,,,25.847604751586914,0.5249974727630615,0.4738006591796875,,,,,,,,,,,,,,,,0.9932352304458618,16777216,0.0001,8.731921731829644
jerrychsh-ucsd,dreamer4-tokenizer,qpuq9n6z,pusht-tokenizer,jerrychsh-ucsd/dreamer4-tokenizer/qpuq9n6z,killed,2026-05-02T02:20:46Z,,https://wandb.ai/jerrychsh-ucsd/dreamer4-tokenizer/runs/qpuq9n6z,49100,0.009044564329087734,0.0016322125447914004,0.03706175833940506,,,,,27.872234344482422,0.5466649532318115,0.452178955078125,,,,,,,,,,,,,,,,0.9903039932250977,8388608,0.0001,8.74982309030162
jerrychsh-ucsd,dreamer4-tokenizer,qpuq9n6z,pusht-tokenizer,jerrychsh-ucsd/dreamer4-tokenizer/qpuq9n6z,killed,2026-05-02T02:20:46Z,,https://wandb.ai/jerrychsh-ucsd/dreamer4-tokenizer/runs/qpuq9n6z,49200,0.010095996782183647,0.0019351704977452755,0.04080413281917572,,,,,27.132808685302734,0.5478644967079163,0.4487457275390625,,,,,,,,,,,,,,,,0.9916525483131409,8388608,0.0001,8.76763368487358
jerrychsh-ucsd,dreamer4-tokenizer,qpuq9n6z,pusht-tokenizer,jerrychsh-ucsd/dreamer4-tokenizer/qpuq9n6z,killed,2026-05-02T02:20:46Z,,https://wandb.ai/jerrychsh-ucsd/dreamer4-tokenizer/runs/qpuq9n6z,49300,0.011393105611205101,0.001987669849768281,0.04702717810869217,,,,,27.016559600830078,0.5522522926330566,0.4456329345703125,,,,,,,,,,,,,,,,0.9912242293357849,8388608,0.0001,8.785443211462763
jerrychsh-ucsd,dreamer4-tokenizer,qpuq9n6z,pusht-tokenizer,jerrychsh-ucsd/dreamer4-tokenizer/qpuq9n6z,killed,2026-05-02T02:20:46Z,,https://wandb.ai/jerrychsh-ucsd/dreamer4-tokenizer/runs/qpuq9n6z,49400,0.00949347484856844,0.0018432523356750607,0.0382511131465435,,,,,27.344152450561523,0.5201930403709412,0.47613525390625,,,,,,,,,,,,,,,,0.9915404915809631,8388608,0.0001,8.803254488839043
jerrychsh-ucsd,dreamer4-tokenizer,qpuq9n6z,pusht-tokenizer,jerrychsh-ucsd/dreamer4-tokenizer/qpuq9n6z,killed,2026-05-02T02:20:46Z,,https://wandb.ai/jerrychsh-ucsd/dreamer4-tokenizer/runs/qpuq9n6z,49500,0.00899654533714056,0.0021602411288768053,0.03418152034282684,,,,,26.654977798461914,0.5915006399154663,0.410186767578125,,,,,,,,,,,,,,,,0.9886049628257751,8388608,0.0001,8.821069951587253
jerrychsh-ucsd,dreamer4-tokenizer,qpuq9n6z,pusht-tokenizer,jerrychsh-ucsd/dreamer4-tokenizer/qpuq9n6z,killed,2026-05-02T02:20:46Z,,https://wandb.ai/jerrychsh-ucsd/dreamer4-tokenizer/runs/qpuq9n6z,49600,0.009571807458996773,0.00224946322850883,0.03661172091960907,,,,,26.479209899902344,0.5722521543502808,0.430084228515625,,,,,,,,,,,,,,,,0.9910834431648254,8388608,0.0001,8.838974897199208
jerrychsh-ucsd,dreamer4-tokenizer,qpuq9n6z,pusht-tokenizer,jerrychsh-ucsd/dreamer4-tokenizer/qpuq9n6z,killed,2026-05-02T02:20:46Z,,https://wandb.ai/jerrychsh-ucsd/dreamer4-tokenizer/runs/qpuq9n6z,49700,0.00923764705657959,0.0020268363878130913,0.03605405241250992,,,,,26.931812286376953,0.5505368709564209,0.4484710693359375,,,,,,,,,,,,,,,,0.9918767213821411,8388608,0.0001,8.85678900566366
jerrychsh-ucsd,dreamer4-tokenizer,qpuq9n6z,pusht-tokenizer,jerrychsh-ucsd/dreamer4-tokenizer/qpuq9n6z,killed,2026-05-02T02:20:46Z,,https://wandb.ai/jerrychsh-ucsd/dreamer4-tokenizer/runs/qpuq9n6z,49800,0.010108446702361107,0.0019240841502323747,0.040921811014413834,,,,,27.15776252746582,0.5319411754608154,0.4699554443359375,,,,,,,,,,,,,,,,0.9911676645278931,8388608,0.0001,8.874595283998383
jerrychsh-ucsd,dreamer4-tokenizer,qpuq9n6z,pusht-tokenizer,jerrychsh-ucsd/dreamer4-tokenizer/qpuq9n6z,killed,2026-05-02T02:20:46Z,,https://wandb.ai/jerrychsh-ucsd/dreamer4-tokenizer/runs/qpuq9n6z,49900,0.01243528351187706,0.0022374142426997423,0.05098934471607208,,,,,26.50253677368164,0.5432727336883545,0.4588775634765625,,,,,,,,,,,,,,,,0.9921961426734924,8388608,0.0001,8.892417849302293
jerrychsh-ucsd,dreamer4-tokenizer,qpuq9n6z,pusht-tokenizer,jerrychsh-ucsd/dreamer4-tokenizer/qpuq9n6z,killed,2026-05-02T02:20:46Z,,https://wandb.ai/jerrychsh-ucsd/dreamer4-tokenizer/runs/qpuq9n6z,50000,0.010702302679419518,0.002068284200504422,0.04317009449005127,,,,,26.84389877319336,0.5060954093933105,0.494232177734375,,,,,,,,,,,,,,,,0.992043137550354,8388608,0.0001,8.910228260954222
jerrychsh-ucsd,dreamer4-tokenizer,qpuq9n6z,pusht-tokenizer,jerrychsh-ucsd/dreamer4-tokenizer/qpuq9n6z,killed,2026-05-02T02:20:46Z,,https://wandb.ai/jerrychsh-ucsd/dreamer4-tokenizer/runs/qpuq9n6z,50100,0.009489393793046474,0.001924106851220131,0.03782643377780914,,,,,27.1577091217041,0.56217360496521,0.438201904296875,,,,,,,,,,,,,,,,0.9921796321868896,8388608,0.0001,8.928245982991324
jerrychsh-ucsd,dreamer4-tokenizer,qpuq9n6z,pusht-tokenizer,jerrychsh-ucsd/dreamer4-tokenizer/qpuq9n6z,killed,2026-05-02T02:20:46Z,,https://wandb.ai/jerrychsh-ucsd/dreamer4-tokenizer/runs/qpuq9n6z,50200,0.010001644492149353,0.0018843987490981817,0.04058622568845749,,,,,27.248271942138672,0.5476616621017456,0.4535980224609375,,,,,,,,,,,,,,,,0.991870105266571,8388608,0.0001,8.946073757343822
jerrychsh-ucsd,dreamer4-tokenizer,qpuq9n6z,pusht-tokenizer,jerrychsh-ucsd/dreamer4-tokenizer/qpuq9n6z,killed,2026-05-02T02:20:46Z,,https://wandb.ai/jerrychsh-ucsd/dreamer4-tokenizer/runs/qpuq9n6z,50300,0.011163793504238129,0.0021638716571033,0.044999610632658005,,,,,26.64768409729004,0.5460128784179688,0.4536895751953125,,,,,,,,,,,,,,,,0.9919695854187012,8388608,0.0001,8.963888339665202
jerrychsh-ucsd,dreamer4-tokenizer,qpuq9n6z,pusht-tokenizer,jerrychsh-ucsd/dreamer4-tokenizer/qpuq9n6z,killed,2026-05-02T02:20:46Z,,https://wandb.ai/jerrychsh-ucsd/dreamer4-tokenizer/runs/qpuq9n6z,50400,0.008895491249859333,0.0018328147707507014,0.035313382744789124,,,,,27.36881446838379,0.5765297412872314,0.4226531982421875,,,,,,,,,,,,,,,,0.9921380877494812,8388608,0.0001,8.98170156452391
jerrychsh-ucsd,dreamer4-tokenizer,qpuq9n6z,pusht-tokenizer,jerrychsh-ucsd/dreamer4-tokenizer/qpuq9n6z,killed,2026-05-02T02:20:46Z,,https://wandb.ai/jerrychsh-ucsd/dreamer4-tokenizer/runs/qpuq9n6z,50500,0.01018389780074358,0.00228935107588768,0.039472732692956924,,,,,26.402875900268555,0.5649514198303223,0.4366607666015625,,,,,,,,,,,,,,,,0.9911038875579834,8388608,0.0001,8.99950828532378
jerrychsh-ucsd,dreamer4-tokenizer,qpuq9n6z,pusht-tokenizer,jerrychsh-ucsd/dreamer4-tokenizer/qpuq9n6z,killed,2026-05-02T02:20:46Z,,https://wandb.ai/jerrychsh-ucsd/dreamer4-tokenizer/runs/qpuq9n6z,50600,0.009054658003151417,0.0018320482922717929,0.03611304983496666,,,,,27.37063217163086,0.5452390313148499,0.451934814453125,,,,,,,,,,,,,,,,0.9920880198478699,8388608,0.0001,9.017417311006122
jerrychsh-ucsd,dreamer4-tokenizer,qpuq9n6z,pusht-tokenizer,jerrychsh-ucsd/dreamer4-tokenizer/qpuq9n6z,killed,2026-05-02T02:20:46Z,,https://wandb.ai/jerrychsh-ucsd/dreamer4-tokenizer/runs/qpuq9n6z,50700,0.010160920210182667,0.002137427218258381,0.04011746495962143,,,,,26.701087951660156,0.5398009419441223,0.45989990234375,,,,,,,,,,,,,,,,0.9921595454216003,8388608,0.0001,9.03522292011314
jerrychsh-ucsd,dreamer4-tokenizer,qpuq9n6z,pusht-tokenizer,jerrychsh-ucsd/dreamer4-tokenizer/qpuq9n6z,killed,2026-05-02T02:20:46Z,,https://wandb.ai/jerrychsh-ucsd/dreamer4-tokenizer/runs/qpuq9n6z,50800,0.009764518588781357,0.0019128775456920266,0.0392582044005394,,,,,27.183130264282227,0.5481765866279602,0.4537506103515625,,,,,,,,,,,,,,,,0.9913714528083801,8388608,0.0001,9.053044196036128
jerrychsh-ucsd,dreamer4-tokenizer,qpuq9n6z,pusht-tokenizer,jerrychsh-ucsd/dreamer4-tokenizer/qpuq9n6z,killed,2026-05-02T02:20:46Z,,https://wandb.ai/jerrychsh-ucsd/dreamer4-tokenizer/runs/qpuq9n6z,50900,0.01069963164627552,0.0022705411538481712,0.04214544966816902,,,,,26.438705444335938,0.5504783391952515,0.4494171142578125,,,,,,,,,,,,,,,,0.9931700825691223,8388608,0.0001,9.070858349071608
jerrychsh-ucsd,dreamer4-tokenizer,qpuq9n6z,pusht-tokenizer,jerrychsh-ucsd/dreamer4-tokenizer/qpuq9n6z,killed,2026-05-02T02:20:46Z,,https://wandb.ai/jerrychsh-ucsd/dreamer4-tokenizer/runs/qpuq9n6z,51000,0.010577810928225517,0.00216868263669312,0.04204564169049263,,,,,26.63804054260254,0.5707637071609497,0.42803955078125,,,,,,,,,,,,,,,,0.9929977655410767,8388608,0.0001,9.088673157758183
jerrychsh-ucsd,dreamer4-tokenizer,qpuq9n6z,pusht-tokenizer,jerrychsh-ucsd/dreamer4-tokenizer/qpuq9n6z,killed,2026-05-02T02:20:46Z,,https://wandb.ai/jerrychsh-ucsd/dreamer4-tokenizer/runs/qpuq9n6z,51100,0.01317993551492691,0.002379783196374774,0.05400075763463974,,,,,26.23462677001953,0.4887564182281494,0.5121612548828125,,,,,,,,,,,,,,,,0.9916869401931763,8388608,0.0001,9.106581282284525
jerrychsh-ucsd,dreamer4-tokenizer,qpuq9n6z,pusht-tokenizer,jerrychsh-ucsd/dreamer4-tokenizer/qpuq9n6z,killed,2026-05-02T02:20:46Z,,https://wandb.ai/jerrychsh-ucsd/dreamer4-tokenizer/runs/qpuq9n6z,51200,0.010759933851659298,0.0020102744456380606,0.04374829679727554,,,,,26.96744728088379,0.5812946557998657,0.41925048828125,,,,,,,,,,,,,,,,0.991001546382904,8388608,0.0001,9.124389364057118
jerrychsh-ucsd,dreamer4-tokenizer,qpuq9n6z,pusht-tokenizer,jerrychsh-ucsd/dreamer4-tokenizer/qpuq9n6z,killed,2026-05-02T02:20:46Z,,https://wandb.ai/jerrychsh-ucsd/dreamer4-tokenizer/runs/qpuq9n6z,51300,0.008675213903188705,0.0018871412612497807,0.03394035995006561,,,,,27.24195671081543,0.5618440508842468,0.4379730224609375,,,,,,,,,,,,,,,,0.9918639063835144,8388608,0.0001,9.142197782264816
jerrychsh-ucsd,dreamer4-tokenizer,qpuq9n6z,pusht-tokenizer,jerrychsh-ucsd/dreamer4-tokenizer/qpuq9n6z,killed,2026-05-02T02:20:46Z,,https://wandb.ai/jerrychsh-ucsd/dreamer4-tokenizer/runs/qpuq9n6z,51400,0.010962780565023422,0.002148131374269724,0.04407324641942978,,,,,26.679391860961914,0.5336493849754333,0.4661102294921875,,,,,,,,,,,,,,,,0.990619957447052,8388608,0.0001,9.160008333921432
jerrychsh-ucsd,dreamer4-tokenizer,qpuq9n6z,pusht-tokenizer,jerrychsh-ucsd/dreamer4-tokenizer/qpuq9n6z,killed,2026-05-02T02:20:46Z,,https://wandb.ai/jerrychsh-ucsd/dreamer4-tokenizer/runs/qpuq9n6z,51500,0.013014987111091614,0.0024872426874935627,0.052638716995716095,,,,,26.04281997680664,0.5350609421730042,0.4656982421875,,,,,,,,,,,,,,,,0.991226315498352,8388608,0.0001,9.177809300555124
jerrychsh-ucsd,dreamer4-tokenizer,qpuq9n6z,pusht-tokenizer,jerrychsh-ucsd/dreamer4-tokenizer/qpuq9n6z,killed,2026-05-02T02:20:46Z,,https://wandb.ai/jerrychsh-ucsd/dreamer4-tokenizer/runs/qpuq9n6z,51600,0.010245556943118572,0.0019041838822886348,0.041706863790750504,,,,,27.202911376953125,0.5420982837677002,0.4599151611328125,,,,,,,,,,,,,,,,0.9904893040657043,8388608,0.0001,9.195705141623815
jerrychsh-ucsd,dreamer4-tokenizer,qpuq9n6z,pusht-tokenizer,jerrychsh-ucsd/dreamer4-tokenizer/qpuq9n6z,killed,2026-05-02T02:20:46Z,,https://wandb.ai/jerrychsh-ucsd/dreamer4-tokenizer/runs/qpuq9n6z,51700,0.009485483169555664,0.002015158534049988,0.03735161945223808,,,,,26.9569091796875,0.5288555026054382,0.4708251953125,,,,,,,,,,,,,,,,0.9909646511077881,8388608,0.0001,9.213521108892229
jerrychsh-ucsd,dreamer4-tokenizer,qpuq9n6z,pusht-tokenizer,jerrychsh-ucsd/dreamer4-tokenizer/qpuq9n6z,killed,2026-05-02T02:20:46Z,,https://wandb.ai/jerrychsh-ucsd/dreamer4-tokenizer/runs/qpuq9n6z,51800,0.007128745783120394,0.002460617572069168,0.02334064058959484,,,,,26.089557647705078,0.62352454662323,0.37744140625,,,,,,,,,,,,,,,,0.9923192262649536,8388608,0.0001,9.231337926851378
jerrychsh-ucsd,dreamer4-tokenizer,qpuq9n6z,pusht-tokenizer,jerrychsh-ucsd/dreamer4-tokenizer/qpuq9n6z,killed,2026-05-02T02:20:46Z,,https://wandb.ai/jerrychsh-ucsd/dreamer4-tokenizer/runs/qpuq9n6z,51900,0.007827207446098328,0.0015837301034480333,0.031217385083436966,,,,,28.003189086914062,0.5334205627441406,0.4652252197265625,,,,,,,,,,,,,,,,0.991741955280304,8388608,0.0001,9.24913358396954
jerrychsh-ucsd,dreamer4-tokenizer,qpuq9n6z,pusht-tokenizer,jerrychsh-ucsd/dreamer4-tokenizer/qpuq9n6z,killed,2026-05-02T02:20:46Z,,https://wandb.ai/jerrychsh-ucsd/dreamer4-tokenizer/runs/qpuq9n6z,52000,0.009100048802793026,0.0016946785617619753,0.03702685236930847,,,,,27.709129333496094,0.5283108353614807,0.4697723388671875,,,,,,,,,,,,,,,,0.9914851784706116,8388608,0.0001,9.266930222643746
jerrychsh-ucsd,dreamer4-tokenizer,qpuq9n6z,pusht-tokenizer,jerrychsh-ucsd/dreamer4-tokenizer/qpuq9n6z,killed,2026-05-02T02:20:46Z,,https://wandb.ai/jerrychsh-ucsd/dreamer4-tokenizer/runs/qpuq9n6z,52100,0.009248336777091026,0.0019627464935183525,0.036427952349185944,,,,,27.07135772705078,0.547002911567688,0.452911376953125,,,,,,,,,,,,,,,,0.992014467716217,8388608,0.0001,9.284857137203216
jerrychsh-ucsd,dreamer4-tokenizer,qpuq9n6z,pusht-tokenizer,jerrychsh-ucsd/dreamer4-tokenizer/qpuq9n6z,killed,2026-05-02T02:20:46Z,,https://wandb.ai/jerrychsh-ucsd/dreamer4-tokenizer/runs/qpuq9n6z,52200,0.009171959944069386,0.0018914655083790421,0.036402471363544464,,,,,27.232017517089844,0.6115298271179199,0.389984130859375,,,,,,,,,,,,,,,,0.9911897778511047,8388608,0.0001,9.302685010830562
jerrychsh-ucsd,dreamer4-tokenizer,qpuq9n6z,pusht-tokenizer,jerrychsh-ucsd/dreamer4-tokenizer/qpuq9n6z,killed,2026-05-02T02:20:46Z,,https://wandb.ai/jerrychsh-ucsd/dreamer4-tokenizer/runs/qpuq9n6z,52300,0.008830944076180458,0.0016747250920161605,0.03578109294176102,,,,,27.76056480407715,0.601189136505127,0.39849853515625,,,,,,,,,,,,,,,,0.9901339411735535,8388608,0.0001,9.320517338249418
jerrychsh-ucsd,dreamer4-tokenizer,qpuq9n6z,pusht-tokenizer,jerrychsh-ucsd/dreamer4-tokenizer/qpuq9n6z,killed,2026-05-02T02:20:46Z,,https://wandb.ai/jerrychsh-ucsd/dreamer4-tokenizer/runs/qpuq9n6z,52400,0.012049722485244274,0.0018677936168387532,0.05090964213013649,,,,,27.286712646484375,0.5419227480888367,0.458221435546875,,,,,,,,,,,,,,,,0.9914796948432922,8388608,0.0001,9.338336652914682
jerrychsh-ucsd,dreamer4-tokenizer,qpuq9n6z,pusht-tokenizer,jerrychsh-ucsd/dreamer4-tokenizer/qpuq9n6z,killed,2026-05-02T02:20:46Z,,https://wandb.ai/jerrychsh-ucsd/dreamer4-tokenizer/runs/qpuq9n6z,52500,0.009565558284521103,0.0020890377927571535,0.03738260269165039,,,,,26.800537109375,0.5909615159034729,0.4073944091796875,,,,,,,,,,,,,,,,0.9917334914207458,8388608,0.0001,9.356149842540423
jerrychsh-ucsd,dreamer4-tokenizer,qpuq9n6z,pusht-tokenizer,jerrychsh-ucsd/dreamer4-tokenizer/qpuq9n6z,killed,2026-05-02T02:20:46Z,,https://wandb.ai/jerrychsh-ucsd/dreamer4-tokenizer/runs/qpuq9n6z,52600,0.008893252350389957,0.0019350030925124884,0.0347912460565567,,,,,27.133182525634766,0.5466053485870361,0.458587646484375,,,,,,,,,,,,,,,,0.9927412271499634,8388608,0.0001,9.374058436618911
jerrychsh-ucsd,dreamer4-tokenizer,qpuq9n6z,pusht-tokenizer,jerrychsh-ucsd/dreamer4-tokenizer/qpuq9n6z,killed,2026-05-02T02:20:46Z,,https://wandb.ai/jerrychsh-ucsd/dreamer4-tokenizer/runs/qpuq9n6z,52700,0.007540161721408367,0.0016636054497212172,0.02938278205692768,,,,,27.78949737548828,0.5682700276374817,0.432891845703125,,,,,,,,,,,,,,,,0.9927703142166138,8388608,0.0001,9.391880020697911
jerrychsh-ucsd,dreamer4-tokenizer,qpuq9n6z,pusht-tokenizer,jerrychsh-ucsd/dreamer4-tokenizer/qpuq9n6z,killed,2026-05-02T02:20:46Z,,https://wandb.ai/jerrychsh-ucsd/dreamer4-tokenizer/runs/qpuq9n6z,52800,0.010770795866847038,0.0021236545871943235,0.04323570430278778,,,,,26.729162216186523,0.5524856448173523,0.4449310302734375,,,,,,,,,,,,,,,,0.9930363893508911,8388608,0.0001,9.409705766306983
jerrychsh-ucsd,dreamer4-tokenizer,qpuq9n6z,pusht-tokenizer,jerrychsh-ucsd/dreamer4-tokenizer/qpuq9n6z,killed,2026-05-02T02:20:46Z,,https://wandb.ai/jerrychsh-ucsd/dreamer4-tokenizer/runs/qpuq9n6z,52900,0.0073128859512507915,0.0017702766926959157,0.027713045477867126,,,,,27.519588470458984,0.5647438168525696,0.43426513671875,,,,,,,,,,,,,,,,0.9913836717605591,8388608,0.0001,9.427528719769583
jerrychsh-ucsd,dreamer4-tokenizer,qpuq9n6z,pusht-tokenizer,jerrychsh-ucsd/dreamer4-tokenizer/qpuq9n6z,killed,2026-05-02T02:20:46Z,,https://wandb.ai/jerrychsh-ucsd/dreamer4-tokenizer/runs/qpuq9n6z,53000,0.007692174520343542,0.001532815513201058,0.030796794220805168,,,,,28.14510154724121,0.6048009991645813,0.3969879150390625,,,,,,,,,,,,,,,,0.9904468059539795,8388608,0.0001,9.445350015825696
jerrychsh-ucsd,dreamer4-tokenizer,qpuq9n6z,pusht-tokenizer,jerrychsh-ucsd/dreamer4-tokenizer/qpuq9n6z,killed,2026-05-02T02:20:46Z,,https://wandb.ai/jerrychsh-ucsd/dreamer4-tokenizer/runs/qpuq9n6z,53100,0.008923657238483429,0.0019254148937761784,0.03499121218919754,,,,,27.15475845336914,0.5670367479324341,0.43212890625,,,,,,,,,,,,,,,,0.9925817847251892,16777216,0.0001,9.46325071103043
jerrychsh-ucsd,dreamer4-tokenizer,qpuq9n6z,pusht-tokenizer,jerrychsh-ucsd/dreamer4-tokenizer/qpuq9n6z,killed,2026-05-02T02:20:46Z,,https://wandb.ai/jerrychsh-ucsd/dreamer4-tokenizer/runs/qpuq9n6z,53200,0.009485515765845776,0.0019379806471988559,0.03773767501115799,,,,,27.126506805419922,0.5147966146469116,0.4858245849609375,,,,,,,,,,,,,,,,0.9920310974121094,8388608,0.0001,9.481079641514354
jerrychsh-ucsd,dreamer4-tokenizer,qpuq9n6z,pusht-tokenizer,jerrychsh-ucsd/dreamer4-tokenizer/qpuq9n6z,killed,2026-05-02T02:20:46Z,,https://wandb.ai/jerrychsh-ucsd/dreamer4-tokenizer/runs/qpuq9n6z,53300,0.010724097490310669,0.002454404952004552,0.04134846478700638,,,,,26.10053825378418,0.5240834951400757,0.47454833984375,,,,,,,,,,,,,,,,0.9929215908050537,8388608,0.0001,9.498906300663949
jerrychsh-ucsd,dreamer4-tokenizer,qpuq9n6z,pusht-tokenizer,jerrychsh-ucsd/dreamer4-tokenizer/qpuq9n6z,killed,2026-05-02T02:20:46Z,,https://wandb.ai/jerrychsh-ucsd/dreamer4-tokenizer/runs/qpuq9n6z,53400,0.010475268587470055,0.0018123694462701678,0.04331449419260025,,,,,27.41753387451172,0.5529370307922363,0.4472503662109375,,,,,,,,,,,,,,,,0.9924831390380859,8388608,0.0001,9.516733084056112
jerrychsh-ucsd,dreamer4-tokenizer,qpuq9n6z,pusht-tokenizer,jerrychsh-ucsd/dreamer4-tokenizer/qpuq9n6z,killed,2026-05-02T02:20:46Z,,https://wandb.ai/jerrychsh-ucsd/dreamer4-tokenizer/runs/qpuq9n6z,53500,0.011002260260283947,0.0021669722627848387,0.044176436960697174,,,,,26.64146614074707,0.532443642616272,0.4684295654296875,,,,,,,,,,,,,,,,0.9899144768714905,8388608,0.0001,9.534555425643921
jerrychsh-ucsd,dreamer4-tokenizer,qpuq9n6z,pusht-tokenizer,jerrychsh-ucsd/dreamer4-tokenizer/qpuq9n6z,killed,2026-05-02T02:20:46Z,,https://wandb.ai/jerrychsh-ucsd/dreamer4-tokenizer/runs/qpuq9n6z,53600,0.009770849719643593,0.0021463092416524887,0.03812269866466522,,,,,26.68307876586914,0.5445210933685303,0.45574951171875,,,,,,,,,,,,,,,,0.9921204447746277,8388608,0.0001,9.552468373378117
jerrychsh-ucsd,dreamer4-tokenizer,qpuq9n6z,pusht-tokenizer,jerrychsh-ucsd/dreamer4-tokenizer/qpuq9n6z,killed,2026-05-02T02:20:46Z,,https://wandb.ai/jerrychsh-ucsd/dreamer4-tokenizer/runs/qpuq9n6z,53700,0.007906326092779636,0.0017893232870846987,0.03058501146733761,,,,,27.47311019897461,0.5987381935119629,0.402008056640625,,,,,,,,,,,,,,,,0.9928902387619019,8388608,0.0001,9.570294698211882
jerrychsh-ucsd,dreamer4-tokenizer,qpuq9n6z,pusht-tokenizer,jerrychsh-ucsd/dreamer4-tokenizer/qpuq9n6z,killed,2026-05-02T02:20:46Z,,https://wandb.ai/jerrychsh-ucsd/dreamer4-tokenizer/runs/qpuq9n6z,53800,0.010684737004339695,0.0021934269461780787,0.042456552386283875,,,,,26.588768005371094,0.5292975902557373,0.468475341796875,,,,,,,,,,,,,,,,0.9924733638763428,8388608,0.0001,9.588117503325144
jerrychsh-ucsd,dreamer4-tokenizer,qpuq9n6z,pusht-tokenizer,jerrychsh-ucsd/dreamer4-tokenizer/qpuq9n6z,killed,2026-05-02T02:20:46Z,,https://wandb.ai/jerrychsh-ucsd/dreamer4-tokenizer/runs/qpuq9n6z,53900,0.013951621949672699,0.0023375176824629307,0.05807051807641983,,,,,26.312450408935547,0.5086401104927063,0.49053955078125,,,,,,,,,,,,,,,,0.9915350675582886,8388608,0.0001,9.605997369421853
jerrychsh-ucsd,dreamer4-tokenizer,qpuq9n6z,pusht-tokenizer,jerrychsh-ucsd/dreamer4-tokenizer/qpuq9n6z,killed,2026-05-02T02:20:46Z,,https://wandb.ai/jerrychsh-ucsd/dreamer4-tokenizer/runs/qpuq9n6z,54000,0.009889857843518257,0.0016910015838220716,0.04099428281188011,,,,,27.71856117248535,0.5003215074539185,0.49932861328125,,,,,,,,,,,,,,,,0.9919074773788452,8388608,0.0001,9.623821773197916
jerrychsh-ucsd,dreamer4-tokenizer,qpuq9n6z,pusht-tokenizer,jerrychsh-ucsd/dreamer4-tokenizer/qpuq9n6z,killed,2026-05-02T02:20:46Z,,https://wandb.ai/jerrychsh-ucsd/dreamer4-tokenizer/runs/qpuq9n6z,54100,0.00662839412689209,0.0013878544559702277,0.026202697306871414,,,,,28.576560974121094,0.5123846530914307,0.488739013671875,,,,,,,,,,,,,,,,0.9906708002090454,8388608,0.0001,9.641744029654397
jerrychsh-ucsd,dreamer4-tokenizer,qpuq9n6z,pusht-tokenizer,jerrychsh-ucsd/dreamer4-tokenizer/qpuq9n6z,killed,2026-05-02T02:20:46Z,,https://wandb.ai/jerrychsh-ucsd/dreamer4-tokenizer/runs/qpuq9n6z,54200,0.009004377759993076,0.0019253079080954194,0.03539534658193588,,,,,27.154998779296875,0.5860121250152588,0.4156494140625,,,,,,,,,,,,,,,,0.9915482401847839,8388608,0.0001,9.659567176832093
jerrychsh-ucsd,dreamer4-tokenizer,qpuq9n6z,pusht-tokenizer,jerrychsh-ucsd/dreamer4-tokenizer/qpuq9n6z,killed,2026-05-02T02:20:46Z,,https://wandb.ai/jerrychsh-ucsd/dreamer4-tokenizer/runs/qpuq9n6z,54300,0.00816356297582388,0.0017001708038151264,0.03231696039438248,,,,,27.6950740814209,0.6089711785316467,0.3924560546875,,,,,,,,,,,,,,,,0.9919664263725281,8388608,0.0001,9.67739131602976
jerrychsh-ucsd,dreamer4-tokenizer,qpuq9n6z,pusht-tokenizer,jerrychsh-ucsd/dreamer4-tokenizer/qpuq9n6z,killed,2026-05-02T02:20:46Z,,https://wandb.ai/jerrychsh-ucsd/dreamer4-tokenizer/runs/qpuq9n6z,54400,0.0069015552289783955,0.0016456610755994916,0.026279469951987267,,,,,27.836597442626953,0.5678939819335938,0.4320220947265625,,,,,,,,,,,,,,,,0.9912671446800232,8388608,0.0001,9.695203805764516
jerrychsh-ucsd,dreamer4-tokenizer,qpuq9n6z,pusht-tokenizer,jerrychsh-ucsd/dreamer4-tokenizer/qpuq9n6z,killed,2026-05-02T02:20:46Z,,https://wandb.ai/jerrychsh-ucsd/dreamer4-tokenizer/runs/qpuq9n6z,54500,0.007578707300126553,0.0015381580451503396,0.030202746391296387,,,,,28.129989624023438,0.5527852177619934,0.448944091796875,,,,,,,,,,,,,,,,0.9892608523368835,8388608,0.0001,9.713015383415751
jerrychsh-ucsd,dreamer4-tokenizer,qpuq9n6z,pusht-tokenizer,jerrychsh-ucsd/dreamer4-tokenizer/qpuq9n6z,killed,2026-05-02T02:20:46Z,,https://wandb.ai/jerrychsh-ucsd/dreamer4-tokenizer/runs/qpuq9n6z,54600,0.011184751987457275,0.001971137709915638,0.04606807231903076,,,,,27.052831649780273,0.5803260207176208,0.4216156005859375,,,,,,,,,,,,,,,,0.9909073710441589,8388608,0.0001,9.730926054451201
jerrychsh-ucsd,dreamer4-tokenizer,qpuq9n6z,pusht-tokenizer,jerrychsh-ucsd/dreamer4-tokenizer/qpuq9n6z,killed,2026-05-02T02:20:46Z,,https://wandb.ai/jerrychsh-ucsd/dreamer4-tokenizer/runs/qpuq9n6z,54700,0.009287109598517418,0.0019176461501047015,0.0368473157286644,,,,,27.17231559753418,0.5247296690940857,0.4741973876953125,,,,,,,,,,,,,,,,0.9910734295845032,8388608,0.0001,9.748751786616113
jerrychsh-ucsd,dreamer4-tokenizer,qpuq9n6z,pusht-tokenizer,jerrychsh-ucsd/dreamer4-tokenizer/qpuq9n6z,killed,2026-05-02T02:20:46Z,,https://wandb.ai/jerrychsh-ucsd/dreamer4-tokenizer/runs/qpuq9n6z,54800,0.008131833747029305,0.002007784554734826,0.030620243400335312,,,,,26.972829818725586,0.5923092365264893,0.41015625,,,,,,,,,,,,,,,,0.9928741455078125,8388608,0.0001,9.766578370398946
jerrychsh-ucsd,dreamer4-tokenizer,qpuq9n6z,pusht-tokenizer,jerrychsh-ucsd/dreamer4-tokenizer/qpuq9n6z,killed,2026-05-02T02:20:46Z,,https://wandb.ai/jerrychsh-ucsd/dreamer4-tokenizer/runs/qpuq9n6z,54900,0.007984810508787632,0.0016244970029219985,0.03180156648159027,,,,,27.892810821533203,0.5435383319854736,0.4554443359375,,,,,,,,,,,,,,,,0.9917348623275757,8388608,0.0001,9.784392382105192
jerrychsh-ucsd,dreamer4-tokenizer,qpuq9n6z,pusht-tokenizer,jerrychsh-ucsd/dreamer4-tokenizer/qpuq9n6z,killed,2026-05-02T02:20:46Z,,https://wandb.ai/jerrychsh-ucsd/dreamer4-tokenizer/runs/qpuq9n6z,55000,0.01011061854660511,0.0017306656809523702,0.04189976304769516,,,,,27.617870330810547,0.5354189276695251,0.4653472900390625,,,,,,,,,,,,,,,,0.9909842014312744,8388608,0.0001,9.802216709984673
jerrychsh-ucsd,dreamer4-tokenizer,qpuq9n6z,pusht-tokenizer,jerrychsh-ucsd/dreamer4-tokenizer/qpuq9n6z,killed,2026-05-02T02:20:46Z,,https://wandb.ai/jerrychsh-ucsd/dreamer4-tokenizer/runs/qpuq9n6z,55100,0.010363399982452393,0.0021250243298709393,0.04119187965989113,,,,,26.726362228393555,0.5644876956939697,0.4360809326171875,,,,,,,,,,,,,,,,0.9916946291923523,8388608,0.0001,9.820249114500152
jerrychsh-ucsd,dreamer4-tokenizer,qpuq9n6z,pusht-tokenizer,jerrychsh-ucsd/dreamer4-tokenizer/qpuq9n6z,killed,2026-05-02T02:20:46Z,,https://wandb.ai/jerrychsh-ucsd/dreamer4-tokenizer/runs/qpuq9n6z,55200,0.006543332245200872,0.001381969079375267,0.025806814432144165,,,,,28.595016479492188,0.6228545308113098,0.3799285888671875,,,,,,,,,,,,,,,,0.9917929172515869,16777216,0.0001,9.838074316713545
jerrychsh-ucsd,dreamer4-tokenizer,qpuq9n6z,pusht-tokenizer,jerrychsh-ucsd/dreamer4-tokenizer/qpuq9n6z,killed,2026-05-02T02:20:46Z,,https://wandb.ai/jerrychsh-ucsd/dreamer4-tokenizer/runs/qpuq9n6z,55300,0.008523168042302132,0.0019434195710346103,0.03289874270558357,,,,,27.114334106445312,0.5478888750076294,0.454742431640625,,,,,,,,,,,,,,,,0.989469051361084,8388608,0.0001,9.855898787842856
jerrychsh-ucsd,dreamer4-tokenizer,qpuq9n6z,pusht-tokenizer,jerrychsh-ucsd/dreamer4-tokenizer/qpuq9n6z,killed,2026-05-02T02:20:46Z,,https://wandb.ai/jerrychsh-ucsd/dreamer4-tokenizer/runs/qpuq9n6z,55400,0.009485631249845028,0.0019691467750817537,0.03758241981267929,,,,,27.057220458984375,0.5319011211395264,0.466949462890625,,,,,,,,,,,,,,,,0.990540623664856,8388608,0.0001,9.873720605836974
jerrychsh-ucsd,dreamer4-tokenizer,qpuq9n6z,pusht-tokenizer,jerrychsh-ucsd/dreamer4-tokenizer/qpuq9n6z,killed,2026-05-02T02:20:46Z,,https://wandb.ai/jerrychsh-ucsd/dreamer4-tokenizer/runs/qpuq9n6z,55500,0.008118259720504284,0.0017391643486917019,0.0318954773247242,,,,,27.596595764160156,0.6047281622886658,0.3983612060546875,,,,,,,,,,,,,,,,0.9915686845779419,8388608,0.0001,9.891535892552799
jerrychsh-ucsd,dreamer4-tokenizer,qpuq9n6z,pusht-tokenizer,jerrychsh-ucsd/dreamer4-tokenizer/qpuq9n6z,killed,2026-05-02T02:20:46Z,,https://wandb.ai/jerrychsh-ucsd/dreamer4-tokenizer/runs/qpuq9n6z,55600,0.011514659970998764,0.0019515545573085546,0.04781552404165268,,,,,27.096193313598633,0.5521441698074341,0.44769287109375,,,,,,,,,,,,,,,,0.9921125173568726,4194304,0.0001,9.909448833068211
jerrychsh-ucsd,dreamer4-tokenizer,qpuq9n6z,pusht-tokenizer,jerrychsh-ucsd/dreamer4-tokenizer/qpuq9n6z,killed,2026-05-02T02:20:46Z,,https://wandb.ai/jerrychsh-ucsd/dreamer4-tokenizer/runs/qpuq9n6z,55700,0.0077507817186415195,0.0017450526356697083,0.03002864494919777,,,,,27.58191680908203,0.5502822995185852,0.4468994140625,,,,,,,,,,,,,,,,0.9911559224128723,4194304,0.0001,9.927274138993686
jerrychsh-ucsd,dreamer4-tokenizer,qpuq9n6z,pusht-tokenizer,jerrychsh-ucsd/dreamer4-tokenizer/qpuq9n6z,killed,2026-05-02T02:20:46Z,,https://wandb.ai/jerrychsh-ucsd/dreamer4-tokenizer/runs/qpuq9n6z,55800,0.006021555978804827,0.001543455640785396,0.02239050157368183,,,,,28.115060806274414,0.5526008009910583,0.4453125,,,,,,,,,,,,,,,,0.9914441704750061,4194304,0.0001,9.945092311766413
jerrychsh-ucsd,dreamer4-tokenizer,qpuq9n6z,pusht-tokenizer,jerrychsh-ucsd/dreamer4-tokenizer/qpuq9n6z,killed,2026-05-02T02:20:46Z,,https://wandb.ai/jerrychsh-ucsd/dreamer4-tokenizer/runs/qpuq9n6z,55900,0.007824797183275223,0.0017229098593816161,0.030509434640407562,,,,,27.637374877929688,0.5435999631881714,0.4569244384765625,,,,,,,,,,,,,,,,0.9908732771873474,4194304,0.0001,9.962908644609982
jerrychsh-ucsd,dreamer4-tokenizer,qpuq9n6z,pusht-tokenizer,jerrychsh-ucsd/dreamer4-tokenizer/qpuq9n6z,killed,2026-05-02T02:20:46Z,,https://wandb.ai/jerrychsh-ucsd/dreamer4-tokenizer/runs/qpuq9n6z,56000,0.011107808910310268,0.0017666362691670656,0.04670586436986923,,,,,27.52853012084961,0.521492600440979,0.4766845703125,,,,,,,,,,,,,,,,0.9925992488861084,4194304,0.0001,9.980725269185172
jerrychsh-ucsd,dreamer4-tokenizer,qpuq9n6z,pusht-tokenizer,jerrychsh-ucsd/dreamer4-tokenizer/qpuq9n6z,killed,2026-05-02T02:20:46Z,,https://wandb.ai/jerrychsh-ucsd/dreamer4-tokenizer/runs/qpuq9n6z,56100,0.010690856724977493,0.0018014106899499893,0.04444722831249237,,,,,27.44387435913086,0.5157930850982666,0.48065185546875,,,,,,,,,,,,,,,,0.9916460514068604,4194304,0.0001,9.998634060091442
jerrychsh-ucsd,dreamer4-tokenizer,qpuq9n6z,pusht-tokenizer,jerrychsh-ucsd/dreamer4-tokenizer/qpuq9n6z,killed,2026-05-02T02:20:46Z,,https://wandb.ai/jerrychsh-ucsd/dreamer4-tokenizer/runs/qpuq9n6z,56200,0.008198169991374016,0.0018378521781414747,0.03180158883333206,,,,,27.35689353942871,0.6062798500061035,0.3914947509765625,,,,,,,,,,,,,,,,0.9919413328170776,4194304,0.0001,10.016451951662699
jerrychsh-ucsd,dreamer4-tokenizer,qpuq9n6z,pusht-tokenizer,jerrychsh-ucsd/dreamer4-tokenizer/qpuq9n6z,killed,2026-05-02T02:20:46Z,,https://wandb.ai/jerrychsh-ucsd/dreamer4-tokenizer/runs/qpuq9n6z,56300,0.008558180183172226,0.0015813506906852126,0.034884147346019745,,,,,28.00971794128418,0.5388665199279785,0.4623260498046875,,,,,,,,,,,,,,,,0.9921416640281677,4194304,0.0001,10.034275239706039
jerrychsh-ucsd,dreamer4-tokenizer,qpuq9n6z,pusht-tokenizer,jerrychsh-ucsd/dreamer4-tokenizer/qpuq9n6z,killed,2026-05-02T02:20:46Z,,https://wandb.ai/jerrychsh-ucsd/dreamer4-tokenizer/runs/qpuq9n6z,56400,0.011414038948714733,0.001820296049118042,0.04796871542930603,,,,,27.398582458496094,0.5398017764091492,0.460052490234375,,,,,,,,,,,,,,,,0.9917097687721252,4194304,0.0001,10.052098238534398
jerrychsh-ucsd,dreamer4-tokenizer,qpuq9n6z,pusht-tokenizer,jerrychsh-ucsd/dreamer4-tokenizer/qpuq9n6z,killed,2026-05-02T02:20:46Z,,https://wandb.ai/jerrychsh-ucsd/dreamer4-tokenizer/runs/qpuq9n6z,56500,0.01063001062721014,0.002900703577324748,0.03864653408527374,,,,,25.374967575073242,0.6136747598648071,0.3879241943359375,,,,,,,,,,,,,,,,0.9920805096626282,4194304,0.0001,10.069910513030159
jerrychsh-ucsd,dreamer4-tokenizer,qpuq9n6z,pusht-tokenizer,jerrychsh-ucsd/dreamer4-tokenizer/qpuq9n6z,killed,2026-05-02T02:20:46Z,,https://wandb.ai/jerrychsh-ucsd/dreamer4-tokenizer/runs/qpuq9n6z,56600,0.010682341642677784,0.002122066915035248,0.042801372706890106,,,,,26.73240852355957,0.5039514303207397,0.491851806640625,,,,,,,,,,,,,,,,0.9910196661949158,4194304,0.0001,10.087813443673982
jerrychsh-ucsd,dreamer4-tokenizer,qpuq9n6z,pusht-tokenizer,jerrychsh-ucsd/dreamer4-tokenizer/qpuq9n6z,killed,2026-05-02T02:20:46Z,,https://wandb.ai/jerrychsh-ucsd/dreamer4-tokenizer/runs/qpuq9n6z,56700,0.009995942935347557,0.0019826062489300966,0.0400666818022728,,,,,27.02763557434082,0.5947686433792114,0.4071502685546875,,,,,,,,,,,,,,,,0.9894368648529053,4194304,0.0001,10.10561984234386
jerrychsh-ucsd,dreamer4-tokenizer,qpuq9n6z,pusht-tokenizer,jerrychsh-ucsd/dreamer4-tokenizer/qpuq9n6z,killed,2026-05-02T02:20:46Z,,https://wandb.ai/jerrychsh-ucsd/dreamer4-tokenizer/runs/qpuq9n6z,56800,0.009771624580025673,0.0019258435349911451,0.0392289012670517,,,,,27.153793334960938,0.5165311098098755,0.4829559326171875,,,,,,,,,,,,,,,,0.9915637373924255,4194304,0.0001,10.123431499070591
jerrychsh-ucsd,dreamer4-tokenizer,qpuq9n6z,pusht-tokenizer,jerrychsh-ucsd/dreamer4-tokenizer/qpuq9n6z,killed,2026-05-02T02:20:46Z,,https://wandb.ai/jerrychsh-ucsd/dreamer4-tokenizer/runs/qpuq9n6z,56900,0.007128766737878323,0.0016419090097770095,0.02743428759276867,,,,,27.84650993347168,0.5587347745895386,0.4395599365234375,,,,,,,,,,,,,,,,0.9908082485198975,4194304,0.0001,10.141250502268473
jerrychsh-ucsd,dreamer4-tokenizer,qpuq9n6z,pusht-tokenizer,jerrychsh-ucsd/dreamer4-tokenizer/qpuq9n6z,killed,2026-05-02T02:20:46Z,,https://wandb.ai/jerrychsh-ucsd/dreamer4-tokenizer/runs/qpuq9n6z,57000,0.012585955671966076,0.0022810623049736023,0.05152446776628494,,,,,26.418628692626953,0.5329895615577698,0.466400146484375,,,,,,,,,,,,,,,,0.9911940693855286,4194304,0.0001,10.159067148102654
jerrychsh-ucsd,dreamer4-tokenizer,qpuq9n6z,pusht-tokenizer,jerrychsh-ucsd/dreamer4-tokenizer/qpuq9n6z,killed,2026-05-02T02:20:46Z,,https://wandb.ai/jerrychsh-ucsd/dreamer4-tokenizer/runs/qpuq9n6z,57100,0.008587549440562725,0.0020395878236740828,0.03273980692028999,,,,,26.90457534790039,0.5991492867469788,0.4004974365234375,,,,,,,,,,,,,,,,0.9925570487976074,4194304,0.0001,10.17697290625837
jerrychsh-ucsd,dreamer4-tokenizer,qpuq9n6z,pusht-tokenizer,jerrychsh-ucsd/dreamer4-tokenizer/qpuq9n6z,killed,2026-05-02T02:20:46Z,,https://wandb.ai/jerrychsh-ucsd/dreamer4-tokenizer/runs/qpuq9n6z,57200,0.009830188006162643,0.0017624743049964309,0.04033856838941574,,,,,27.538774490356445,0.5276763439178467,0.472015380859375,,,,,,,,,,,,,,,,0.9893852472305298,4194304,0.0001,10.194773971968226
jerrychsh-ucsd,dreamer4-tokenizer,qpuq9n6z,pusht-tokenizer,jerrychsh-ucsd/dreamer4-tokenizer/qpuq9n6z,killed,2026-05-02T02:20:46Z,,https://wandb.ai/jerrychsh-ucsd/dreamer4-tokenizer/runs/qpuq9n6z,57300,0.009273072704672813,0.0022706734016537666,0.03501199930906296,,,,,26.438453674316406,0.5172910690307617,0.4813079833984375,,,,,,,,,,,,,,,,0.9891613721847534,4194304,0.0001,10.212590220305655
jerrychsh-ucsd,dreamer4-tokenizer,qpuq9n6z,pusht-tokenizer,jerrychsh-ucsd/dreamer4-tokenizer/qpuq9n6z,killed,2026-05-02T02:20:46Z,,https://wandb.ai/jerrychsh-ucsd/dreamer4-tokenizer/runs/qpuq9n6z,57400,0.01099427230656147,0.0019813720136880875,0.04506450146436691,,,,,27.030338287353516,0.5488625168800354,0.45269775390625,,,,,,,,,,,,,,,,0.9897685647010803,4194304,0.0001,10.230407462848557
jerrychsh-ucsd,dreamer4-tokenizer,qpuq9n6z,pusht-tokenizer,jerrychsh-ucsd/dreamer4-tokenizer/qpuq9n6z,killed,2026-05-02T02:20:46Z,,https://wandb.ai/jerrychsh-ucsd/dreamer4-tokenizer/runs/qpuq9n6z,57500,0.010025077499449253,0.0018160957843065262,0.04104490578174591,,,,,27.408611297607422,0.5629053115844727,0.4368743896484375,,,,,,,,,,,,,,,,0.9904801249504089,4194304,0.0001,10.248218862281906
jerrychsh-ucsd,dreamer4-tokenizer,qpuq9n6z,pusht-tokenizer,jerrychsh-ucsd/dreamer4-tokenizer/qpuq9n6z,killed,2026-05-02T02:20:46Z,,https://wandb.ai/jerrychsh-ucsd/dreamer4-tokenizer/runs/qpuq9n6z,57600,0.010154468938708305,0.0019480076152831316,0.04103230684995651,,,,,27.104093551635742,0.4982457160949707,0.500946044921875,,,,,,,,,,,,,,,,0.992014467716217,8388608,0.0001,10.266129151582717
jerrychsh-ucsd,dreamer4-tokenizer,qpuq9n6z,pusht-tokenizer,jerrychsh-ucsd/dreamer4-tokenizer/qpuq9n6z,killed,2026-05-02T02:20:46Z,,https://wandb.ai/jerrychsh-ucsd/dreamer4-tokenizer/runs/qpuq9n6z,57700,0.010036674328148365,0.0019429221283644438,0.04046875983476639,,,,,27.115447998046875,0.5639250874519348,0.435516357421875,,,,,,,,,,,,,,,,0.9909977316856384,8388608,0.0001,10.283930858969688
jerrychsh-ucsd,dreamer4-tokenizer,qpuq9n6z,pusht-tokenizer,jerrychsh-ucsd/dreamer4-tokenizer/qpuq9n6z,killed,2026-05-02T02:20:46Z,,https://wandb.ai/jerrychsh-ucsd/dreamer4-tokenizer/runs/qpuq9n6z,57800,0.01065689604729414,0.0019699956756085157,0.0434345006942749,,,,,27.055347442626953,0.5554972290992737,0.445159912109375,,,,,,,,,,,,,,,,0.991672933101654,8388608,0.0001,10.30173037217723
jerrychsh-ucsd,dreamer4-tokenizer,qpuq9n6z,pusht-tokenizer,jerrychsh-ucsd/dreamer4-tokenizer/qpuq9n6z,killed,2026-05-02T02:20:46Z,,https://wandb.ai/jerrychsh-ucsd/dreamer4-tokenizer/runs/qpuq9n6z,57900,0.007957899942994118,0.0016865315847098827,0.03135684132575989,,,,,27.730056762695312,0.5643932819366455,0.4351654052734375,,,,,,,,,,,,,,,,0.9919338822364807,8388608,0.0001,10.319539736443096
jerrychsh-ucsd,dreamer4-tokenizer,qpuq9n6z,pusht-tokenizer,jerrychsh-ucsd/dreamer4-tokenizer/qpuq9n6z,killed,2026-05-02T02:20:46Z,,https://wandb.ai/jerrychsh-ucsd/dreamer4-tokenizer/runs/qpuq9n6z,58000,0.009355423040688038,0.002141981152817607,0.036067210137844086,,,,,26.691844940185547,0.5722264051437378,0.430450439453125,,,,,,,,,,,,,,,,0.9920594692230225,8388608,0.0001,10.337336154381434
jerrychsh-ucsd,dreamer4-tokenizer,qpuq9n6z,pusht-tokenizer,jerrychsh-ucsd/dreamer4-tokenizer/qpuq9n6z,killed,2026-05-02T02:20:46Z,,https://wandb.ai/jerrychsh-ucsd/dreamer4-tokenizer/runs/qpuq9n6z,58100,0.008724057115614414,0.0012865177122876048,0.03718769550323486,,,,,28.905841827392578,0.5085844397544861,0.489654541015625,,,,,,,,,,,,,,,,0.990918755531311,8388608,0.0001,10.355227762725619
jerrychsh-ucsd,dreamer4-tokenizer,qpuq9n6z,pusht-tokenizer,jerrychsh-ucsd/dreamer4-tokenizer/qpuq9n6z,killed,2026-05-02T02:20:46Z,,https://wandb.ai/jerrychsh-ucsd/dreamer4-tokenizer/runs/qpuq9n6z,58200,0.011180555447936058,0.001889712642878294,0.04645421355962753,,,,,27.236042022705078,0.5287929177284241,0.4717559814453125,,,,,,,,,,,,,,,,0.9901732206344604,8388608,0.0001,10.373036549356248
jerrychsh-ucsd,dreamer4-tokenizer,qpuq9n6z,pusht-tokenizer,jerrychsh-ucsd/dreamer4-tokenizer/qpuq9n6z,killed,2026-05-02T02:20:46Z,,https://wandb.ai/jerrychsh-ucsd/dreamer4-tokenizer/runs/qpuq9n6z,58300,0.007307069841772318,0.0014810863649472594,0.029129916802048683,,,,,28.29419708251953,0.5423450469970703,0.4573822021484375,,,,,,,,,,,,,,,,0.9924403429031372,8388608,0.0001,10.390843972629972
jerrychsh-ucsd,dreamer4-tokenizer,qpuq9n6z,pusht-tokenizer,jerrychsh-ucsd/dreamer4-tokenizer/qpuq9n6z,killed,2026-05-02T02:20:46Z,,https://wandb.ai/jerrychsh-ucsd/dreamer4-tokenizer/runs/qpuq9n6z,58400,0.008901003748178482,0.0018357852241024375,0.035326093435287476,,,,,27.36178207397461,0.5672447681427002,0.4313201904296875,,,,,,,,,,,,,,,,0.989979088306427,8388608,0.0001,10.408651624321937
jerrychsh-ucsd,dreamer4-tokenizer,qpuq9n6z,pusht-tokenizer,jerrychsh-ucsd/dreamer4-tokenizer/qpuq9n6z,killed,2026-05-02T02:20:46Z,,https://wandb.ai/jerrychsh-ucsd/dreamer4-tokenizer/runs/qpuq9n6z,58500,0.008638571947813034,0.001763226930052042,0.03437672555446625,,,,,27.53691864013672,0.5470356941223145,0.453094482421875,,,,,,,,,,,,,,,,0.9913373589515686,8388608,0.0001,10.4264510193136
jerrychsh-ucsd,dreamer4-tokenizer,qpuq9n6z,pusht-tokenizer,jerrychsh-ucsd/dreamer4-tokenizer/qpuq9n6z,killed,2026-05-02T02:20:46Z,,https://wandb.ai/jerrychsh-ucsd/dreamer4-tokenizer/runs/qpuq9n6z,58600,0.009345931001007557,0.0016894311411306262,0.038282498717308044,,,,,27.72259521484375,0.5383245944976807,0.4596710205078125,,,,,,,,,,,,,,,,0.9921759963035583,8388608,0.0001,10.444357603854604
jerrychsh-ucsd,dreamer4-tokenizer,qpuq9n6z,pusht-tokenizer,jerrychsh-ucsd/dreamer4-tokenizer/qpuq9n6z,killed,2026-05-02T02:20:46Z,,https://wandb.ai/jerrychsh-ucsd/dreamer4-tokenizer/runs/qpuq9n6z,58700,0.009513337165117264,0.002049826318398118,0.03731755167245865,,,,,26.882829666137695,0.5401746034622192,0.458526611328125,,,,,,,,,,,,,,,,0.9907580614089966,8388608,0.0001,10.46218284752634
jerrychsh-ucsd,dreamer4-tokenizer,qpuq9n6z,pusht-tokenizer,jerrychsh-ucsd/dreamer4-tokenizer/qpuq9n6z,killed,2026-05-02T02:20:46Z,,https://wandb.ai/jerrychsh-ucsd/dreamer4-tokenizer/runs/qpuq9n6z,58800,0.009240874089300632,0.0016195038333535194,0.038106851279735565,,,,,27.906179428100586,0.5570579767227173,0.4445648193359375,,,,,,,,,,,,,,,,0.9914233684539795,8388608,0.0001,10.480002965927124
jerrychsh-ucsd,dreamer4-tokenizer,qpuq9n6z,pusht-tokenizer,jerrychsh-ucsd/dreamer4-tokenizer/qpuq9n6z,killed,2026-05-02T02:20:46Z,,https://wandb.ai/jerrychsh-ucsd/dreamer4-tokenizer/runs/qpuq9n6z,58900,0.009105800651013851,0.0017584924353286624,0.036736540496349335,,,,,27.54859733581543,0.5191910266876221,0.480255126953125,,,,,,,,,,,,,,,,0.9898753762245178,8388608,0.0001,10.497826209664344
jerrychsh-ucsd,dreamer4-tokenizer,qpuq9n6z,pusht-tokenizer,jerrychsh-ucsd/dreamer4-tokenizer/qpuq9n6z,killed,2026-05-02T02:20:46Z,,https://wandb.ai/jerrychsh-ucsd/dreamer4-tokenizer/runs/qpuq9n6z,59000,0.008901002816855907,0.0020007260609418154,0.03450138121843338,,,,,26.98812484741211,0.5603150129318237,0.4389190673828125,,,,,,,,,,,,,,,,0.9910230040550232,8388608,0.0001,10.515644046995375
jerrychsh-ucsd,dreamer4-tokenizer,qpuq9n6z,pusht-tokenizer,jerrychsh-ucsd/dreamer4-tokenizer/qpuq9n6z,killed,2026-05-02T02:20:46Z,,https://wandb.ai/jerrychsh-ucsd/dreamer4-tokenizer/runs/qpuq9n6z,59100,0.011481803841888905,0.0019036808516830206,0.04789061099290848,,,,,27.204059600830078,0.515430212020874,0.4828948974609375,,,,,,,,,,,,,,,,0.9918118119239807,8388608,0.0001,10.533554053571489
jerrychsh-ucsd,dreamer4-tokenizer,qpuq9n6z,pusht-tokenizer,jerrychsh-ucsd/dreamer4-tokenizer/qpuq9n6z,killed,2026-05-02T02:20:46Z,,https://wandb.ai/jerrychsh-ucsd/dreamer4-tokenizer/runs/qpuq9n6z,59200,0.008451133035123348,0.0016523876693099737,0.03399372473359108,,,,,27.818880081176758,0.5166497230529785,0.4818572998046875,,,,,,,,,,,,,,,,0.9912293553352356,8388608,0.0001,10.551363744470809
jerrychsh-ucsd,dreamer4-tokenizer,qpuq9n6z,pusht-tokenizer,jerrychsh-ucsd/dreamer4-tokenizer/qpuq9n6z,killed,2026-05-02T02:20:46Z,,https://wandb.ai/jerrychsh-ucsd/dreamer4-tokenizer/runs/qpuq9n6z,59300,0.008797521702945232,0.0017371451249346137,0.03530188277363777,,,,,27.601640701293945,0.5131454467773438,0.4866943359375,,,,,,,,,,,,,,,,0.9890530109405518,8388608,0.0001,10.56918492131763
jerrychsh-ucsd,dreamer4-tokenizer,qpuq9n6z,pusht-tokenizer,jerrychsh-ucsd/dreamer4-tokenizer/qpuq9n6z,killed,2026-05-02T02:20:46Z,,https://wandb.ai/jerrychsh-ucsd/dreamer4-tokenizer/runs/qpuq9n6z,59400,0.009859468787908554,0.002329031238332391,0.037652187049388885,,,,,26.328248977661133,0.5091449022293091,0.491363525390625,,,,,,,,,,,,,,,,0.9921606183052063,4194304,0.0001,10.587045714524058
jerrychsh-ucsd,dreamer4-tokenizer,qpuq9n6z,pusht-tokenizer,jerrychsh-ucsd/dreamer4-tokenizer/qpuq9n6z,killed,2026-05-02T02:20:46Z,,https://wandb.ai/jerrychsh-ucsd/dreamer4-tokenizer/runs/qpuq9n6z,59500,0.009326906874775887,0.0015995263820514083,0.03863690048456192,,,,,27.9600887298584,0.5438827276229858,0.455841064453125,,,,,,,,,,,,,,,,0.9916024208068848,4194304,0.0001,10.604862268567086
jerrychsh-ucsd,dreamer4-tokenizer,qpuq9n6z,pusht-tokenizer,jerrychsh-ucsd/dreamer4-tokenizer/qpuq9n6z,killed,2026-05-02T02:20:46Z,,https://wandb.ai/jerrychsh-ucsd/dreamer4-tokenizer/runs/qpuq9n6z,59600,0.008731300942599773,0.0018133458215743303,0.034589774906635284,,,,,27.41519546508789,0.5163298845291138,0.4865875244140625,,,,,,,,,,,,,,,,0.9916472434997559,4194304,0.0001,10.622760107649697
jerrychsh-ucsd,dreamer4-tokenizer,qpuq9n6z,pusht-tokenizer,jerrychsh-ucsd/dreamer4-tokenizer/qpuq9n6z,killed,2026-05-02T02:20:46Z,,https://wandb.ai/jerrychsh-ucsd/dreamer4-tokenizer/runs/qpuq9n6z,59700,0.009720353409647942,0.0017005708068609238,0.04009891301393509,,,,,27.694053649902344,0.5447564125061035,0.4548187255859375,,,,,,,,,,,,,,,,0.9896621704101562,4194304,0.0001,10.640577407214376
jerrychsh-ucsd,dreamer4-tokenizer,qpuq9n6z,pusht-tokenizer,jerrychsh-ucsd/dreamer4-tokenizer/qpuq9n6z,killed,2026-05-02T02:20:46Z,,https://wandb.ai/jerrychsh-ucsd/dreamer4-tokenizer/runs/qpuq9n6z,59800,0.01136180479079485,0.0018553651170805097,0.04753219708800316,,,,,27.31570816040039,0.5554566383361816,0.439117431640625,,,,,,,,,,,,,,,,0.9914055466651917,4194304,0.0001,10.658396162788073
jerrychsh-ucsd,dreamer4-tokenizer,qpuq9n6z,pusht-tokenizer,jerrychsh-ucsd/dreamer4-tokenizer/qpuq9n6z,killed,2026-05-02T02:20:46Z,,https://wandb.ai/jerrychsh-ucsd/dreamer4-tokenizer/runs/qpuq9n6z,59900,0.009357752278447151,0.0016396406572312117,0.038590557873249054,,,,,27.852514266967773,0.5364983081817627,0.4671783447265625,,,,,,,,,,,,,,,,0.9922250509262085,4194304,0.0001,10.67621290312873
jerrychsh-ucsd,dreamer4-tokenizer,qpuq9n6z,pusht-tokenizer,jerrychsh-ucsd/dreamer4-tokenizer/qpuq9n6z,killed,2026-05-02T02:20:46Z,,https://wandb.ai/jerrychsh-ucsd/dreamer4-tokenizer/runs/qpuq9n6z,60000,0.008807177655398846,0.0018785177962854505,0.034643299877643585,,,,,27.26184844970703,0.5653599500656128,0.4337921142578125,,,,,,,,,,,,,,,,0.9914902448654175,4194304,0.0001,10.694028269383642
jerrychsh-ucsd,dreamer4-tokenizer,qpuq9n6z,pusht-tokenizer,jerrychsh-ucsd/dreamer4-tokenizer/qpuq9n6z,killed,2026-05-02T02:20:46Z,,https://wandb.ai/jerrychsh-ucsd/dreamer4-tokenizer/runs/qpuq9n6z,60100,0.00861610472202301,0.0018523712642490864,0.03381866589188576,,,,,27.322721481323242,0.5622987747192383,0.4390411376953125,,,,,,,,,,,,,,,,0.9904579520225525,4194304,0.0001,10.712051729692353
jerrychsh-ucsd,dreamer4-tokenizer,qpuq9n6z,pusht-tokenizer,jerrychsh-ucsd/dreamer4-tokenizer/qpuq9n6z,killed,2026-05-02T02:20:46Z,,https://wandb.ai/jerrychsh-ucsd/dreamer4-tokenizer/runs/qpuq9n6z,60200,0.010475123301148415,0.0020665181800723076,0.04204302281141281,,,,,26.84760856628418,0.4944508671760559,0.5056304931640625,,,,,,,,,,,,,,,,0.9905194640159607,4194304,0.0001,10.72986945801311
jerrychsh-ucsd,dreamer4-tokenizer,qpuq9n6z,pusht-tokenizer,jerrychsh-ucsd/dreamer4-tokenizer/qpuq9n6z,killed,2026-05-02T02:20:46Z,,https://wandb.ai/jerrychsh-ucsd/dreamer4-tokenizer/runs/qpuq9n6z,60300,0.009850334376096725,0.0018969678785651922,0.0397668294608593,,,,,27.21940040588379,0.48962676525115967,0.5113677978515625,,,,,,,,,,,,,,,,0.9917338490486145,4194304,0.0001,10.747672739889886
jerrychsh-ucsd,dreamer4-tokenizer,qpuq9n6z,pusht-tokenizer,jerrychsh-ucsd/dreamer4-tokenizer/qpuq9n6z,killed,2026-05-02T02:20:46Z,,https://wandb.ai/jerrychsh-ucsd/dreamer4-tokenizer/runs/qpuq9n6z,60400,0.007916558533906937,0.001834206748753786,0.03041176125407219,,,,,27.365516662597656,0.5663598775863647,0.43463134765625,,,,,,,,,,,,,,,,0.9917413592338562,4194304,0.0001,10.765477352937063
jerrychsh-ucsd,dreamer4-tokenizer,qpuq9n6z,pusht-tokenizer,jerrychsh-ucsd/dreamer4-tokenizer/qpuq9n6z,killed,2026-05-02T02:20:46Z,,https://wandb.ai/jerrychsh-ucsd/dreamer4-tokenizer/runs/qpuq9n6z,60500,0.007532254792749882,0.0016675168881192803,0.02932368963956833,,,,,27.779296875,0.569280207157135,0.4318084716796875,,,,,,,,,,,,,,,,0.9911971092224121,4194304,0.0001,10.78328007545736
jerrychsh-ucsd,dreamer4-tokenizer,qpuq9n6z,pusht-tokenizer,jerrychsh-ucsd/dreamer4-tokenizer/qpuq9n6z,killed,2026-05-02T02:20:46Z,,https://wandb.ai/jerrychsh-ucsd/dreamer4-tokenizer/runs/qpuq9n6z,60600,0.010703042149543762,0.0018730595475062728,0.044149912893772125,,,,,27.274484634399414,0.5285215377807617,0.4730682373046875,,,,,,,,,,,,,,,,0.9912472367286682,4194304,0.0001,10.801182315879398
jerrychsh-ucsd,dreamer4-tokenizer,qpuq9n6z,pusht-tokenizer,jerrychsh-ucsd/dreamer4-tokenizer/qpuq9n6z,killed,2026-05-02T02:20:46Z,,https://wandb.ai/jerrychsh-ucsd/dreamer4-tokenizer/runs/qpuq9n6z,60700,0.006942205596715212,0.0015292251482605934,0.02706490084528923,,,,,28.15528678894043,0.5106355547904968,0.48870849609375,,,,,,,,,,,,,,,,0.9927261471748352,4194304,0.0001,10.818994666602876
jerrychsh-ucsd,dreamer4-tokenizer,qpuq9n6z,pusht-tokenizer,jerrychsh-ucsd/dreamer4-tokenizer/qpuq9n6z,killed,2026-05-02T02:20:46Z,,https://wandb.ai/jerrychsh-ucsd/dreamer4-tokenizer/runs/qpuq9n6z,60800,0.010142890736460686,0.0017775804735720158,0.041826553642749786,,,,,27.501708984375,0.4839080572128296,0.5172119140625,,,,,,,,,,,,,,,,0.9906978607177734,4194304,0.0001,10.836812249289618
jerrychsh-ucsd,dreamer4-tokenizer,qpuq9n6z,pusht-tokenizer,jerrychsh-ucsd/dreamer4-tokenizer/qpuq9n6z,killed,2026-05-02T02:20:46Z,,https://wandb.ai/jerrychsh-ucsd/dreamer4-tokenizer/runs/qpuq9n6z,60900,0.007370512932538986,0.0014748054090887308,0.029478536918759346,,,,,28.312654495239258,0.524559497833252,0.4722442626953125,,,,,,,,,,,,,,,,0.9916559457778931,4194304,0.0001,10.8546421248383
jerrychsh-ucsd,dreamer4-tokenizer,qpuq9n6z,pusht-tokenizer,jerrychsh-ucsd/dreamer4-tokenizer/qpuq9n6z,killed,2026-05-02T02:20:46Z,,https://wandb.ai/jerrychsh-ucsd/dreamer4-tokenizer/runs/qpuq9n6z,61000,0.008286378346383572,0.0017008803552016616,0.0329274907708168,,,,,27.693262100219727,0.5430202484130859,0.4573211669921875,,,,,,,,,,,,,,,,0.9928930401802063,4194304,0.0001,10.872466494838397
jerrychsh-ucsd,dreamer4-tokenizer,qpuq9n6z,pusht-tokenizer,jerrychsh-ucsd/dreamer4-tokenizer/qpuq9n6z,killed,2026-05-02T02:20:46Z,,https://wandb.ai/jerrychsh-ucsd/dreamer4-tokenizer/runs/qpuq9n6z,61100,0.00914522260427475,0.0020018783397972584,0.03571672365069389,,,,,26.985624313354492,0.5480283498764038,0.4525604248046875,,,,,,,,,,,,,,,,0.9925504922866821,4194304,0.0001,10.890377656751209
jerrychsh-ucsd,dreamer4-tokenizer,qpuq9n6z,pusht-tokenizer,jerrychsh-ucsd/dreamer4-tokenizer/qpuq9n6z,killed,2026-05-02T02:20:46Z,,https://wandb.ai/jerrychsh-ucsd/dreamer4-tokenizer/runs/qpuq9n6z,61200,0.010760928504168987,0.0018912657396867871,0.04434831440448761,,,,,27.23247528076172,0.5793029069900513,0.421722412109375,,,,,,,,,,,,,,,,0.9918078780174255,4194304,0.0001,10.908204844991365
jerrychsh-ucsd,dreamer4-tokenizer,qpuq9n6z,pusht-tokenizer,jerrychsh-ucsd/dreamer4-tokenizer/qpuq9n6z,killed,2026-05-02T02:20:46Z,,https://wandb.ai/jerrychsh-ucsd/dreamer4-tokenizer/runs/qpuq9n6z,61300,0.0069835674948990345,0.001665111049078405,0.026592280715703964,,,,,27.785568237304688,0.5931200981140137,0.4062347412109375,,,,,,,,,,,,,,,,0.9913305044174194,4194304,0.0001,10.926028287940555
jerrychsh-ucsd,dreamer4-tokenizer,qpuq9n6z,pusht-tokenizer,jerrychsh-ucsd/dreamer4-tokenizer/qpuq9n6z,killed,2026-05-02T02:20:46Z,,https://wandb.ai/jerrychsh-ucsd/dreamer4-tokenizer/runs/qpuq9n6z,61400,0.00948072038590908,0.0018492474919185042,0.03815736621618271,,,,,27.33005142211914,0.5311850309371948,0.4665374755859375,,,,,,,,,,,,,,,,0.9904344081878662,8388608,0.0001,10.943845158881611
jerrychsh-ucsd,dreamer4-tokenizer,qpuq9n6z,pusht-tokenizer,jerrychsh-ucsd/dreamer4-tokenizer/qpuq9n6z,killed,2026-05-02T02:20:46Z,,https://wandb.ai/jerrychsh-ucsd/dreamer4-tokenizer/runs/qpuq9n6z,61500,0.005898721050471067,0.0014112811768427491,0.0224371999502182,,,,,28.503864288330078,0.5394518971443176,0.46063232421875,,,,,,,,,,,,,,,,0.989812433719635,8388608,0.0001,10.961655146214698
jerrychsh-ucsd,dreamer4-tokenizer,qpuq9n6z,pusht-tokenizer,jerrychsh-ucsd/dreamer4-tokenizer/qpuq9n6z,killed,2026-05-02T02:20:46Z,,https://wandb.ai/jerrychsh-ucsd/dreamer4-tokenizer/runs/qpuq9n6z,61600,0.010981068946421146,0.001681091613136232,0.046499885618686676,,,,,27.74408531188965,0.5469987392425537,0.451568603515625,,,,,,,,,,,,,,,,0.9915261268615723,8388608,0.0001,10.979553809430865
jerrychsh-ucsd,dreamer4-tokenizer,qpuq9n6z,pusht-tokenizer,jerrychsh-ucsd/dreamer4-tokenizer/qpuq9n6z,killed,2026-05-02T02:20:46Z,,https://wandb.ai/jerrychsh-ucsd/dreamer4-tokenizer/runs/qpuq9n6z,61700,0.008685494773089886,0.001928878715261817,0.03378307819366455,,,,,27.14695167541504,0.5630162954330444,0.436187744140625,,,,,,,,,,,,,,,,0.9920002222061157,8388608,0.0001,10.997366344928741
jerrychsh-ucsd,dreamer4-tokenizer,qpuq9n6z,pusht-tokenizer,jerrychsh-ucsd/dreamer4-tokenizer/qpuq9n6z,killed,2026-05-02T02:20:46Z,,https://wandb.ai/jerrychsh-ucsd/dreamer4-tokenizer/runs/qpuq9n6z,61800,0.007685044780373573,0.0015351498732343316,0.030749475583434105,,,,,28.13849449157715,0.5445594787597656,0.4553985595703125,,,,,,,,,,,,,,,,0.9911397099494934,8388608,0.0001,11.015185497734281
jerrychsh-ucsd,dreamer4-tokenizer,qpuq9n6z,pusht-tokenizer,jerrychsh-ucsd/dreamer4-tokenizer/qpuq9n6z,killed,2026-05-02T02:20:46Z,,https://wandb.ai/jerrychsh-ucsd/dreamer4-tokenizer/runs/qpuq9n6z,61900,0.010209214873611927,0.0017153812805190682,0.04246916621923447,,,,,27.65639305114746,0.49580714106559753,0.5013580322265625,,,,,,,,,,,,,,,,0.9913291931152344,8388608,0.0001,11.03300544222196
jerrychsh-ucsd,dreamer4-tokenizer,qpuq9n6z,pusht-tokenizer,jerrychsh-ucsd/dreamer4-tokenizer/qpuq9n6z,killed,2026-05-02T02:20:46Z,,https://wandb.ai/jerrychsh-ucsd/dreamer4-tokenizer/runs/qpuq9n6z,62000,0.011096986010670662,0.0019369024084880948,0.04580041766166687,,,,,27.128923416137695,0.5371405482292175,0.461395263671875,,,,,,,,,,,,,,,,0.9923174977302551,8388608,0.0001,11.050855423609416
jerrychsh-ucsd,dreamer4-tokenizer,qpuq9n6z,pusht-tokenizer,jerrychsh-ucsd/dreamer4-tokenizer/qpuq9n6z,killed,2026-05-02T02:20:46Z,,https://wandb.ai/jerrychsh-ucsd/dreamer4-tokenizer/runs/qpuq9n6z,62100,0.011724207550287247,0.0016705291345715523,0.05026838928461075,,,,,27.77145767211914,0.49810710549354553,0.49945068359375,,,,,,,,,,,,,,,,0.9893885850906372,8388608,0.0001,11.068755093084441
jerrychsh-ucsd,dreamer4-tokenizer,qpuq9n6z,pusht-tokenizer,jerrychsh-ucsd/dreamer4-tokenizer/qpuq9n6z,killed,2026-05-02T02:20:46Z,,https://wandb.ai/jerrychsh-ucsd/dreamer4-tokenizer/runs/qpuq9n6z,62200,0.0090256342664361,0.0016052515711635351,0.03710191324353218,,,,,27.944568634033203,0.4993792474269867,0.499908447265625,,,,,,,,,,,,,,,,0.991020679473877,8388608,0.0001,11.086581503550212
jerrychsh-ucsd,dreamer4-tokenizer,qpuq9n6z,pusht-tokenizer,jerrychsh-ucsd/dreamer4-tokenizer/qpuq9n6z,killed,2026-05-02T02:20:46Z,,https://wandb.ai/jerrychsh-ucsd/dreamer4-tokenizer/runs/qpuq9n6z,62300,0.009144432842731476,0.0015149498358368874,0.03814741596579552,,,,,28.19601821899414,0.5837149024009705,0.4147796630859375,,,,,,,,,,,,,,,,0.9900948405265808,8388608,0.0001,11.104408263431655
jerrychsh-ucsd,dreamer4-tokenizer,qpuq9n6z,pusht-tokenizer,jerrychsh-ucsd/dreamer4-tokenizer/qpuq9n6z,killed,2026-05-02T02:20:46Z,,https://wandb.ai/jerrychsh-ucsd/dreamer4-tokenizer/runs/qpuq9n6z,62400,0.009014716371893883,0.0017171258805319667,0.03648795187473297,,,,,27.651979446411133,0.591802179813385,0.408721923828125,,,,,,,,,,,,,,,,0.991645872592926,8388608,0.0001,11.122225431534979
jerrychsh-ucsd,dreamer4-tokenizer,qpuq9n6z,pusht-tokenizer,jerrychsh-ucsd/dreamer4-tokenizer/qpuq9n6z,killed,2026-05-02T02:20:46Z,,https://wandb.ai/jerrychsh-ucsd/dreamer4-tokenizer/runs/qpuq9n6z,62500,0.00784803181886673,0.0018244043458253145,0.03011813573539257,,,,,27.388790130615234,0.5082635879516602,0.4940643310546875,,,,,,,,,,,,,,,,0.9920064210891724,4194304,0.0001,11.140047302775912
jerrychsh-ucsd,dreamer4-tokenizer,qpuq9n6z,pusht-tokenizer,jerrychsh-ucsd/dreamer4-tokenizer/qpuq9n6z,killed,2026-05-02T02:20:46Z,,https://wandb.ai/jerrychsh-ucsd/dreamer4-tokenizer/runs/qpuq9n6z,62600,0.006112420931458473,0.0015662997029721737,0.02273060567677021,,,,,28.051252365112305,0.5937538146972656,0.40496826171875,,,,,,,,,,,,,,,,0.9927026629447937,4194304,0.0001,11.157953145437771
jerrychsh-ucsd,dreamer4-tokenizer,qpuq9n6z,pusht-tokenizer,jerrychsh-ucsd/dreamer4-tokenizer/qpuq9n6z,killed,2026-05-02T02:20:46Z,,https://wandb.ai/jerrychsh-ucsd/dreamer4-tokenizer/runs/qpuq9n6z,62700,0.009007854387164116,0.0018026166362687945,0.03602619096636772,,,,,27.440967559814453,0.5610010027885437,0.43975830078125,,,,,,,,,,,,,,,,0.99088454246521,4194304,0.0001,11.175799479815694
jerrychsh-ucsd,dreamer4-tokenizer,qpuq9n6z,pusht-tokenizer,jerrychsh-ucsd/dreamer4-tokenizer/qpuq9n6z,killed,2026-05-02T02:20:46Z,,https://wandb.ai/jerrychsh-ucsd/dreamer4-tokenizer/runs/qpuq9n6z,62800,0.011905372142791748,0.0018679330823943019,0.05018719285726547,,,,,27.286386489868164,0.5328230261802673,0.46673583984375,,,,,,,,,,,,,,,,0.9919499158859253,4194304,0.0001,11.19363724635707
jerrychsh-ucsd,dreamer4-tokenizer,qpuq9n6z,pusht-tokenizer,jerrychsh-ucsd/dreamer4-tokenizer/qpuq9n6z,killed,2026-05-02T02:20:46Z,,https://wandb.ai/jerrychsh-ucsd/dreamer4-tokenizer/runs/qpuq9n6z,62900,0.010056665167212486,0.0016554475296288729,0.04200609028339386,,,,,27.810848236083984,0.4917631447315216,0.511016845703125,,,,,,,,,,,,,,,,0.988024890422821,4194304,0.0001,11.211453658938408
jerrychsh-ucsd,dreamer4-tokenizer,qpuq9n6z,pusht-tokenizer,jerrychsh-ucsd/dreamer4-tokenizer/qpuq9n6z,killed,2026-05-02T02:20:46Z,,https://wandb.ai/jerrychsh-ucsd/dreamer4-tokenizer/runs/qpuq9n6z,63000,0.007761543150991201,0.0014651542296633124,0.031481944024562836,,,,,28.341169357299805,0.5691266059875488,0.4286346435546875,,,,,,,,,,,,,,,,0.991834819316864,4194304,0.0001,11.22927634259065
jerrychsh-ucsd,dreamer4-tokenizer,qpuq9n6z,pusht-tokenizer,jerrychsh-ucsd/dreamer4-tokenizer/qpuq9n6z,killed,2026-05-02T02:20:46Z,,https://wandb.ai/jerrychsh-ucsd/dreamer4-tokenizer/runs/qpuq9n6z,63100,0.00817034114152193,0.0016372028039768338,0.032665692269802094,,,,,27.858978271484375,0.49521487951278687,0.504730224609375,,,,,,,,,,,,,,,,0.9893085360527039,4194304,0.0001,11.24718756907516
jerrychsh-ucsd,dreamer4-tokenizer,qpuq9n6z,pusht-tokenizer,jerrychsh-ucsd/dreamer4-tokenizer/qpuq9n6z,killed,2026-05-02T02:20:46Z,,https://wandb.ai/jerrychsh-ucsd/dreamer4-tokenizer/runs/qpuq9n6z,63200,0.011091121472418308,0.002175208181142807,0.04457956552505493,,,,,26.62499237060547,0.570045530796051,0.430084228515625,,,,,,,,,,,,,,,,0.9926838278770447,4194304,0.0001,11.265008359087838
jerrychsh-ucsd,dreamer4-tokenizer,qpuq9n6z,pusht-tokenizer,jerrychsh-ucsd/dreamer4-tokenizer/qpuq9n6z,killed,2026-05-02T02:20:46Z,,https://wandb.ai/jerrychsh-ucsd/dreamer4-tokenizer/runs/qpuq9n6z,63300,0.006157379597425461,0.0015216980827972293,0.023178406059741974,,,,,28.176715850830078,0.5502604246139526,0.4512786865234375,,,,,,,,,,,,,,,,0.9904761910438538,4194304,0.0001,11.28283074564404
jerrychsh-ucsd,dreamer4-tokenizer,qpuq9n6z,pusht-tokenizer,jerrychsh-ucsd/dreamer4-tokenizer/qpuq9n6z,killed,2026-05-02T02:20:46Z,,https://wandb.ai/jerrychsh-ucsd/dreamer4-tokenizer/runs/qpuq9n6z,63400,0.009609667584300041,0.002032055053859949,0.0378880649805069,,,,,26.920644760131836,0.583328366279602,0.41705322265625,,,,,,,,,,,,,,,,0.9904710650444031,4194304,0.0001,11.300648305813471
jerrychsh-ucsd,dreamer4-tokenizer,qpuq9n6z,pusht-tokenizer,jerrychsh-ucsd/dreamer4-tokenizer/qpuq9n6z,killed,2026-05-02T02:20:46Z,,https://wandb.ai/jerrychsh-ucsd/dreamer4-tokenizer/runs/qpuq9n6z,63500,0.008057464845478535,0.001686345785856247,0.031855594366788864,,,,,27.730533599853516,0.5849249362945557,0.415740966796875,,,,,,,,,,,,,,,,0.9911006689071655,4194304,0.0001,11.318459589547581
jerrychsh-ucsd,dreamer4-tokenizer,qpuq9n6z,pusht-tokenizer,jerrychsh-ucsd/dreamer4-tokenizer/qpuq9n6z,killed,2026-05-02T02:20:46Z,,https://wandb.ai/jerrychsh-ucsd/dreamer4-tokenizer/runs/qpuq9n6z,63600,0.008248144760727882,0.0017154989764094353,0.03266322612762451,,,,,27.656097412109375,0.6025422811508179,0.400115966796875,,,,,,,,,,,,,,,,0.9915059208869934,4194304,0.0001,11.336367482741673
jerrychsh-ucsd,dreamer4-tokenizer,qpuq9n6z,pusht-tokenizer,jerrychsh-ucsd/dreamer4-tokenizer/qpuq9n6z,killed,2026-05-02T02:20:46Z,,https://wandb.ai/jerrychsh-ucsd/dreamer4-tokenizer/runs/qpuq9n6z,63700,0.01134190708398819,0.002135401125997305,0.046032533049583435,,,,,26.7052059173584,0.5306754112243652,0.4658203125,,,,,,,,,,,,,,,,0.9913501739501953,4194304,0.0001,11.354186387459437
jerrychsh-ucsd,dreamer4-tokenizer,qpuq9n6z,pusht-tokenizer,jerrychsh-ucsd/dreamer4-tokenizer/qpuq9n6z,killed,2026-05-02T02:20:46Z,,https://wandb.ai/jerrychsh-ucsd/dreamer4-tokenizer/runs/qpuq9n6z,63800,0.010268512181937695,0.0017077113734558225,0.04280400276184082,,,,,27.67585563659668,0.5469889640808105,0.4559478759765625,,,,,,,,,,,,,,,,0.9906880259513855,4194304,0.0001,11.372003440790706
jerrychsh-ucsd,dreamer4-tokenizer,qpuq9n6z,pusht-tokenizer,jerrychsh-ucsd/dreamer4-tokenizer/qpuq9n6z,killed,2026-05-02T02:20:46Z,,https://wandb.ai/jerrychsh-ucsd/dreamer4-tokenizer/runs/qpuq9n6z,63900,0.009058132767677307,0.002029266906902194,0.03514432907104492,,,,,26.926610946655273,0.5961082577705383,0.4062042236328125,,,,,,,,,,,,,,,,0.9913579225540161,4194304,0.0001,11.38983239961995
jerrychsh-ucsd,dreamer4-tokenizer,qpuq9n6z,pusht-tokenizer,jerrychsh-ucsd/dreamer4-tokenizer/qpuq9n6z,killed,2026-05-02T02:20:46Z,,https://wandb.ai/jerrychsh-ucsd/dreamer4-tokenizer/runs/qpuq9n6z,64000,0.009552876465022564,0.0018189415568485856,0.03866967186331749,,,,,27.401813507080078,0.49634307622909546,0.5032958984375,,,,,,,,,,,,,,,,0.990456223487854,4194304,0.0001,11.40764659040504
jerrychsh-ucsd,dreamer4-tokenizer,qpuq9n6z,pusht-tokenizer,jerrychsh-ucsd/dreamer4-tokenizer/qpuq9n6z,killed,2026-05-02T02:20:46Z,,https://wandb.ai/jerrychsh-ucsd/dreamer4-tokenizer/runs/qpuq9n6z,64100,0.00590262096375227,0.001463391468860209,0.022196147590875626,,,,,28.34639549255371,0.550184428691864,0.44696044921875,,,,,,,,,,,,,,,,0.990928590297699,4194304,0.0001,11.425552797582414
jerrychsh-ucsd,dreamer4-tokenizer,qpuq9n6z,pusht-tokenizer,jerrychsh-ucsd/dreamer4-tokenizer/qpuq9n6z,killed,2026-05-02T02:20:46Z,,https://wandb.ai/jerrychsh-ucsd/dreamer4-tokenizer/runs/qpuq9n6z,64200,0.008138047531247139,0.001498682890087366,0.033196821808815,,,,,28.242902755737305,0.5877417325973511,0.4112396240234375,,,,,,,,,,,,,,,,0.9911912679672241,4194304,0.0001,11.443372235827976
jerrychsh-ucsd,dreamer4-tokenizer,qpuq9n6z,pusht-tokenizer,jerrychsh-ucsd/dreamer4-tokenizer/qpuq9n6z,killed,2026-05-02T02:20:46Z,,https://wandb.ai/jerrychsh-ucsd/dreamer4-tokenizer/runs/qpuq9n6z,64300,0.011816784739494324,0.0023439060896635056,0.04736439138650894,,,,,26.30059814453125,0.5617640018463135,0.440216064453125,,,,,,,,,,,,,,,,0.990166425704956,4194304,0.0001,11.461190357340707
jerrychsh-ucsd,dreamer4-tokenizer,qpuq9n6z,pusht-tokenizer,jerrychsh-ucsd/dreamer4-tokenizer/qpuq9n6z,killed,2026-05-02T02:20:46Z,,https://wandb.ai/jerrychsh-ucsd/dreamer4-tokenizer/runs/qpuq9n6z,64400,0.007940895855426788,0.0018266477854922414,0.030571240931749344,,,,,27.383453369140625,0.5676712393760681,0.4319305419921875,,,,,,,,,,,,,,,,0.9927706122398376,4194304,0.0001,11.479009271462758
jerrychsh-ucsd,dreamer4-tokenizer,qpuq9n6z,pusht-tokenizer,jerrychsh-ucsd/dreamer4-tokenizer/qpuq9n6z,killed,2026-05-02T02:20:46Z,,https://wandb.ai/jerrychsh-ucsd/dreamer4-tokenizer/runs/qpuq9n6z,64500,0.006778263952583075,0.0015922252787277102,0.025930192321538925,,,,,27.979955673217773,0.524648904800415,0.4757843017578125,,,,,,,,,,,,,,,,0.9906463027000427,8388608,0.0001,11.496812336842218
jerrychsh-ucsd,dreamer4-tokenizer,qpuq9n6z,pusht-tokenizer,jerrychsh-ucsd/dreamer4-tokenizer/qpuq9n6z,killed,2026-05-02T02:20:46Z,,https://wandb.ai/jerrychsh-ucsd/dreamer4-tokenizer/runs/qpuq9n6z,64600,0.009610213339328766,0.0021230026613920927,0.03743605315685272,,,,,26.73049545288086,0.6067872047424316,0.39300537109375,,,,,,,,,,,,,,,,0.991695761680603,8388608,0.0001,11.514720083276432
jerrychsh-ucsd,dreamer4-tokenizer,qpuq9n6z,pusht-tokenizer,jerrychsh-ucsd/dreamer4-tokenizer/qpuq9n6z,killed,2026-05-02T02:20:46Z,,https://wandb.ai/jerrychsh-ucsd/dreamer4-tokenizer/runs/qpuq9n6z,64700,0.008596768602728844,0.0015423378208652139,0.03527215123176575,,,,,28.118206024169922,0.5675836801528931,0.4322509765625,,,,,,,,,,,,,,,,0.9913212060928345,8388608,0.0001,11.532552571627829
jerrychsh-ucsd,dreamer4-tokenizer,qpuq9n6z,pusht-tokenizer,jerrychsh-ucsd/dreamer4-tokenizer/qpuq9n6z,killed,2026-05-02T02:20:46Z,,https://wandb.ai/jerrychsh-ucsd/dreamer4-tokenizer/runs/qpuq9n6z,64800,0.009151776321232319,0.0018733186880126595,0.03639228641986847,,,,,27.273883819580078,0.6219995021820068,0.378448486328125,,,,,,,,,,,,,,,,0.9913759231567383,8388608,0.0001,11.550375502705574
jerrychsh-ucsd,dreamer4-tokenizer,qpuq9n6z,pusht-tokenizer,jerrychsh-ucsd/dreamer4-tokenizer/qpuq9n6z,killed,2026-05-02T02:20:46Z,,https://wandb.ai/jerrychsh-ucsd/dreamer4-tokenizer/runs/qpuq9n6z,64900,0.0074641820974648,0.0017565084854140878,0.02853836864233017,,,,,27.553497314453125,0.5874093174934387,0.4121246337890625,,,,,,,,,,,,,,,,0.9920490384101868,8388608,0.0001,11.568187905351321
jerrychsh-ucsd,dreamer4-tokenizer,qpuq9n6z,pusht-tokenizer,jerrychsh-ucsd/dreamer4-tokenizer/qpuq9n6z,killed,2026-05-02T02:20:46Z,,https://wandb.ai/jerrychsh-ucsd/dreamer4-tokenizer/runs/qpuq9n6z,65000,0.007188508752733469,0.0016102207591757178,0.027891438454389572,,,,,27.9311466217041,0.5991649627685547,0.399627685546875,,,,,,,,,,,,,,,,0.9921348094940186,8388608,0.0001,11.586055083804661
jerrychsh-ucsd,dreamer4-tokenizer,qpuq9n6z,pusht-tokenizer,jerrychsh-ucsd/dreamer4-tokenizer/qpuq9n6z,killed,2026-05-02T02:20:46Z,,https://wandb.ai/jerrychsh-ucsd/dreamer4-tokenizer/runs/qpuq9n6z,65100,0.007765415124595165,0.00203707511536777,0.028641700744628906,,,,,26.909931182861328,0.5731069445610046,0.426666259765625,,,,,,,,,,,,,,,,0.9933885335922241,8388608,0.0001,11.604078468812837
jerrychsh-ucsd,dreamer4-tokenizer,qpuq9n6z,pusht-tokenizer,jerrychsh-ucsd/dreamer4-tokenizer/qpuq9n6z,killed,2026-05-02T02:20:46Z,,https://wandb.ai/jerrychsh-ucsd/dreamer4-tokenizer/runs/qpuq9n6z,65200,0.006643459666520357,0.0015922094462439418,0.02525625005364418,,,,,27.979999542236328,0.5542316436767578,0.446197509765625,,,,,,,,,,,,,,,,0.9915063381195068,8388608,0.0001,11.621888659861353
jerrychsh-ucsd,dreamer4-tokenizer,qpuq9n6z,pusht-tokenizer,jerrychsh-ucsd/dreamer4-tokenizer/qpuq9n6z,killed,2026-05-02T02:20:46Z,,https://wandb.ai/jerrychsh-ucsd/dreamer4-tokenizer/runs/qpuq9n6z,65300,0.009504588320851326,0.0015065177576616406,0.03999035432934761,,,,,28.220256805419922,0.5487014055252075,0.4532470703125,,,,,,,,,,,,,,,,0.9909624457359314,8388608,0.0001,11.639698008762466
jerrychsh-ucsd,dreamer4-tokenizer,qpuq9n6z,pusht-tokenizer,jerrychsh-ucsd/dreamer4-tokenizer/qpuq9n6z,killed,2026-05-02T02:20:46Z,,https://wandb.ai/jerrychsh-ucsd/dreamer4-tokenizer/runs/qpuq9n6z,65400,0.009742509573698044,0.0017861066153272986,0.03978201746940613,,,,,27.480928421020508,0.5132564306259155,0.4891204833984375,,,,,,,,,,,,,,,,0.9921709895133972,8388608,0.0001,11.657505213883187
jerrychsh-ucsd,dreamer4-tokenizer,qpuq9n6z,pusht-tokenizer,jerrychsh-ucsd/dreamer4-tokenizer/qpuq9n6z,killed,2026-05-02T02:20:46Z,,https://wandb.ai/jerrychsh-ucsd/dreamer4-tokenizer/runs/qpuq9n6z,65500,0.008081471547484398,0.0017237348947674036,0.03178868442773819,,,,,27.635295867919922,0.5480557084083557,0.4482879638671875,,,,,,,,,,,,,,,,0.9913151264190674,8388608,0.0001,11.675309027698304
jerrychsh-ucsd,dreamer4-tokenizer,qpuq9n6z,pusht-tokenizer,jerrychsh-ucsd/dreamer4-tokenizer/qpuq9n6z,killed,2026-05-02T02:20:46Z,,https://wandb.ai/jerrychsh-ucsd/dreamer4-tokenizer/runs/qpuq9n6z,65600,0.011153164319694042,0.0015943730250000954,0.047793954610824585,,,,,27.97410011291504,0.5051531791687012,0.494842529296875,,,,,,,,,,,,,,,,0.9914995431900024,8388608,0.0001,11.693245817754004
jerrychsh-ucsd,dreamer4-tokenizer,qpuq9n6z,pusht-tokenizer,jerrychsh-ucsd/dreamer4-tokenizer/qpuq9n6z,killed,2026-05-02T02:20:46Z,,https://wandb.ai/jerrychsh-ucsd/dreamer4-tokenizer/runs/qpuq9n6z,65700,0.008410751819610596,0.0018884228775277734,0.03261164203286171,,,,,27.2390079498291,0.5312350988388062,0.468231201171875,,,,,,,,,,,,,,,,0.9924933314323425,8388608,0.0001,11.71107665585147
jerrychsh-ucsd,dreamer4-tokenizer,qpuq9n6z,pusht-tokenizer,jerrychsh-ucsd/dreamer4-tokenizer/qpuq9n6z,killed,2026-05-02T02:20:46Z,,https://wandb.ai/jerrychsh-ucsd/dreamer4-tokenizer/runs/qpuq9n6z,65800,0.007391792722046375,0.0014389059506356716,0.029764434322714806,,,,,28.419677734375,0.5808050036430359,0.41973876953125,,,,,,,,,,,,,,,,0.991774320602417,8388608,0.0001,11.728893800444073
jerrychsh-ucsd,dreamer4-tokenizer,qpuq9n6z,pusht-tokenizer,jerrychsh-ucsd/dreamer4-tokenizer/qpuq9n6z,killed,2026-05-02T02:20:46Z,,https://wandb.ai/jerrychsh-ucsd/dreamer4-tokenizer/runs/qpuq9n6z,65900,0.010746623389422894,0.001865123282186687,0.044407498091459274,,,,,27.292926788330078,0.5491665601730347,0.450103759765625,,,,,,,,,,,,,,,,0.9876933097839355,8388608,0.0001,11.746715357502302
jerrychsh-ucsd,dreamer4-tokenizer,qpuq9n6z,pusht-tokenizer,jerrychsh-ucsd/dreamer4-tokenizer/qpuq9n6z,killed,2026-05-02T02:20:46Z,,https://wandb.ai/jerrychsh-ucsd/dreamer4-tokenizer/runs/qpuq9n6z,66000,0.008334554731845856,0.0016104095848277211,0.033620722591876984,,,,,27.93063735961914,0.5280396938323975,0.469970703125,,,,,,,,,,,,,,,,0.9909318685531616,8388608,0.0001,11.76453094197644
jerrychsh-ucsd,dreamer4-tokenizer,qpuq9n6z,pusht-tokenizer,jerrychsh-ucsd/dreamer4-tokenizer/qpuq9n6z,killed,2026-05-02T02:20:46Z,,https://wandb.ai/jerrychsh-ucsd/dreamer4-tokenizer/runs/qpuq9n6z,66100,0.007604523096233606,0.0018005837919190526,0.02901969663798809,,,,,27.44586753845215,0.5398687720298767,0.4609527587890625,,,,,,,,,,,,,,,,0.9916433095932007,8388608,0.0001,11.782444630993737
jerrychsh-ucsd,dreamer4-tokenizer,qpuq9n6z,pusht-tokenizer,jerrychsh-ucsd/dreamer4-tokenizer/qpuq9n6z,killed,2026-05-02T02:20:46Z,,https://wandb.ai/jerrychsh-ucsd/dreamer4-tokenizer/runs/qpuq9n6z,66200,0.006924472749233246,0.0015556165017187595,0.02684427984058857,,,,,28.080976486206055,0.6190680265426636,0.38134765625,,,,,,,,,,,,,,,,0.9907554388046265,8388608,0.0001,11.800261648495992
jerrychsh-ucsd,dreamer4-tokenizer,qpuq9n6z,pusht-tokenizer,jerrychsh-ucsd/dreamer4-tokenizer/qpuq9n6z,killed,2026-05-02T02:20:46Z,,https://wandb.ai/jerrychsh-ucsd/dreamer4-tokenizer/runs/qpuq9n6z,66300,0.005835863761603832,0.00140392838511616,0.022159676998853683,,,,,28.526552200317383,0.5524573922157288,0.4489593505859375,,,,,,,,,,,,,,,,0.9902544021606445,8388608,0.0001,11.818063706623184
jerrychsh-ucsd,dreamer4-tokenizer,qpuq9n6z,pusht-tokenizer,jerrychsh-ucsd/dreamer4-tokenizer/qpuq9n6z,killed,2026-05-02T02:20:46Z,,https://wandb.ai/jerrychsh-ucsd/dreamer4-tokenizer/runs/qpuq9n6z,66400,0.0077041578479111195,0.0017648418433964252,0.02969658002257347,,,,,27.532941818237305,0.5872397422790527,0.4123382568359375,,,,,,,,,,,,,,,,0.9914809465408325,8388608,0.0001,11.835883154537942
jerrychsh-ucsd,dreamer4-tokenizer,qpuq9n6z,pusht-tokenizer,jerrychsh-ucsd/dreamer4-tokenizer/qpuq9n6z,killed,2026-05-02T02:20:46Z,,https://wandb.ai/jerrychsh-ucsd/dreamer4-tokenizer/runs/qpuq9n6z,66500,0.008010469377040863,0.0015872011426836252,0.03211633861064911,,,,,27.993680953979492,0.5292723178863525,0.4730377197265625,,,,,,,,,,,,,,,,0.9904810190200806,16777216,0.0001,11.853703405923314
jerrychsh-ucsd,dreamer4-tokenizer,qpuq9n6z,pusht-tokenizer,jerrychsh-ucsd/dreamer4-tokenizer/qpuq9n6z,killed,2026-05-02T02:20:46Z,,https://wandb.ai/jerrychsh-ucsd/dreamer4-tokenizer/runs/qpuq9n6z,66600,0.007945213466882706,0.0019836383871734142,0.02980787679553032,,,,,27.025375366210938,0.5579097270965576,0.4406890869140625,,,,,,,,,,,,,,,,0.989630401134491,8388608,0.0001,11.871626383662225
jerrychsh-ucsd,dreamer4-tokenizer,qpuq9n6z,pusht-tokenizer,jerrychsh-ucsd/dreamer4-tokenizer/qpuq9n6z,killed,2026-05-02T02:20:46Z,,https://wandb.ai/jerrychsh-ucsd/dreamer4-tokenizer/runs/qpuq9n6z,66700,0.008902281522750854,0.0018016996327787638,0.03550290688872337,,,,,27.443178176879883,0.5580740571022034,0.444091796875,,,,,,,,,,,,,,,,0.9894747138023376,8388608,0.0001,11.889448319872221
jerrychsh-ucsd,dreamer4-tokenizer,qpuq9n6z,pusht-tokenizer,jerrychsh-ucsd/dreamer4-tokenizer/qpuq9n6z,killed,2026-05-02T02:20:46Z,,https://wandb.ai/jerrychsh-ucsd/dreamer4-tokenizer/runs/qpuq9n6z,66800,0.009381668642163277,0.0020368043333292007,0.03672432154417038,,,,,26.910507202148438,0.5800968408584595,0.4210662841796875,,,,,,,,,,,,,,,,0.9914634227752686,8388608,0.0001,11.907269232935375
jerrychsh-ucsd,dreamer4-tokenizer,qpuq9n6z,pusht-tokenizer,jerrychsh-ucsd/dreamer4-tokenizer/qpuq9n6z,killed,2026-05-02T02:20:46Z,,https://wandb.ai/jerrychsh-ucsd/dreamer4-tokenizer/runs/qpuq9n6z,66900,0.008871713653206825,0.0016788365319371223,0.03596438467502594,,,,,27.749916076660156,0.5422221422195435,0.45721435546875,,,,,,,,,,,,,,,,0.991717517375946,8388608,0.0001,11.925090454485682
jerrychsh-ucsd,dreamer4-tokenizer,qpuq9n6z,pusht-tokenizer,jerrychsh-ucsd/dreamer4-tokenizer/qpuq9n6z,killed,2026-05-02T02:20:46Z,,https://wandb.ai/jerrychsh-ucsd/dreamer4-tokenizer/runs/qpuq9n6z,67000,0.0065360595472157,0.0012232352746650577,0.02656412124633789,,,,,29.12489891052246,0.5664762258529663,0.4326171875,,,,,,,,,,,,,,,,0.9906694889068604,8388608,0.0001,11.9429250450929
jerrychsh-ucsd,dreamer4-tokenizer,qpuq9n6z,pusht-tokenizer,jerrychsh-ucsd/dreamer4-tokenizer/qpuq9n6z,killed,2026-05-02T02:20:46Z,,https://wandb.ai/jerrychsh-ucsd/dreamer4-tokenizer/runs/qpuq9n6z,67100,0.009585889056324959,0.0017116583185270429,0.03937115520238876,,,,,27.665828704833984,0.558895468711853,0.440948486328125,,,,,,,,,,,,,,,,0.9917668104171753,8388608,0.0001,11.960829511880874
jerrychsh-ucsd,dreamer4-tokenizer,qpuq9n6z,pusht-tokenizer,jerrychsh-ucsd/dreamer4-tokenizer/qpuq9n6z,killed,2026-05-02T02:20:46Z,,https://wandb.ai/jerrychsh-ucsd/dreamer4-tokenizer/runs/qpuq9n6z,67200,0.010211029089987278,0.002227305667474866,0.03991861641407013,,,,,26.522201538085938,0.5489597320556641,0.4534912109375,,,,,,,,,,,,,,,,0.9903263449668884,8388608,0.0001,11.978647111985419
jerrychsh-ucsd,dreamer4-tokenizer,qpuq9n6z,pusht-tokenizer,jerrychsh-ucsd/dreamer4-tokenizer/qpuq9n6z,killed,2026-05-02T02:20:46Z,,https://wandb.ai/jerrychsh-ucsd/dreamer4-tokenizer/runs/qpuq9n6z,67300,0.008366784080862999,0.001519776531495154,0.03423503786325455,,,,,28.18220329284668,0.49999508261680603,0.5030364990234375,,,,,,,,,,,,,,,,0.9923983812332153,8388608,0.0001,11.996465463174713
jerrychsh-ucsd,dreamer4-tokenizer,qpuq9n6z,pusht-tokenizer,jerrychsh-ucsd/dreamer4-tokenizer/qpuq9n6z,killed,2026-05-02T02:20:46Z,,https://wandb.ai/jerrychsh-ucsd/dreamer4-tokenizer/runs/qpuq9n6z,67400,0.007661162875592709,0.0016282930737361312,0.03016434796154499,,,,,27.882675170898438,0.564581036567688,0.4356231689453125,,,,,,,,,,,,,,,,0.988518476486206,8388608,0.0001,12.014291015929645
jerrychsh-ucsd,dreamer4-tokenizer,qpuq9n6z,pusht-tokenizer,jerrychsh-ucsd/dreamer4-tokenizer/qpuq9n6z,killed,2026-05-02T02:20:46Z,,https://wandb.ai/jerrychsh-ucsd/dreamer4-tokenizer/runs/qpuq9n6z,67500,0.007993747480213642,0.0016812284011393785,0.03156259283423424,,,,,27.743732452392578,0.549953043460846,0.4492034912109375,,,,,,,,,,,,,,,,0.992106556892395,8388608,0.0001,12.032107678188218
jerrychsh-ucsd,dreamer4-tokenizer,qpuq9n6z,pusht-tokenizer,jerrychsh-ucsd/dreamer4-tokenizer/qpuq9n6z,killed,2026-05-02T02:20:46Z,,https://wandb.ai/jerrychsh-ucsd/dreamer4-tokenizer/runs/qpuq9n6z,67600,0.009556896984577179,0.001580393174663186,0.03988251835107803,,,,,28.01235008239746,0.46648550033569336,0.532501220703125,,,,,,,,,,,,,,,,0.9890905022621155,8388608,0.0001,12.05000237080786
jerrychsh-ucsd,dreamer4-tokenizer,qpuq9n6z,pusht-tokenizer,jerrychsh-ucsd/dreamer4-tokenizer/qpuq9n6z,killed,2026-05-02T02:20:46Z,,https://wandb.ai/jerrychsh-ucsd/dreamer4-tokenizer/runs/qpuq9n6z,67700,0.009470107965171337,0.0018959000008180737,0.037871040403842926,,,,,27.221847534179688,0.5117967128753662,0.487762451171875,,,,,,,,,,,,,,,,0.9923461079597473,8388608,0.0001,12.06781492544545
jerrychsh-ucsd,dreamer4-tokenizer,qpuq9n6z,pusht-tokenizer,jerrychsh-ucsd/dreamer4-tokenizer/qpuq9n6z,killed,2026-05-02T02:20:46Z,,https://wandb.ai/jerrychsh-ucsd/dreamer4-tokenizer/runs/qpuq9n6z,67800,0.00816085934638977,0.0016831919783726335,0.03238833695650101,,,,,27.738664627075195,0.5192071199417114,0.483612060546875,,,,,,,,,,,,,,,,0.9898920655250549,8388608,0.0001,12.085636922849549
jerrychsh-ucsd,dreamer4-tokenizer,qpuq9n6z,pusht-tokenizer,jerrychsh-ucsd/dreamer4-tokenizer/qpuq9n6z,killed,2026-05-02T02:20:46Z,,https://wandb.ai/jerrychsh-ucsd/dreamer4-tokenizer/runs/qpuq9n6z,67900,0.008637962862849236,0.0018308431608602405,0.03403560072183609,,,,,27.37348747253418,0.5315182209014893,0.4710693359375,,,,,,,,,,,,,,,,0.9909486770629883,8388608,0.0001,12.103449730144607
jerrychsh-ucsd,dreamer4-tokenizer,qpuq9n6z,pusht-tokenizer,jerrychsh-ucsd/dreamer4-tokenizer/qpuq9n6z,killed,2026-05-02T02:20:46Z,,https://wandb.ai/jerrychsh-ucsd/dreamer4-tokenizer/runs/qpuq9n6z,68000,0.007079464383423328,0.0015430832281708717,0.027681905776262283,,,,,28.116107940673828,0.5801807641983032,0.419647216796875,,,,,,,,,,,,,,,,0.992056131362915,8388608,0.0001,12.121266688704491
jerrychsh-ucsd,dreamer4-tokenizer,qpuq9n6z,pusht-tokenizer,jerrychsh-ucsd/dreamer4-tokenizer/qpuq9n6z,killed,2026-05-02T02:20:46Z,,https://wandb.ai/jerrychsh-ucsd/dreamer4-tokenizer/runs/qpuq9n6z,68100,0.00919234100729227,0.0018220489146187901,0.03685145825147629,,,,,27.394399642944336,0.503066897392273,0.50006103515625,,,,,,,,,,,,,,,,0.9918142557144165,8388608,0.0001,12.13917545384831
jerrychsh-ucsd,dreamer4-tokenizer,qpuq9n6z,pusht-tokenizer,jerrychsh-ucsd/dreamer4-tokenizer/qpuq9n6z,killed,2026-05-02T02:20:46Z,,https://wandb.ai/jerrychsh-ucsd/dreamer4-tokenizer/runs/qpuq9n6z,68200,0.007781885098665953,0.0016880258917808533,0.030469294637441635,,,,,27.72620964050293,0.5730910301208496,0.4290008544921875,,,,,,,,,,,,,,,,0.9909536242485046,8388608,0.0001,12.156980191402965
jerrychsh-ucsd,dreamer4-tokenizer,qpuq9n6z,pusht-tokenizer,jerrychsh-ucsd/dreamer4-tokenizer/qpuq9n6z,killed,2026-05-02T02:20:46Z,,https://wandb.ai/jerrychsh-ucsd/dreamer4-tokenizer/runs/qpuq9n6z,68300,0.00854509323835373,0.001588189392350614,0.03478451818227768,,,,,27.990978240966797,0.5573061108589172,0.4466705322265625,,,,,,,,,,,,,,,,0.9871724843978882,8388608,0.0001,12.174787570304341
jerrychsh-ucsd,dreamer4-tokenizer,qpuq9n6z,pusht-tokenizer,jerrychsh-ucsd/dreamer4-tokenizer/qpuq9n6z,killed,2026-05-02T02:20:46Z,,https://wandb.ai/jerrychsh-ucsd/dreamer4-tokenizer/runs/qpuq9n6z,68400,0.0071061234921216965,0.0012604326475411654,0.02922845259308815,,,,,28.99480438232422,0.5991390943527222,0.39996337890625,,,,,,,,,,,,,,,,0.9916735291481018,8388608,0.0001,12.19260159386529
jerrychsh-ucsd,dreamer4-tokenizer,qpuq9n6z,pusht-tokenizer,jerrychsh-ucsd/dreamer4-tokenizer/qpuq9n6z,killed,2026-05-02T02:20:46Z,,https://wandb.ai/jerrychsh-ucsd/dreamer4-tokenizer/runs/qpuq9n6z,68500,0.009248807094991207,0.001671305624768138,0.03788750618696213,,,,,27.769441604614258,0.4965088963508606,0.506683349609375,,,,,,,,,,,,,,,,0.9910953044891357,4194304,0.0001,12.21041780465179
jerrychsh-ucsd,dreamer4-tokenizer,qpuq9n6z,pusht-tokenizer,jerrychsh-ucsd/dreamer4-tokenizer/qpuq9n6z,killed,2026-05-02T02:20:46Z,,https://wandb.ai/jerrychsh-ucsd/dreamer4-tokenizer/runs/qpuq9n6z,68600,0.007947866804897785,0.001534883165732026,0.03206491842865944,,,,,28.13924789428711,0.5510799884796143,0.4489593505859375,,,,,,,,,,,,,,,,0.9906752705574036,4194304,0.0001,12.228317821290759
jerrychsh-ucsd,dreamer4-tokenizer,qpuq9n6z,pusht-tokenizer,jerrychsh-ucsd/dreamer4-tokenizer/qpuq9n6z,killed,2026-05-02T02:20:46Z,,https://wandb.ai/jerrychsh-ucsd/dreamer4-tokenizer/runs/qpuq9n6z,68700,0.007863938808441162,0.0018228281987830997,0.03020555153489113,,,,,27.392541885375977,0.5589087009429932,0.439971923828125,,,,,,,,,,,,,,,,0.9918108582496643,4194304,0.0001,12.246127037670878
jerrychsh-ucsd,dreamer4-tokenizer,qpuq9n6z,pusht-tokenizer,jerrychsh-ucsd/dreamer4-tokenizer/qpuq9n6z,killed,2026-05-02T02:20:46Z,,https://wandb.ai/jerrychsh-ucsd/dreamer4-tokenizer/runs/qpuq9n6z,68800,0.010414081625640392,0.0017620595172047615,0.043260108679533005,,,,,27.539794921875,0.5446923971176147,0.457244873046875,,,,,,,,,,,,,,,,0.9915218353271484,4194304,0.0001,12.263934009273846
jerrychsh-ucsd,dreamer4-tokenizer,qpuq9n6z,pusht-tokenizer,jerrychsh-ucsd/dreamer4-tokenizer/qpuq9n6z,killed,2026-05-02T02:20:46Z,,https://wandb.ai/jerrychsh-ucsd/dreamer4-tokenizer/runs/qpuq9n6z,68900,0.007973210886120796,0.0016700038686394691,0.03151603788137436,,,,,27.7728271484375,0.5505558848381042,0.4454193115234375,,,,,,,,,,,,,,,,0.9908367991447449,4194304,0.0001,12.281750730938382
jerrychsh-ucsd,dreamer4-tokenizer,qpuq9n6z,pusht-tokenizer,jerrychsh-ucsd/dreamer4-tokenizer/qpuq9n6z,killed,2026-05-02T02:20:46Z,,https://wandb.ai/jerrychsh-ucsd/dreamer4-tokenizer/runs/qpuq9n6z,69000,0.009840943850576878,0.0018521544989198446,0.03994394466280937,,,,,27.32322883605957,0.5502507090568542,0.4491424560546875,,,,,,,,,,,,,,,,0.9917293190956116,4194304,0.0001,12.299568645556768
jerrychsh-ucsd,dreamer4-tokenizer,qpuq9n6z,pusht-tokenizer,jerrychsh-ucsd/dreamer4-tokenizer/qpuq9n6z,killed,2026-05-02T02:20:46Z,,https://wandb.ai/jerrychsh-ucsd/dreamer4-tokenizer/runs/qpuq9n6z,69100,0.007698384113609791,0.0016702378634363413,0.03014073148369789,,,,,27.772216796875,0.5197221040725708,0.4788665771484375,,,,,,,,,,,,,,,,0.991912305355072,4194304,0.0001,12.317471345331933
jerrychsh-ucsd,dreamer4-tokenizer,qpuq9n6z,pusht-tokenizer,jerrychsh-ucsd/dreamer4-tokenizer/qpuq9n6z,killed,2026-05-02T02:20:46Z,,https://wandb.ai/jerrychsh-ucsd/dreamer4-tokenizer/runs/qpuq9n6z,69200,0.007437727879732847,0.001507885754108429,0.02964920923113823,,,,,28.21631622314453,0.47893989086151123,0.5189208984375,,,,,,,,,,,,,,,,0.9918449521064758,4194304,0.0001,12.335283850828807
jerrychsh-ucsd,dreamer4-tokenizer,qpuq9n6z,pusht-tokenizer,jerrychsh-ucsd/dreamer4-tokenizer/qpuq9n6z,killed,2026-05-02T02:20:46Z,,https://wandb.ai/jerrychsh-ucsd/dreamer4-tokenizer/runs/qpuq9n6z,69300,0.007285243831574917,0.001440746826119721,0.029222484678030014,,,,,28.41412353515625,0.5637385249137878,0.435699462890625,,,,,,,,,,,,,,,,0.9911335706710815,4194304,0.0001,12.35309529470073
jerrychsh-ucsd,dreamer4-tokenizer,qpuq9n6z,pusht-tokenizer,jerrychsh-ucsd/dreamer4-tokenizer/qpuq9n6z,killed,2026-05-02T02:20:46Z,,https://wandb.ai/jerrychsh-ucsd/dreamer4-tokenizer/runs/qpuq9n6z,69400,0.00809341762214899,0.0015042474260553718,0.03294584900140762,,,,,28.226806640625,0.47432881593704224,0.5244903564453125,,,,,,,,,,,,,,,,0.9908921122550964,4194304,0.0001,12.370916786524985
jerrychsh-ucsd,dreamer4-tokenizer,qpuq9n6z,pusht-tokenizer,jerrychsh-ucsd/dreamer4-tokenizer/qpuq9n6z,killed,2026-05-02T02:20:46Z,,https://wandb.ai/jerrychsh-ucsd/dreamer4-tokenizer/runs/qpuq9n6z,69500,0.010793253779411316,0.0023087533190846443,0.04242250323295593,,,,,26.366226196289062,0.5157983899116516,0.4836273193359375,,,,,,,,,,,,,,,,0.9921563863754272,4194304,0.0001,12.38872203886509
jerrychsh-ucsd,dreamer4-tokenizer,qpuq9n6z,pusht-tokenizer,jerrychsh-ucsd/dreamer4-tokenizer/qpuq9n6z,killed,2026-05-02T02:20:46Z,,https://wandb.ai/jerrychsh-ucsd/dreamer4-tokenizer/runs/qpuq9n6z,69600,0.0070900158025324345,0.0014651300152763724,0.028124427422881126,,,,,28.341238021850586,0.5441325902938843,0.454986572265625,,,,,,,,,,,,,,,,0.9902379512786865,4194304,0.0001,12.406631719734934
jerrychsh-ucsd,dreamer4-tokenizer,qpuq9n6z,pusht-tokenizer,jerrychsh-ucsd/dreamer4-tokenizer/qpuq9n6z,killed,2026-05-02T02:20:46Z,,https://wandb.ai/jerrychsh-ucsd/dreamer4-tokenizer/runs/qpuq9n6z,69700,0.008374319411814213,0.0016589710721746087,0.03357674181461334,,,,,27.801612854003906,0.5921459794044495,0.4097442626953125,,,,,,,,,,,,,,,,0.9903830885887146,4194304,0.0001,12.424441138505935
jerrychsh-ucsd,dreamer4-tokenizer,qpuq9n6z,pusht-tokenizer,jerrychsh-ucsd/dreamer4-tokenizer/qpuq9n6z,killed,2026-05-02T02:20:46Z,,https://wandb.ai/jerrychsh-ucsd/dreamer4-tokenizer/runs/qpuq9n6z,69800,0.007422140799462795,0.0015848013572394848,0.02918669581413269,,,,,28.00025177001953,0.5400852560997009,0.460113525390625,,,,,,,,,,,,,,,,0.9923561215400696,4194304,0.0001,12.442257613142331
jerrychsh-ucsd,dreamer4-tokenizer,qpuq9n6z,pusht-tokenizer,jerrychsh-ucsd/dreamer4-tokenizer/qpuq9n6z,killed,2026-05-02T02:20:46Z,,https://wandb.ai/jerrychsh-ucsd/dreamer4-tokenizer/runs/qpuq9n6z,69900,0.00796012207865715,0.0015824530273675919,0.03188834711909294,,,,,28.006690979003906,0.5545281767845154,0.440887451171875,,,,,,,,,,,,,,,,0.9909238815307617,4194304,0.0001,12.460068776607514
jerrychsh-ucsd,dreamer4-tokenizer,qpuq9n6z,pusht-tokenizer,jerrychsh-ucsd/dreamer4-tokenizer/qpuq9n6z,killed,2026-05-02T02:20:46Z,,https://wandb.ai/jerrychsh-ucsd/dreamer4-tokenizer/runs/qpuq9n6z,70000,0.01096552424132824,0.0017347914399579167,0.04615366458892822,,,,,27.607528686523438,0.5253146886825562,0.476287841796875,,,,,,,,,,,,,,,,0.9905595183372498,4194304,0.0001,12.4778834571441
jerrychsh-ucsd,dreamer4-tokenizer,qpuq9n6z,pusht-tokenizer,jerrychsh-ucsd/dreamer4-tokenizer/qpuq9n6z,killed,2026-05-02T02:20:46Z,,https://wandb.ai/jerrychsh-ucsd/dreamer4-tokenizer/runs/qpuq9n6z,70100,0.007979084737598896,0.0022349751088768244,0.028720548376441002,,,,,26.507272720336914,0.6303046941757202,0.368438720703125,,,,,,,,,,,,,,,,0.9921922087669373,4194304,0.0001,12.495880714191332
jerrychsh-ucsd,dreamer4-tokenizer,qpuq9n6z,pusht-tokenizer,jerrychsh-ucsd/dreamer4-tokenizer/qpuq9n6z,killed,2026-05-02T02:20:46Z,,https://wandb.ai/jerrychsh-ucsd/dreamer4-tokenizer/runs/qpuq9n6z,70200,0.009918871335685253,0.0017899383092299104,0.04064466059207916,,,,,27.47161865234375,0.565850019454956,0.433868408203125,,,,,,,,,,,,,,,,0.9918683171272278,4194304,0.0001,12.513690318663915
jerrychsh-ucsd,dreamer4-tokenizer,qpuq9n6z,pusht-tokenizer,jerrychsh-ucsd/dreamer4-tokenizer/qpuq9n6z,killed,2026-05-02T02:20:46Z,,https://wandb.ai/jerrychsh-ucsd/dreamer4-tokenizer/runs/qpuq9n6z,70300,0.009115890599787235,0.001698107342235744,0.03708891570568085,,,,,27.700349807739258,0.583105742931366,0.4172821044921875,,,,,,,,,,,,,,,,0.9911156892776489,4194304,0.0001,12.53149806075626
jerrychsh-ucsd,dreamer4-tokenizer,qpuq9n6z,pusht-tokenizer,jerrychsh-ucsd/dreamer4-tokenizer/qpuq9n6z,killed,2026-05-02T02:20:46Z,,https://wandb.ai/jerrychsh-ucsd/dreamer4-tokenizer/runs/qpuq9n6z,70400,0.008285492658615112,0.0018446329049766064,0.03220430016517639,,,,,27.340900421142578,0.5485321283340454,0.451202392578125,,,,,,,,,,,,,,,,0.9911201596260071,4194304,0.0001,12.549362809658051
jerrychsh-ucsd,dreamer4-tokenizer,qpuq9n6z,pusht-tokenizer,jerrychsh-ucsd/dreamer4-tokenizer/qpuq9n6z,killed,2026-05-02T02:20:46Z,,https://wandb.ai/jerrychsh-ucsd/dreamer4-tokenizer/runs/qpuq9n6z,70500,0.008002047426998615,0.0017262747278437018,0.031378865242004395,,,,,27.628902435302734,0.5403652191162109,0.460174560546875,,,,,,,,,,,,,,,,0.9912904500961304,8388608,0.0001,12.567181915773286
jerrychsh-ucsd,dreamer4-tokenizer,qpuq9n6z,pusht-tokenizer,jerrychsh-ucsd/dreamer4-tokenizer/qpuq9n6z,killed,2026-05-02T02:20:46Z,,https://wandb.ai/jerrychsh-ucsd/dreamer4-tokenizer/runs/qpuq9n6z,70600,0.00809455756098032,0.0018372645135968924,0.031286463141441345,,,,,27.35828399658203,0.5639077425003052,0.43511962890625,,,,,,,,,,,,,,,,0.990053117275238,8388608,0.0001,12.58509094576041
jerrychsh-ucsd,dreamer4-tokenizer,qpuq9n6z,pusht-tokenizer,jerrychsh-ucsd/dreamer4-tokenizer/qpuq9n6z,killed,2026-05-02T02:20:46Z,,https://wandb.ai/jerrychsh-ucsd/dreamer4-tokenizer/runs/qpuq9n6z,70700,0.006447179242968559,0.001434377976693213,0.025064006447792053,,,,,28.43336296081543,0.588556170463562,0.4130706787109375,,,,,,,,,,,,,,,,0.9911404848098755,8388608,0.0001,12.602911043167115
jerrychsh-ucsd,dreamer4-tokenizer,qpuq9n6z,pusht-tokenizer,jerrychsh-ucsd/dreamer4-tokenizer/qpuq9n6z,killed,2026-05-02T02:20:46Z,,https://wandb.ai/jerrychsh-ucsd/dreamer4-tokenizer/runs/qpuq9n6z,70800,0.008708562701940536,0.0018776324577629566,0.034154653549194336,,,,,27.263896942138672,0.5643525123596191,0.43597412109375,,,,,,,,,,,,,,,,0.992585301399231,8388608,0.0001,12.620729151765506
jerrychsh-ucsd,dreamer4-tokenizer,qpuq9n6z,pusht-tokenizer,jerrychsh-ucsd/dreamer4-tokenizer/qpuq9n6z,killed,2026-05-02T02:20:46Z,,https://wandb.ai/jerrychsh-ucsd/dreamer4-tokenizer/runs/qpuq9n6z,70900,0.00973584596067667,0.0021026788745075464,0.03816583380103111,,,,,26.77227020263672,0.5343707799911499,0.4676055908203125,,,,,,,,,,,,,,,,0.9926126003265381,8388608,0.0001,12.638547106981278
jerrychsh-ucsd,dreamer4-tokenizer,qpuq9n6z,pusht-tokenizer,jerrychsh-ucsd/dreamer4-tokenizer/qpuq9n6z,killed,2026-05-02T02:20:46Z,,https://wandb.ai/jerrychsh-ucsd/dreamer4-tokenizer/runs/qpuq9n6z,71000,0.008196019567549229,0.0015400844858959317,0.033279672265052795,,,,,28.124553680419922,0.5396571159362793,0.4589996337890625,,,,,,,,,,,,,,,,0.9919490814208984,8388608,0.0001,12.656357353925705
jerrychsh-ucsd,dreamer4-tokenizer,qpuq9n6z,pusht-tokenizer,jerrychsh-ucsd/dreamer4-tokenizer/qpuq9n6z,killed,2026-05-02T02:20:46Z,,https://wandb.ai/jerrychsh-ucsd/dreamer4-tokenizer/runs/qpuq9n6z,71100,0.008595351129770279,0.0015857479302212596,0.03504801541566849,,,,,27.997657775878906,0.5554109811782837,0.4479217529296875,,,,,,,,,,,,,,,,0.9901537299156189,8388608,0.0001,12.67428278254138
jerrychsh-ucsd,dreamer4-tokenizer,qpuq9n6z,pusht-tokenizer,jerrychsh-ucsd/dreamer4-tokenizer/qpuq9n6z,killed,2026-05-02T02:20:46Z,,https://wandb.ai/jerrychsh-ucsd/dreamer4-tokenizer/runs/qpuq9n6z,71200,0.010280229151248932,0.0019307383336126804,0.041747454553842545,,,,,27.142765045166016,0.5589890480041504,0.442169189453125,,,,,,,,,,,,,,,,0.9919893741607666,8388608,0.0001,12.692107224795553
jerrychsh-ucsd,dreamer4-tokenizer,qpuq9n6z,pusht-tokenizer,jerrychsh-ucsd/dreamer4-tokenizer/qpuq9n6z,killed,2026-05-02T02:20:46Z,,https://wandb.ai/jerrychsh-ucsd/dreamer4-tokenizer/runs/qpuq9n6z,71300,0.008024688810110092,0.0014697379665449262,0.032774753868579865,,,,,28.327600479125977,0.49914687871932983,0.49951171875,,,,,,,,,,,,,,,,0.991645872592926,8388608,0.0001,12.709929510884814
jerrychsh-ucsd,dreamer4-tokenizer,qpuq9n6z,pusht-tokenizer,jerrychsh-ucsd/dreamer4-tokenizer/qpuq9n6z,killed,2026-05-02T02:20:46Z,,https://wandb.ai/jerrychsh-ucsd/dreamer4-tokenizer/runs/qpuq9n6z,71400,0.01037856750190258,0.0020349728874862194,0.041717976331710815,,,,,26.91441535949707,0.5380429625511169,0.4640045166015625,,,,,,,,,,,,,,,,0.9914064407348633,4194304,0.0001,12.727741786638896
jerrychsh-ucsd,dreamer4-tokenizer,qpuq9n6z,pusht-tokenizer,jerrychsh-ucsd/dreamer4-tokenizer/qpuq9n6z,killed,2026-05-02T02:20:46Z,,https://wandb.ai/jerrychsh-ucsd/dreamer4-tokenizer/runs/qpuq9n6z,71500,0.008000804111361504,0.001516821444965899,0.03241991251707077,,,,,28.190654754638672,0.5533478260040283,0.4451751708984375,,,,,,,,,,,,,,,,0.9918385148048401,4194304,0.0001,12.74554923819171
jerrychsh-ucsd,dreamer4-tokenizer,qpuq9n6z,pusht-tokenizer,jerrychsh-ucsd/dreamer4-tokenizer/qpuq9n6z,killed,2026-05-02T02:20:46Z,,https://wandb.ai/jerrychsh-ucsd/dreamer4-tokenizer/runs/qpuq9n6z,71600,0.007473944686353207,0.0013381645549088717,0.030678898096084595,,,,,28.734905242919922,0.5689108967781067,0.4295196533203125,,,,,,,,,,,,,,,,0.9917476773262024,4194304,0.0001,12.76344437122345
jerrychsh-ucsd,dreamer4-tokenizer,qpuq9n6z,pusht-tokenizer,jerrychsh-ucsd/dreamer4-tokenizer/qpuq9n6z,killed,2026-05-02T02:20:46Z,,https://wandb.ai/jerrychsh-ucsd/dreamer4-tokenizer/runs/qpuq9n6z,71700,0.007609518710523844,0.0017645052867010236,0.029225066304206848,,,,,27.533769607543945,0.5749991536140442,0.42633056640625,,,,,,,,,,,,,,,,0.9925678968429565,4194304,0.0001,12.781248626510303
jerrychsh-ucsd,dreamer4-tokenizer,qpuq9n6z,pusht-tokenizer,jerrychsh-ucsd/dreamer4-tokenizer/qpuq9n6z,killed,2026-05-02T02:20:46Z,,https://wandb.ai/jerrychsh-ucsd/dreamer4-tokenizer/runs/qpuq9n6z,71800,0.011237576603889465,0.0017065453575924039,0.04765515774488449,,,,,27.678823471069336,0.537274956703186,0.4613037109375,,,,,,,,,,,,,,,,0.9918294548988342,4194304,0.0001,12.799051726063093
jerrychsh-ucsd,dreamer4-tokenizer,qpuq9n6z,pusht-tokenizer,jerrychsh-ucsd/dreamer4-tokenizer/qpuq9n6z,killed,2026-05-02T02:20:46Z,,https://wandb.ai/jerrychsh-ucsd/dreamer4-tokenizer/runs/qpuq9n6z,71900,0.009583251550793648,0.0020457401406019926,0.03768755495548248,,,,,26.891496658325195,0.5229518413543701,0.4778900146484375,,,,,,,,,,,,,,,,0.992972731590271,4194304,0.0001,12.816860854625702
jerrychsh-ucsd,dreamer4-tokenizer,qpuq9n6z,pusht-tokenizer,jerrychsh-ucsd/dreamer4-tokenizer/qpuq9n6z,killed,2026-05-02T02:20:46Z,,https://wandb.ai/jerrychsh-ucsd/dreamer4-tokenizer/runs/qpuq9n6z,72000,0.009478604421019554,0.0015896857948973775,0.03944459185004234,,,,,27.986888885498047,0.5227183103561401,0.4767913818359375,,,,,,,,,,,,,,,,0.9912831783294678,4194304,0.0001,12.834675484498343
jerrychsh-ucsd,dreamer4-tokenizer,qpuq9n6z,pusht-tokenizer,jerrychsh-ucsd/dreamer4-tokenizer/qpuq9n6z,killed,2026-05-02T02:20:46Z,,https://wandb.ai/jerrychsh-ucsd/dreamer4-tokenizer/runs/qpuq9n6z,72100,0.008258146233856678,0.001520294463261962,0.033689260482788086,,,,,28.180723190307617,0.523776650428772,0.4763641357421875,,,,,,,,,,,,,,,,0.9917305707931519,4194304,0.0001,12.852584132022328
jerrychsh-ucsd,dreamer4-tokenizer,qpuq9n6z,pusht-tokenizer,jerrychsh-ucsd/dreamer4-tokenizer/qpuq9n6z,killed,2026-05-02T02:20:46Z,,https://wandb.ai/jerrychsh-ucsd/dreamer4-tokenizer/runs/qpuq9n6z,72200,0.008714886382222176,0.0015118481824174523,0.036015190184116364,,,,,28.204917907714844,0.5070208311080933,0.4927978515625,,,,,,,,,,,,,,,,0.9907116293907166,4194304,0.0001,12.870410005781386
jerrychsh-ucsd,dreamer4-tokenizer,qpuq9n6z,pusht-tokenizer,jerrychsh-ucsd/dreamer4-tokenizer/qpuq9n6z,killed,2026-05-02T02:20:46Z,,https://wandb.ai/jerrychsh-ucsd/dreamer4-tokenizer/runs/qpuq9n6z,72300,0.007300416007637978,0.0014604575699195266,0.029199792072176933,,,,,28.355112075805664,0.5693944692611694,0.4306640625,,,,,,,,,,,,,,,,0.9881235361099243,4194304,0.0001,12.888219328125318
jerrychsh-ucsd,dreamer4-tokenizer,qpuq9n6z,pusht-tokenizer,jerrychsh-ucsd/dreamer4-tokenizer/qpuq9n6z,killed,2026-05-02T02:20:46Z,,https://wandb.ai/jerrychsh-ucsd/dreamer4-tokenizer/runs/qpuq9n6z,72400,0.0061309607699513435,0.0014289579121395946,0.02351001277565956,,,,,28.449806213378906,0.600835919380188,0.3993682861328125,,,,,,,,,,,,,,,,0.9913971424102783,4194304,0.0001,12.906028064423138
jerrychsh-ucsd,dreamer4-tokenizer,qpuq9n6z,pusht-tokenizer,jerrychsh-ucsd/dreamer4-tokenizer/qpuq9n6z,killed,2026-05-02T02:20:46Z,,https://wandb.ai/jerrychsh-ucsd/dreamer4-tokenizer/runs/qpuq9n6z,72500,0.006669668946415186,0.0015090458327904344,0.025803115218877792,,,,,28.212976455688477,0.6551855802536011,0.3457489013671875,,,,,,,,,,,,,,,,0.9908902049064636,4194304,0.0001,12.92385238773293
jerrychsh-ucsd,dreamer4-tokenizer,qpuq9n6z,pusht-tokenizer,jerrychsh-ucsd/dreamer4-tokenizer/qpuq9n6z,killed,2026-05-02T02:20:46Z,,https://wandb.ai/jerrychsh-ucsd/dreamer4-tokenizer/runs/qpuq9n6z,72600,0.012080712243914604,0.0022890130057930946,0.04895849525928497,,,,,26.403518676757812,0.5150663256645203,0.482208251953125,,,,,,,,,,,,,,,,0.9906641244888306,4194304,0.0001,12.941760670410263
jerrychsh-ucsd,dreamer4-tokenizer,qpuq9n6z,pusht-tokenizer,jerrychsh-ucsd/dreamer4-tokenizer/qpuq9n6z,killed,2026-05-02T02:20:46Z,,https://wandb.ai/jerrychsh-ucsd/dreamer4-tokenizer/runs/qpuq9n6z,72700,0.006790620274841785,0.0014003381365910172,0.026951411738991737,,,,,28.53767204284668,0.5757391452789307,0.424224853515625,,,,,,,,,,,,,,,,0.9921876192092896,4194304,0.0001,12.95958277715577
jerrychsh-ucsd,dreamer4-tokenizer,qpuq9n6z,pusht-tokenizer,jerrychsh-ucsd/dreamer4-tokenizer/qpuq9n6z,killed,2026-05-02T02:20:46Z,,https://wandb.ai/jerrychsh-ucsd/dreamer4-tokenizer/runs/qpuq9n6z,72800,0.009999455884099007,0.0018312731990590692,0.040840908885002136,,,,,27.37247085571289,0.6033599376678467,0.3964080810546875,,,,,,,,,,,,,,,,0.9901421070098877,4194304,0.0001,12.977398632102542
jerrychsh-ucsd,dreamer4-tokenizer,qpuq9n6z,pusht-tokenizer,jerrychsh-ucsd/dreamer4-tokenizer/qpuq9n6z,killed,2026-05-02T02:20:46Z,,https://wandb.ai/jerrychsh-ucsd/dreamer4-tokenizer/runs/qpuq9n6z,72900,0.00899437628686428,0.0019499158952385187,0.03522229939699173,,,,,27.099842071533203,0.5495843291282654,0.4506683349609375,,,,,,,,,,,,,,,,0.9913778305053711,4194304,0.0001,12.995210146572855
jerrychsh-ucsd,dreamer4-tokenizer,qpuq9n6z,pusht-tokenizer,jerrychsh-ucsd/dreamer4-tokenizer/qpuq9n6z,killed,2026-05-02T02:20:46Z,,https://wandb.ai/jerrychsh-ucsd/dreamer4-tokenizer/runs/qpuq9n6z,73000,0.008883373811841011,0.0014210811350494623,0.03731146454811096,,,,,28.473812103271484,0.5933030247688293,0.4087982177734375,,,,,,,,,,,,,,,,0.9902642965316772,4194304,0.0001,13.013020778695742
jerrychsh-ucsd,dreamer4-tokenizer,qpuq9n6z,pusht-tokenizer,jerrychsh-ucsd/dreamer4-tokenizer/qpuq9n6z,killed,2026-05-02T02:20:46Z,,https://wandb.ai/jerrychsh-ucsd/dreamer4-tokenizer/runs/qpuq9n6z,73100,0.008408607915043831,0.00184423488099128,0.032821863889694214,,,,,27.341840744018555,0.5507602691650391,0.4477081298828125,,,,,,,,,,,,,,,,0.9919998645782471,4194304,0.0001,13.030915505091349
jerrychsh-ucsd,dreamer4-tokenizer,qpuq9n6z,pusht-tokenizer,jerrychsh-ucsd/dreamer4-tokenizer/qpuq9n6z,killed,2026-05-02T02:20:46Z,,https://wandb.ai/jerrychsh-ucsd/dreamer4-tokenizer/runs/qpuq9n6z,73200,0.007623403333127499,0.0013861532788723707,0.03118625096976757,,,,,28.58188819885254,0.5472297668457031,0.452972412109375,,,,,,,,,,,,,,,,0.9914186000823975,4194304,0.0001,13.048728473583857
jerrychsh-ucsd,dreamer4-tokenizer,qpuq9n6z,pusht-tokenizer,jerrychsh-ucsd/dreamer4-tokenizer/qpuq9n6z,killed,2026-05-02T02:20:46Z,,https://wandb.ai/jerrychsh-ucsd/dreamer4-tokenizer/runs/qpuq9n6z,73300,0.01143362745642662,0.0024937805719673634,0.044699229300022125,,,,,26.03141975402832,0.48250460624694824,0.520965576171875,,,,,,,,,,,,,,,,0.9925265312194824,4194304,0.0001,13.066542196273804
jerrychsh-ucsd,dreamer4-tokenizer,qpuq9n6z,pusht-tokenizer,jerrychsh-ucsd/dreamer4-tokenizer/qpuq9n6z,killed,2026-05-02T02:20:46Z,,https://wandb.ai/jerrychsh-ucsd/dreamer4-tokenizer/runs/qpuq9n6z,73400,0.009852071292698383,0.0014189915964379907,0.04216539487242699,,,,,28.48020362854004,0.5504682064056396,0.4491119384765625,,,,,,,,,,,,,,,,0.9920191764831543,8388608,0.0001,13.08437272409598
jerrychsh-ucsd,dreamer4-tokenizer,qpuq9n6z,pusht-tokenizer,jerrychsh-ucsd/dreamer4-tokenizer/qpuq9n6z,killed,2026-05-02T02:20:46Z,,https://wandb.ai/jerrychsh-ucsd/dreamer4-tokenizer/runs/qpuq9n6z,73500,0.011352693662047386,0.0018380372785031796,0.047573283314704895,,,,,27.356456756591797,0.5599795579910278,0.4383697509765625,,,,,,,,,,,,,,,,0.991064190864563,8388608,0.0001,13.10219343258275
jerrychsh-ucsd,dreamer4-tokenizer,qpuq9n6z,pusht-tokenizer,jerrychsh-ucsd/dreamer4-tokenizer/qpuq9n6z,killed,2026-05-02T02:20:46Z,,https://wandb.ai/jerrychsh-ucsd/dreamer4-tokenizer/runs/qpuq9n6z,73600,0.006815382745116949,0.001521380734629929,0.026470011100172997,,,,,28.177623748779297,0.5424708127975464,0.4566497802734375,,,,,,,,,,,,,,,,0.9908509850502014,8388608,0.0001,13.120100115935008
jerrychsh-ucsd,dreamer4-tokenizer,qpuq9n6z,pusht-tokenizer,jerrychsh-ucsd/dreamer4-tokenizer/qpuq9n6z,killed,2026-05-02T02:20:46Z,,https://wandb.ai/jerrychsh-ucsd/dreamer4-tokenizer/runs/qpuq9n6z,73700,0.00832061655819416,0.0015246133552864194,0.03398001566529274,,,,,28.16840362548828,0.5538051128387451,0.4458160400390625,,,,,,,,,,,,,,,,0.9916020631790161,8388608,0.0001,13.13791587193807
jerrychsh-ucsd,dreamer4-tokenizer,qpuq9n6z,pusht-tokenizer,jerrychsh-ucsd/dreamer4-tokenizer/qpuq9n6z,killed,2026-05-02T02:20:46Z,,https://wandb.ai/jerrychsh-ucsd/dreamer4-tokenizer/runs/qpuq9n6z,73800,0.009127281606197357,0.0017472599865868688,0.0369001068174839,,,,,27.576425552368164,0.5606253147125244,0.43731689453125,,,,,,,,,,,,,,,,0.99195796251297,8388608,0.0001,13.15573739906152
jerrychsh-ucsd,dreamer4-tokenizer,qpuq9n6z,pusht-tokenizer,jerrychsh-ucsd/dreamer4-tokenizer/qpuq9n6z,killed,2026-05-02T02:20:46Z,,https://wandb.ai/jerrychsh-ucsd/dreamer4-tokenizer/runs/qpuq9n6z,73900,0.007272912189364433,0.001662272377870977,0.028053198009729385,,,,,27.792978286743164,0.5840731859207153,0.4175567626953125,,,,,,,,,,,,,,,,0.9911497235298157,8388608,0.0001,13.173542544907994
jerrychsh-ucsd,dreamer4-tokenizer,qpuq9n6z,pusht-tokenizer,jerrychsh-ucsd/dreamer4-tokenizer/qpuq9n6z,killed,2026-05-02T02:20:46Z,,https://wandb.ai/jerrychsh-ucsd/dreamer4-tokenizer/runs/qpuq9n6z,74000,0.007651934400200844,0.0017821297515183687,0.02934902347624302,,,,,27.4906063079834,0.5452951788902283,0.455963134765625,,,,,,,,,,,,,,,,0.9921767115592957,8388608,0.0001,13.191358602378104
jerrychsh-ucsd,dreamer4-tokenizer,qpuq9n6z,pusht-tokenizer,jerrychsh-ucsd/dreamer4-tokenizer/qpuq9n6z,killed,2026-05-02T02:20:46Z,,https://wandb.ai/jerrychsh-ucsd/dreamer4-tokenizer/runs/qpuq9n6z,74100,0.008727108128368855,0.0015265661058947444,0.036002710461616516,,,,,28.162843704223633,0.523220419883728,0.4788665771484375,,,,,,,,,,,,,,,,0.991320788860321,8388608,0.0001,13.20926927904288
jerrychsh-ucsd,dreamer4-tokenizer,qpuq9n6z,pusht-tokenizer,jerrychsh-ucsd/dreamer4-tokenizer/qpuq9n6z,killed,2026-05-02T02:20:46Z,,https://wandb.ai/jerrychsh-ucsd/dreamer4-tokenizer/runs/qpuq9n6z,74200,0.009359514340758324,0.0015945029444992542,0.038825057446956635,,,,,27.97374725341797,0.4797431230545044,0.5196685791015625,,,,,,,,,,,,,,,,0.9907504320144653,8388608,0.0001,13.227087159951529
jerrychsh-ucsd,dreamer4-tokenizer,qpuq9n6z,pusht-tokenizer,jerrychsh-ucsd/dreamer4-tokenizer/qpuq9n6z,killed,2026-05-02T02:20:46Z,,https://wandb.ai/jerrychsh-ucsd/dreamer4-tokenizer/runs/qpuq9n6z,74300,0.007275007665157318,0.0013688767794519663,0.02953065186738968,,,,,28.6363582611084,0.5470727682113647,0.4548797607421875,,,,,,,,,,,,,,,,0.9903078675270081,8388608,0.0001,13.244903067416615
jerrychsh-ucsd,dreamer4-tokenizer,qpuq9n6z,pusht-tokenizer,jerrychsh-ucsd/dreamer4-tokenizer/qpuq9n6z,killed,2026-05-02T02:20:46Z,,https://wandb.ai/jerrychsh-ucsd/dreamer4-tokenizer/runs/qpuq9n6z,74400,0.009201356209814548,0.0018562719924375415,0.036725420504808426,,,,,27.31358528137207,0.4996635913848877,0.5004425048828125,,,,,,,,,,,,,,,,0.9933009147644043,8388608,0.0001,13.26271563563082
jerrychsh-ucsd,dreamer4-tokenizer,qpuq9n6z,pusht-tokenizer,jerrychsh-ucsd/dreamer4-tokenizer/qpuq9n6z,killed,2026-05-02T02:20:46Z,,https://wandb.ai/jerrychsh-ucsd/dreamer4-tokenizer/runs/qpuq9n6z,74500,0.00852258037775755,0.0015152114210650325,0.0350368469953537,,,,,28.195268630981445,0.5274285078048706,0.4723358154296875,,,,,,,,,,,,,,,,0.9905129075050354,8388608,0.0001,13.28052840941482
jerrychsh-ucsd,dreamer4-tokenizer,qpuq9n6z,pusht-tokenizer,jerrychsh-ucsd/dreamer4-tokenizer/qpuq9n6z,killed,2026-05-02T02:20:46Z,,https://wandb.ai/jerrychsh-ucsd/dreamer4-tokenizer/runs/qpuq9n6z,74600,0.006124105304479599,0.0013036963064223528,0.024102045223116875,,,,,28.848237991333008,0.5485843420028687,0.447723388671875,,,,,,,,,,,,,,,,0.9926692247390747,8388608,0.0001,13.298426067431768
jerrychsh-ucsd,dreamer4-tokenizer,qpuq9n6z,pusht-tokenizer,jerrychsh-ucsd/dreamer4-tokenizer/qpuq9n6z,killed,2026-05-02T02:20:46Z,,https://wandb.ai/jerrychsh-ucsd/dreamer4-tokenizer/runs/qpuq9n6z,74700,0.010082234628498554,0.0016358938300982118,0.04223170131444931,,,,,27.862449645996094,0.5293620824813843,0.469451904296875,,,,,,,,,,,,,,,,0.9916659593582153,8388608,0.0001,13.316237783299552
jerrychsh-ucsd,dreamer4-tokenizer,qpuq9n6z,pusht-tokenizer,jerrychsh-ucsd/dreamer4-tokenizer/qpuq9n6z,killed,2026-05-02T02:20:46Z,,https://wandb.ai/jerrychsh-ucsd/dreamer4-tokenizer/runs/qpuq9n6z,74800,0.009756669402122498,0.0015722688985988498,0.040922001004219055,,,,,28.034732818603516,0.48441600799560547,0.514739990234375,,,,,,,,,,,,,,,,0.9920083284378052,8388608,0.0001,13.33405401799414
jerrychsh-ucsd,dreamer4-tokenizer,qpuq9n6z,pusht-tokenizer,jerrychsh-ucsd/dreamer4-tokenizer/qpuq9n6z,killed,2026-05-02T02:20:46Z,,https://wandb.ai/jerrychsh-ucsd/dreamer4-tokenizer/runs/qpuq9n6z,74900,0.0066934251226484776,0.0015943438047543168,0.025495406240224838,,,,,27.97418212890625,0.5828487873077393,0.4180450439453125,,,,,,,,,,,,,,,,0.9909902811050415,8388608,0.0001,13.351873290340105
jerrychsh-ucsd,dreamer4-tokenizer,qpuq9n6z,pusht-tokenizer,jerrychsh-ucsd/dreamer4-tokenizer/qpuq9n6z,killed,2026-05-02T02:20:46Z,,https://wandb.ai/jerrychsh-ucsd/dreamer4-tokenizer/runs/qpuq9n6z,75000,0.008857360109686852,0.0015419373521581292,0.03657711297273636,,,,,28.119333267211914,0.5456969738006592,0.4542999267578125,,,,,,,,,,,,,,,,0.9924283027648926,8388608,0.0001,13.369677583906386
jerrychsh-ucsd,dreamer4-tokenizer,qpuq9n6z,pusht-tokenizer,jerrychsh-ucsd/dreamer4-tokenizer/qpuq9n6z,killed,2026-05-02T02:20:46Z,,https://wandb.ai/jerrychsh-ucsd/dreamer4-tokenizer/runs/qpuq9n6z,75100,0.005591935012489557,0.001401489949785173,0.020952224731445312,,,,,28.534103393554688,0.5613281726837158,0.4403839111328125,,,,,,,,,,,,,,,,0.9920599460601807,8388608,0.0001,13.387700872222583
jerrychsh-ucsd,dreamer4-tokenizer,qpuq9n6z,pusht-tokenizer,jerrychsh-ucsd/dreamer4-tokenizer/qpuq9n6z,killed,2026-05-02T02:20:46Z,,https://wandb.ai/jerrychsh-ucsd/dreamer4-tokenizer/runs/qpuq9n6z,75200,0.00669972226023674,0.0016906388336792588,0.02504541724920273,,,,,27.719493865966797,0.599030613899231,0.404052734375,,,,,,,,,,,,,,,,0.992768406867981,8388608,0.0001,13.405525436997413
jerrychsh-ucsd,dreamer4-tokenizer,qpuq9n6z,pusht-tokenizer,jerrychsh-ucsd/dreamer4-tokenizer/qpuq9n6z,killed,2026-05-02T02:20:46Z,,https://wandb.ai/jerrychsh-ucsd/dreamer4-tokenizer/runs/qpuq9n6z,75300,0.008905930444598198,0.001684545073658228,0.03610692545771599,,,,,27.73517417907715,0.5210340023040771,0.481201171875,,,,,,,,,,,,,,,,0.9937770962715149,8388608,0.0001,13.423324105739594
jerrychsh-ucsd,dreamer4-tokenizer,qpuq9n6z,pusht-tokenizer,jerrychsh-ucsd/dreamer4-tokenizer/qpuq9n6z,killed,2026-05-02T02:20:46Z,,https://wandb.ai/jerrychsh-ucsd/dreamer4-tokenizer/runs/qpuq9n6z,75400,0.0076307919807732105,0.00152121193241328,0.03054789826273918,,,,,28.178102493286133,0.5067949295043945,0.492919921875,,,,,,,,,,,,,,,,0.9926379919052124,16777216,0.0001,13.441124656067954
jerrychsh-ucsd,dreamer4-tokenizer,qpuq9n6z,pusht-tokenizer,jerrychsh-ucsd/dreamer4-tokenizer/qpuq9n6z,killed,2026-05-02T02:20:46Z,,https://wandb.ai/jerrychsh-ucsd/dreamer4-tokenizer/runs/qpuq9n6z,75500,0.007572792004793882,0.0018434302182868123,0.028646808117628098,,,,,27.343732833862305,0.6062403917312622,0.39617919921875,,,,,,,,,,,,,,,,0.9924101233482361,8388608,0.0001,13.45894456115034
jerrychsh-ucsd,dreamer4-tokenizer,qpuq9n6z,pusht-tokenizer,jerrychsh-ucsd/dreamer4-tokenizer/qpuq9n6z,killed,2026-05-02T02:20:46Z,,https://wandb.ai/jerrychsh-ucsd/dreamer4-tokenizer/runs/qpuq9n6z,75600,0.008698703721165657,0.0016419917810708284,0.03528355807065964,,,,,27.846290588378906,0.5109201669692993,0.4889678955078125,,,,,,,,,,,,,,,,0.9915562868118286,8388608,0.0001,13.476849259270562
jerrychsh-ucsd,dreamer4-tokenizer,qpuq9n6z,pusht-tokenizer,jerrychsh-ucsd/dreamer4-tokenizer/qpuq9n6z,killed,2026-05-02T02:20:46Z,,https://wandb.ai/jerrychsh-ucsd/dreamer4-tokenizer/runs/qpuq9n6z,75700,0.008202689699828625,0.0013702298747375607,0.03416229784488678,,,,,28.63206672668457,0.5292519330978394,0.4723663330078125,,,,,,,,,,,,,,,,0.9911507964134216,8388608,0.0001,13.49466985821724
jerrychsh-ucsd,dreamer4-tokenizer,qpuq9n6z,pusht-tokenizer,jerrychsh-ucsd/dreamer4-tokenizer/qpuq9n6z,killed,2026-05-02T02:20:46Z,,https://wandb.ai/jerrychsh-ucsd/dreamer4-tokenizer/runs/qpuq9n6z,75800,0.009330540895462036,0.0016770606162026525,0.03826740011572838,,,,,27.754514694213867,0.5368646383285522,0.4623870849609375,,,,,,,,,,,,,,,,0.9916693568229675,8388608,0.0001,13.512474244832992
jerrychsh-ucsd,dreamer4-tokenizer,qpuq9n6z,pusht-tokenizer,jerrychsh-ucsd/dreamer4-tokenizer/qpuq9n6z,killed,2026-05-02T02:20:46Z,,https://wandb.ai/jerrychsh-ucsd/dreamer4-tokenizer/runs/qpuq9n6z,75900,0.010061495006084442,0.0015632961876690388,0.04249099642038345,,,,,28.059589385986328,0.5064785480499268,0.494049072265625,,,,,,,,,,,,,,,,0.9905720353126526,8388608,0.0001,13.53031403389242
jerrychsh-ucsd,dreamer4-tokenizer,qpuq9n6z,pusht-tokenizer,jerrychsh-ucsd/dreamer4-tokenizer/qpuq9n6z,killed,2026-05-02T02:20:46Z,,https://wandb.ai/jerrychsh-ucsd/dreamer4-tokenizer/runs/qpuq9n6z,76000,0.00895407609641552,0.0017022202955558896,0.036259278655052185,,,,,27.689842224121094,0.4730772376060486,0.522430419921875,,,,,,,,,,,,,,,,0.9913184642791748,8388608,0.0001,13.548128145403332
jerrychsh-ucsd,dreamer4-tokenizer,qpuq9n6z,pusht-tokenizer,jerrychsh-ucsd/dreamer4-tokenizer/qpuq9n6z,killed,2026-05-02T02:20:46Z,,https://wandb.ai/jerrychsh-ucsd/dreamer4-tokenizer/runs/qpuq9n6z,76100,0.007747779134660959,0.0013602054677903652,0.031937867403030396,,,,,28.663955688476562,0.5415563583374023,0.4574737548828125,,,,,,,,,,,,,,,,0.9882815480232239,8388608,0.0001,13.566038514177004
jerrychsh-ucsd,dreamer4-tokenizer,qpuq9n6z,pusht-tokenizer,jerrychsh-ucsd/dreamer4-tokenizer/qpuq9n6z,killed,2026-05-02T02:20:46Z,,https://wandb.ai/jerrychsh-ucsd/dreamer4-tokenizer/runs/qpuq9n6z,76200,0.007032047025859356,0.0016668211901560426,0.026826130226254463,,,,,27.781112670898438,0.5235730409622192,0.475067138671875,,,,,,,,,,,,,,,,0.993280827999115,8388608,0.0001,13.583843363987075
jerrychsh-ucsd,dreamer4-tokenizer,qpuq9n6z,pusht-tokenizer,jerrychsh-ucsd/dreamer4-tokenizer/qpuq9n6z,killed,2026-05-02T02:20:46Z,,https://wandb.ai/jerrychsh-ucsd/dreamer4-tokenizer/runs/qpuq9n6z,76300,0.007152060512453318,0.0015195938758552074,0.028162332251667976,,,,,28.18272590637207,0.5553118586540222,0.4450836181640625,,,,,,,,,,,,,,,,0.9905049800872803,8388608,0.0001,13.601652394268248
jerrychsh-ucsd,dreamer4-tokenizer,qpuq9n6z,pusht-tokenizer,jerrychsh-ucsd/dreamer4-tokenizer/qpuq9n6z,killed,2026-05-02T02:20:46Z,,https://wandb.ai/jerrychsh-ucsd/dreamer4-tokenizer/runs/qpuq9n6z,76400,0.008036196231842041,0.0016713878139853477,0.03182404115796089,,,,,27.769229888916016,0.5258672833442688,0.4697113037109375,,,,,,,,,,,,,,,,0.9919158816337585,8388608,0.0001,13.619458455443382
jerrychsh-ucsd,dreamer4-tokenizer,qpuq9n6z,pusht-tokenizer,jerrychsh-ucsd/dreamer4-tokenizer/qpuq9n6z,killed,2026-05-02T02:20:46Z,,https://wandb.ai/jerrychsh-ucsd/dreamer4-tokenizer/runs/qpuq9n6z,76500,0.0057957530952990055,0.0012617252068594098,0.022670138627290726,,,,,28.990352630615234,0.5463330745697021,0.4548797607421875,,,,,,,,,,,,,,,,0.9903472661972046,8388608,0.0001,13.637274520198504
jerrychsh-ucsd,dreamer4-tokenizer,qpuq9n6z,pusht-tokenizer,jerrychsh-ucsd/dreamer4-tokenizer/qpuq9n6z,killed,2026-05-02T02:20:46Z,,https://wandb.ai/jerrychsh-ucsd/dreamer4-tokenizer/runs/qpuq9n6z,76600,0.008275109343230724,0.0016324549214914441,0.03321326896548271,,,,,27.8715877532959,0.5536086559295654,0.4490814208984375,,,,,,,,,,,,,,,,0.989643931388855,8388608,0.0001,13.655173796878922
jerrychsh-ucsd,dreamer4-tokenizer,qpuq9n6z,pusht-tokenizer,jerrychsh-ucsd/dreamer4-tokenizer/qpuq9n6z,killed,2026-05-02T02:20:46Z,,https://wandb.ai/jerrychsh-ucsd/dreamer4-tokenizer/runs/qpuq9n6z,76700,0.007100878749042749,0.0010627149604260921,0.03019081801176071,,,,,29.7358341217041,0.5506434440612793,0.4522247314453125,,,,,,,,,,,,,,,,0.9916202425956726,4194304,0.0001,13.672989357908566
jerrychsh-ucsd,dreamer4-tokenizer,qpuq9n6z,pusht-tokenizer,jerrychsh-ucsd/dreamer4-tokenizer/qpuq9n6z,killed,2026-05-02T02:20:46Z,,https://wandb.ai/jerrychsh-ucsd/dreamer4-tokenizer/runs/qpuq9n6z,76800,0.008674534037709236,0.0017215916886925697,0.034764714539051056,,,,,27.640701293945312,0.4749184548854828,0.525115966796875,,,,,,,,,,,,,,,,0.9924270510673523,4194304,0.0001,13.690799955328306
jerrychsh-ucsd,dreamer4-tokenizer,qpuq9n6z,pusht-tokenizer,jerrychsh-ucsd/dreamer4-tokenizer/qpuq9n6z,killed,2026-05-02T02:20:46Z,,https://wandb.ai/jerrychsh-ucsd/dreamer4-tokenizer/runs/qpuq9n6z,76900,0.00975766871124506,0.0017197311390191317,0.04018968716263771,,,,,27.645395278930664,0.4553726315498352,0.5447998046875,,,,,,,,,,,,,,,,0.9919272661209106,4194304,0.0001,13.708596258097225
jerrychsh-ucsd,dreamer4-tokenizer,qpuq9n6z,pusht-tokenizer,jerrychsh-ucsd/dreamer4-tokenizer/qpuq9n6z,killed,2026-05-02T02:20:46Z,,https://wandb.ai/jerrychsh-ucsd/dreamer4-tokenizer/runs/qpuq9n6z,77000,0.00784499105066061,0.0014592092484235764,0.031928908079862595,,,,,28.358823776245117,0.5934090614318848,0.407257080078125,,,,,,,,,,,,,,,,0.9908785223960876,4194304,0.0001,13.726407483087646
jerrychsh-ucsd,dreamer4-tokenizer,qpuq9n6z,pusht-tokenizer,jerrychsh-ucsd/dreamer4-tokenizer/qpuq9n6z,killed,2026-05-02T02:20:46Z,,https://wandb.ai/jerrychsh-ucsd/dreamer4-tokenizer/runs/qpuq9n6z,77100,0.007771987468004227,0.00158208841457963,0.030949493870139122,,,,,28.007694244384766,0.5496644377708435,0.4487762451171875,,,,,,,,,,,,,,,,0.9910094738006592,4194304,0.0001,13.744296562870344
jerrychsh-ucsd,dreamer4-tokenizer,qpuq9n6z,pusht-tokenizer,jerrychsh-ucsd/dreamer4-tokenizer/qpuq9n6z,killed,2026-05-02T02:20:46Z,,https://wandb.ai/jerrychsh-ucsd/dreamer4-tokenizer/runs/qpuq9n6z,77200,0.00876168254762888,0.0015208383556455374,0.03620421886444092,,,,,28.179168701171875,0.5725898742675781,0.4277801513671875,,,,,,,,,,,,,,,,0.9915951490402222,4194304,0.0001,13.762101910379197
jerrychsh-ucsd,dreamer4-tokenizer,qpuq9n6z,pusht-tokenizer,jerrychsh-ucsd/dreamer4-tokenizer/qpuq9n6z,killed,2026-05-02T02:20:46Z,,https://wandb.ai/jerrychsh-ucsd/dreamer4-tokenizer/runs/qpuq9n6z,77300,0.0061249565333127975,0.0015115586575120687,0.023066990077495575,,,,,28.205753326416016,0.5508695840835571,0.449005126953125,,,,,,,,,,,,,,,,0.9902368187904358,4194304,0.0001,13.779895449810558
jerrychsh-ucsd,dreamer4-tokenizer,qpuq9n6z,pusht-tokenizer,jerrychsh-ucsd/dreamer4-tokenizer/qpuq9n6z,killed,2026-05-02T02:20:46Z,,https://wandb.ai/jerrychsh-ucsd/dreamer4-tokenizer/runs/qpuq9n6z,77400,0.005407217424362898,0.0016417939914390445,0.01882711797952652,,,,,27.84681510925293,0.6120960712432861,0.387786865234375,,,,,,,,,,,,,,,,0.9920511245727539,4194304,0.0001,13.797692392402226
jerrychsh-ucsd,dreamer4-tokenizer,qpuq9n6z,pusht-tokenizer,jerrychsh-ucsd/dreamer4-tokenizer/qpuq9n6z,killed,2026-05-02T02:20:46Z,,https://wandb.ai/jerrychsh-ucsd/dreamer4-tokenizer/runs/qpuq9n6z,77500,0.008795695379376411,0.0016921467613428831,0.03551774471998215,,,,,27.715621948242188,0.5344222187995911,0.4684295654296875,,,,,,,,,,,,,,,,0.9917355179786682,4194304,0.0001,13.815500540004836
jerrychsh-ucsd,dreamer4-tokenizer,qpuq9n6z,pusht-tokenizer,jerrychsh-ucsd/dreamer4-tokenizer/qpuq9n6z,killed,2026-05-02T02:20:46Z,,https://wandb.ai/jerrychsh-ucsd/dreamer4-tokenizer/runs/qpuq9n6z,77600,0.006569815333932638,0.0014257904840633273,0.025720123201608658,,,,,28.459444046020508,0.5547667741775513,0.44580078125,,,,,,,,,,,,,,,,0.9907392859458923,4194304,0.0001,13.833394700752365
jerrychsh-ucsd,dreamer4-tokenizer,qpuq9n6z,pusht-tokenizer,jerrychsh-ucsd/dreamer4-tokenizer/qpuq9n6z,killed,2026-05-02T02:20:46Z,,https://wandb.ai/jerrychsh-ucsd/dreamer4-tokenizer/runs/qpuq9n6z,77700,0.005228878930211067,0.0013574877521023154,0.019356954842805862,,,,,28.672639846801758,0.5437114238739014,0.4566650390625,,,,,,,,,,,,,,,,0.9902200698852539,4194304,0.0001,13.851190317339368
jerrychsh-ucsd,dreamer4-tokenizer,qpuq9n6z,pusht-tokenizer,jerrychsh-ucsd/dreamer4-tokenizer/qpuq9n6z,killed,2026-05-02T02:20:46Z,,https://wandb.ai/jerrychsh-ucsd/dreamer4-tokenizer/runs/qpuq9n6z,77800,0.007915730588138103,0.0012754180934280157,0.033201560378074646,,,,,28.94347381591797,0.5832850933074951,0.417694091796875,,,,,,,,,,,,,,,,0.9880399703979492,4194304,0.0001,13.868996505472396
jerrychsh-ucsd,dreamer4-tokenizer,qpuq9n6z,pusht-tokenizer,jerrychsh-ucsd/dreamer4-tokenizer/qpuq9n6z,killed,2026-05-02T02:20:46Z,,https://wandb.ai/jerrychsh-ucsd/dreamer4-tokenizer/runs/qpuq9n6z,77900,0.009739384055137634,0.0019005571957677603,0.03919413313269615,,,,,27.211191177368164,0.5197423696517944,0.47698974609375,,,,,,,,,,,,,,,,0.991921603679657,4194304,0.0001,13.886792360875342
jerrychsh-ucsd,dreamer4-tokenizer,qpuq9n6z,pusht-tokenizer,jerrychsh-ucsd/dreamer4-tokenizer/qpuq9n6z,killed,2026-05-02T02:20:46Z,,https://wandb.ai/jerrychsh-ucsd/dreamer4-tokenizer/runs/qpuq9n6z,78000,0.007256575860083103,0.001520457211881876,0.02868059277534485,,,,,28.18025779724121,0.5571472644805908,0.4421539306640625,,,,,,,,,,,,,,,,0.9908525347709656,4194304,0.0001,13.904602060317993
jerrychsh-ucsd,dreamer4-tokenizer,qpuq9n6z,pusht-tokenizer,jerrychsh-ucsd/dreamer4-tokenizer/qpuq9n6z,killed,2026-05-02T02:20:46Z,,https://wandb.ai/jerrychsh-ucsd/dreamer4-tokenizer/runs/qpuq9n6z,78100,0.008041637018322945,0.0016532957088202238,0.03194170445203781,,,,,27.816495895385742,0.5673701763153076,0.431793212890625,,,,,,,,,,,,,,,,0.9904808402061462,4194304,0.0001,13.922493829462264
jerrychsh-ucsd,dreamer4-tokenizer,qpuq9n6z,pusht-tokenizer,jerrychsh-ucsd/dreamer4-tokenizer/qpuq9n6z,killed,2026-05-02T02:20:46Z,,https://wandb.ai/jerrychsh-ucsd/dreamer4-tokenizer/runs/qpuq9n6z,78200,0.00945254322141409,0.0016695588128641248,0.03891491889953613,,,,,27.773983001708984,0.5501850843429565,0.4510498046875,,,,,,,,,,,,,,,,0.9910375475883484,4194304,0.0001,13.940299551288287
jerrychsh-ucsd,dreamer4-tokenizer,qpuq9n6z,pusht-tokenizer,jerrychsh-ucsd/dreamer4-tokenizer/qpuq9n6z,killed,2026-05-02T02:20:46Z,,https://wandb.ai/jerrychsh-ucsd/dreamer4-tokenizer/runs/qpuq9n6z,78300,0.005523832514882088,0.0011556579265743494,0.02184087038040161,,,,,29.371707916259766,0.5345849990844727,0.4657440185546875,,,,,,,,,,,,,,,,0.991377055644989,4194304,0.0001,13.958101462721825
jerrychsh-ucsd,dreamer4-tokenizer,qpuq9n6z,pusht-tokenizer,jerrychsh-ucsd/dreamer4-tokenizer/qpuq9n6z,killed,2026-05-02T02:20:46Z,,https://wandb.ai/jerrychsh-ucsd/dreamer4-tokenizer/runs/qpuq9n6z,78400,0.00916481763124466,0.0018117756117135286,0.0367652103304863,,,,,27.418956756591797,0.5383744239807129,0.4608612060546875,,,,,,,,,,,,,,,,0.9925369620323181,4194304,0.0001,13.975905948082605
jerrychsh-ucsd,dreamer4-tokenizer,qpuq9n6z,pusht-tokenizer,jerrychsh-ucsd/dreamer4-tokenizer/qpuq9n6z,killed,2026-05-02T02:20:46Z,,https://wandb.ai/jerrychsh-ucsd/dreamer4-tokenizer/runs/qpuq9n6z,78500,0.009225337766110897,0.0017957271775230765,0.03714805096387863,,,,,27.457597732543945,0.5500425100326538,0.4500274658203125,,,,,,,,,,,,,,,,0.9915811419487,4194304,0.0001,13.993706829216745
jerrychsh-ucsd,dreamer4-tokenizer,qpuq9n6z,pusht-tokenizer,jerrychsh-ucsd/dreamer4-tokenizer/qpuq9n6z,killed,2026-05-02T02:20:46Z,,https://wandb.ai/jerrychsh-ucsd/dreamer4-tokenizer/runs/qpuq9n6z,78600,0.0077562942169606686,0.0014773756265640259,0.0313945934176445,,,,,28.305091857910156,0.49732446670532227,0.5036773681640625,,,,,,,,,,,,,,,,0.9902254939079285,4194304,0.0001,14.011602886451616
jerrychsh-ucsd,dreamer4-tokenizer,qpuq9n6z,pusht-tokenizer,jerrychsh-ucsd/dreamer4-tokenizer/qpuq9n6z,killed,2026-05-02T02:20:46Z,,https://wandb.ai/jerrychsh-ucsd/dreamer4-tokenizer/runs/qpuq9n6z,78700,0.007203078828752041,0.001402030698955059,0.02900524064898491,,,,,28.532426834106445,0.4549027681350708,0.5477447509765625,,,,,,,,,,,,,,,,0.9903761744499207,8388608,0.0001,14.029411770237816
jerrychsh-ucsd,dreamer4-tokenizer,qpuq9n6z,pusht-tokenizer,jerrychsh-ucsd/dreamer4-tokenizer/qpuq9n6z,killed,2026-05-02T02:20:46Z,,https://wandb.ai/jerrychsh-ucsd/dreamer4-tokenizer/runs/qpuq9n6z,78800,0.008155264891684055,0.0015364729333668947,0.03309395909309387,,,,,28.134750366210938,0.5493921041488647,0.451141357421875,,,,,,,,,,,,,,,,0.9923160672187805,8388608,0.0001,14.047223687503074
jerrychsh-ucsd,dreamer4-tokenizer,qpuq9n6z,pusht-tokenizer,jerrychsh-ucsd/dreamer4-tokenizer/qpuq9n6z,killed,2026-05-02T02:20:46Z,,https://wandb.ai/jerrychsh-ucsd/dreamer4-tokenizer/runs/qpuq9n6z,78900,0.005726719740778208,0.0014175139367580414,0.021546028554439545,,,,,28.48472785949707,0.6110169887542725,0.3866424560546875,,,,,,,,,,,,,,,,0.9930763244628906,8388608,0.0001,14.06504489812586
jerrychsh-ucsd,dreamer4-tokenizer,qpuq9n6z,pusht-tokenizer,jerrychsh-ucsd/dreamer4-tokenizer/qpuq9n6z,killed,2026-05-02T02:20:46Z,,https://wandb.ai/jerrychsh-ucsd/dreamer4-tokenizer/runs/qpuq9n6z,79000,0.008173124864697456,0.0015475654508918524,0.0331277959048748,,,,,28.10350799560547,0.5374093651771545,0.463470458984375,,,,,,,,,,,,,,,,0.9903680086135864,8388608,0.0001,14.082856234444511
jerrychsh-ucsd,dreamer4-tokenizer,qpuq9n6z,pusht-tokenizer,jerrychsh-ucsd/dreamer4-tokenizer/qpuq9n6z,killed,2026-05-02T02:20:46Z,,https://wandb.ai/jerrychsh-ucsd/dreamer4-tokenizer/runs/qpuq9n6z,79100,0.00866737961769104,0.0014194170944392681,0.03623981401324272,,,,,28.478899002075195,0.5066828727722168,0.49273681640625,,,,,,,,,,,,,,,,0.9912198185920715,8388608,0.0001,14.100750377575556
jerrychsh-ucsd,dreamer4-tokenizer,qpuq9n6z,pusht-tokenizer,jerrychsh-ucsd/dreamer4-tokenizer/qpuq9n6z,killed,2026-05-02T02:20:46Z,,https://wandb.ai/jerrychsh-ucsd/dreamer4-tokenizer/runs/qpuq9n6z,79200,0.004702692851424217,0.0011726190568879247,0.017650369554758072,,,,,29.30843162536621,0.5891066789627075,0.4113311767578125,,,,,,,,,,,,,,,,0.9912418723106384,8388608,0.0001,14.11857336488035
jerrychsh-ucsd,dreamer4-tokenizer,qpuq9n6z,pusht-tokenizer,jerrychsh-ucsd/dreamer4-tokenizer/qpuq9n6z,killed,2026-05-02T02:20:46Z,,https://wandb.ai/jerrychsh-ucsd/dreamer4-tokenizer/runs/qpuq9n6z,79300,0.005941007286310196,0.0013398912269622087,0.02300557866692543,,,,,28.729305267333984,0.5911795496940613,0.409088134765625,,,,,,,,,,,,,,,,0.9922714829444885,8388608,0.0001,14.13639717651738
jerrychsh-ucsd,dreamer4-tokenizer,qpuq9n6z,pusht-tokenizer,jerrychsh-ucsd/dreamer4-tokenizer/qpuq9n6z,killed,2026-05-02T02:20:46Z,,https://wandb.ai/jerrychsh-ucsd/dreamer4-tokenizer/runs/qpuq9n6z,79400,0.008217434398829937,0.0016995904734358191,0.03258921951055527,,,,,27.696556091308594,0.5711145401000977,0.42803955078125,,,,,,,,,,,,,,,,0.9912378191947937,8388608,0.0001,14.154213220543332
jerrychsh-ucsd,dreamer4-tokenizer,qpuq9n6z,pusht-tokenizer,jerrychsh-ucsd/dreamer4-tokenizer/qpuq9n6z,killed,2026-05-02T02:20:46Z,,https://wandb.ai/jerrychsh-ucsd/dreamer4-tokenizer/runs/qpuq9n6z,79500,0.006115337833762169,0.0015012293588370085,0.023070544004440308,,,,,28.235530853271484,0.5652940273284912,0.43572998046875,,,,,,,,,,,,,,,,0.9922568798065186,8388608,0.0001,14.17202822956774
jerrychsh-ucsd,dreamer4-tokenizer,qpuq9n6z,pusht-tokenizer,jerrychsh-ucsd/dreamer4-tokenizer/qpuq9n6z,killed,2026-05-02T02:20:46Z,,https://wandb.ai/jerrychsh-ucsd/dreamer4-tokenizer/runs/qpuq9n6z,79600,0.00758237624540925,0.0011751401470974088,0.032036181539297104,,,,,29.299104690551758,0.5137054920196533,0.4876861572265625,,,,,,,,,,,,,,,,0.9924493432044983,8388608,0.0001,14.189937071137958
jerrychsh-ucsd,dreamer4-tokenizer,qpuq9n6z,pusht-tokenizer,jerrychsh-ucsd/dreamer4-tokenizer/qpuq9n6z,killed,2026-05-02T02:20:46Z,,https://wandb.ai/jerrychsh-ucsd/dreamer4-tokenizer/runs/qpuq9n6z,79700,0.0067692045122385025,0.0015002030413597822,0.02634500525891781,,,,,28.23849868774414,0.5967837572097778,0.404541015625,,,,,,,,,,,,,,,,0.9887000918388367,8388608,0.0001,14.207756943768926
jerrychsh-ucsd,dreamer4-tokenizer,qpuq9n6z,pusht-tokenizer,jerrychsh-ucsd/dreamer4-tokenizer/qpuq9n6z,killed,2026-05-02T02:20:46Z,,https://wandb.ai/jerrychsh-ucsd/dreamer4-tokenizer/runs/qpuq9n6z,79800,0.007490185089409351,0.0015592081472277641,0.029654884710907936,,,,,28.070960998535156,0.5348089933395386,0.464508056640625,,,,,,,,,,,,,,,,0.9924249053001404,8388608,0.0001,14.225575149854023
jerrychsh-ucsd,dreamer4-tokenizer,qpuq9n6z,pusht-tokenizer,jerrychsh-ucsd/dreamer4-tokenizer/qpuq9n6z,killed,2026-05-02T02:20:46Z,,https://wandb.ai/jerrychsh-ucsd/dreamer4-tokenizer/runs/qpuq9n6z,79900,0.007488030008971691,0.0016975620528683066,0.0289523396641016,,,,,27.70174217224121,0.570641040802002,0.4293975830078125,,,,,,,,,,,,,,,,0.9925905466079712,8388608,0.0001,14.243395906090736
jerrychsh-ucsd,dreamer4-tokenizer,qpuq9n6z,pusht-tokenizer,jerrychsh-ucsd/dreamer4-tokenizer/qpuq9n6z,killed,2026-05-02T02:20:46Z,,https://wandb.ai/jerrychsh-ucsd/dreamer4-tokenizer/runs/qpuq9n6z,80000,0.006115800701081753,0.001496601034887135,0.023095998913049698,,,,,28.248939514160156,0.5069404244422913,0.4901885986328125,,,,,,,,,,,,,,,,0.991997241973877,8388608,0.0001,14.261210256417593
jerrychsh-ucsd,dreamer4-tokenizer,qpuq9n6z,pusht-tokenizer,jerrychsh-ucsd/dreamer4-tokenizer/qpuq9n6z,killed,2026-05-02T02:20:46Z,,https://wandb.ai/jerrychsh-ucsd/dreamer4-tokenizer/runs/qpuq9n6z,80100,0.009179738350212574,0.0016344751929864287,0.03772631660103798,,,,,27.866214752197266,0.5580093860626221,0.44232177734375,,,,,,,,,,,,,,,,0.9912803769111633,8388608,0.0001,14.27923808839586
jerrychsh-ucsd,dreamer4-tokenizer,qpuq9n6z,pusht-tokenizer,jerrychsh-ucsd/dreamer4-tokenizer/qpuq9n6z,killed,2026-05-02T02:20:46Z,,https://wandb.ai/jerrychsh-ucsd/dreamer4-tokenizer/runs/qpuq9n6z,80200,0.005959218833595514,0.0014329352416098118,0.022631417959928513,,,,,28.43773651123047,0.5841450095176697,0.41796875,,,,,,,,,,,,,,,,0.990896463394165,8388608,0.0001,14.297061721815004
jerrychsh-ucsd,dreamer4-tokenizer,qpuq9n6z,pusht-tokenizer,jerrychsh-ucsd/dreamer4-tokenizer/qpuq9n6z,killed,2026-05-02T02:20:46Z,,https://wandb.ai/jerrychsh-ucsd/dreamer4-tokenizer/runs/qpuq9n6z,80300,0.008047480136156082,0.0015906784683465958,0.03228401020169258,,,,,27.984176635742188,0.5582497715950012,0.44000244140625,,,,,,,,,,,,,,,,0.9923446774482727,8388608,0.0001,14.314872524539629
jerrychsh-ucsd,dreamer4-tokenizer,qpuq9n6z,pusht-tokenizer,jerrychsh-ucsd/dreamer4-tokenizer/qpuq9n6z,killed,2026-05-02T02:20:46Z,,https://wandb.ai/jerrychsh-ucsd/dreamer4-tokenizer/runs/qpuq9n6z,80400,0.009639443829655647,0.001906061777845025,0.03866691142320633,,,,,27.198631286621094,0.5807126760482788,0.4199371337890625,,,,,,,,,,,,,,,,0.991236686706543,8388608,0.0001,14.332686774068408
jerrychsh-ucsd,dreamer4-tokenizer,qpuq9n6z,pusht-tokenizer,jerrychsh-ucsd/dreamer4-tokenizer/qpuq9n6z,killed,2026-05-02T02:20:46Z,,https://wandb.ai/jerrychsh-ucsd/dreamer4-tokenizer/runs/qpuq9n6z,80500,0.008820764720439911,0.0017649512737989426,0.03527906909584999,,,,,27.532672882080078,0.5455372333526611,0.4530487060546875,,,,,,,,,,,,,,,,0.992193341255188,8388608,0.0001,14.350506303376621
jerrychsh-ucsd,dreamer4-tokenizer,qpuq9n6z,pusht-tokenizer,jerrychsh-ucsd/dreamer4-tokenizer/qpuq9n6z,killed,2026-05-02T02:20:46Z,,https://wandb.ai/jerrychsh-ucsd/dreamer4-tokenizer/runs/qpuq9n6z,80600,0.008393937721848488,0.0016000985633581877,0.03396919369697571,,,,,27.958534240722656,0.5581390857696533,0.4407806396484375,,,,,,,,,,,,,,,,0.9908026456832886,8388608,0.0001,14.368410457306439
jerrychsh-ucsd,dreamer4-tokenizer,qpuq9n6z,pusht-tokenizer,jerrychsh-ucsd/dreamer4-tokenizer/qpuq9n6z,killed,2026-05-02T02:20:46Z,,https://wandb.ai/jerrychsh-ucsd/dreamer4-tokenizer/runs/qpuq9n6z,80700,0.011729818768799305,0.0019009916577488184,0.04914413392543793,,,,,27.2101993560791,0.5615501403808594,0.438140869140625,,,,,,,,,,,,,,,,0.991797149181366,16777216,0.0001,14.386219685077668
jerrychsh-ucsd,dreamer4-tokenizer,qpuq9n6z,pusht-tokenizer,jerrychsh-ucsd/dreamer4-tokenizer/qpuq9n6z,killed,2026-05-02T02:20:46Z,,https://wandb.ai/jerrychsh-ucsd/dreamer4-tokenizer/runs/qpuq9n6z,80800,0.008547439239919186,0.001508777728304267,0.0351933091878891,,,,,28.213747024536133,0.5212116241455078,0.480377197265625,,,,,,,,,,,,,,,,0.9923245310783386,8388608,0.0001,14.404034036331707
jerrychsh-ucsd,dreamer4-tokenizer,qpuq9n6z,pusht-tokenizer,jerrychsh-ucsd/dreamer4-tokenizer/qpuq9n6z,killed,2026-05-02T02:20:46Z,,https://wandb.ai/jerrychsh-ucsd/dreamer4-tokenizer/runs/qpuq9n6z,80900,0.0090656578540802,0.0018966714851558208,0.03584493324160576,,,,,27.22007942199707,0.5333122611045837,0.4694976806640625,,,,,,,,,,,,,,,,0.9914467334747314,8388608,0.0001,14.421850704550742
jerrychsh-ucsd,dreamer4-tokenizer,qpuq9n6z,pusht-tokenizer,jerrychsh-ucsd/dreamer4-tokenizer/qpuq9n6z,killed,2026-05-02T02:20:46Z,,https://wandb.ai/jerrychsh-ucsd/dreamer4-tokenizer/runs/qpuq9n6z,81000,0.008474987000226974,0.0017769085243344307,0.033490389585494995,,,,,27.50334930419922,0.5302809476852417,0.472198486328125,,,,,,,,,,,,,,,,0.9914324879646301,8388608,0.0001,14.439659788012504
jerrychsh-ucsd,dreamer4-tokenizer,qpuq9n6z,pusht-tokenizer,jerrychsh-ucsd/dreamer4-tokenizer/qpuq9n6z,killed,2026-05-02T02:20:46Z,,https://wandb.ai/jerrychsh-ucsd/dreamer4-tokenizer/runs/qpuq9n6z,81100,0.008182407356798649,0.0016584914410486817,0.032619576901197433,,,,,27.802867889404297,0.49217522144317627,0.5058746337890625,,,,,,,,,,,,,,,,0.9918916821479797,8388608,0.0001,14.45757048288981
jerrychsh-ucsd,dreamer4-tokenizer,qpuq9n6z,pusht-tokenizer,jerrychsh-ucsd/dreamer4-tokenizer/qpuq9n6z,killed,2026-05-02T02:20:46Z,,https://wandb.ai/jerrychsh-ucsd/dreamer4-tokenizer/runs/qpuq9n6z,81200,0.00762214045971632,0.0017233591061085463,0.02949390560388565,,,,,27.63624382019043,0.5693743228912354,0.4325103759765625,,,,,,,,,,,,,,,,0.9924578666687012,8388608,0.0001,14.475380476117135
jerrychsh-ucsd,dreamer4-tokenizer,qpuq9n6z,pusht-tokenizer,jerrychsh-ucsd/dreamer4-tokenizer/qpuq9n6z,killed,2026-05-02T02:20:46Z,,https://wandb.ai/jerrychsh-ucsd/dreamer4-tokenizer/runs/qpuq9n6z,81300,0.007825170643627644,0.0013793378602713346,0.032229162752628326,,,,,28.603294372558594,0.4973023533821106,0.500579833984375,,,,,,,,,,,,,,,,0.9911405444145203,8388608,0.0001,14.493199957476723
jerrychsh-ucsd,dreamer4-tokenizer,qpuq9n6z,pusht-tokenizer,jerrychsh-ucsd/dreamer4-tokenizer/qpuq9n6z,killed,2026-05-02T02:20:46Z,,https://wandb.ai/jerrychsh-ucsd/dreamer4-tokenizer/runs/qpuq9n6z,81400,0.005350375548005104,0.0012049336219206452,0.020727209746837616,,,,,29.19036865234375,0.5409389734268188,0.46099853515625,,,,,,,,,,,,,,,,0.9904891848564148,8388608,0.0001,14.511018883652158
jerrychsh-ucsd,dreamer4-tokenizer,qpuq9n6z,pusht-tokenizer,jerrychsh-ucsd/dreamer4-tokenizer/qpuq9n6z,killed,2026-05-02T02:20:46Z,,https://wandb.ai/jerrychsh-ucsd/dreamer4-tokenizer/runs/qpuq9n6z,81500,0.009497825056314468,0.0016308687627315521,0.03933478146791458,,,,,27.875812530517578,0.5603120923042297,0.4380950927734375,,,,,,,,,,,,,,,,0.9918107986450195,8388608,0.0001,14.528877959450085
jerrychsh-ucsd,dreamer4-tokenizer,qpuq9n6z,pusht-tokenizer,jerrychsh-ucsd/dreamer4-tokenizer/qpuq9n6z,killed,2026-05-02T02:20:46Z,,https://wandb.ai/jerrychsh-ucsd/dreamer4-tokenizer/runs/qpuq9n6z,81600,0.007682778872549534,0.0013496449682861567,0.03166566789150238,,,,,28.697805404663086,0.5186926126480103,0.4830322265625,,,,,,,,,,,,,,,,0.9904606938362122,8388608,0.0001,14.546781078378359
jerrychsh-ucsd,dreamer4-tokenizer,qpuq9n6z,pusht-tokenizer,jerrychsh-ucsd/dreamer4-tokenizer/qpuq9n6z,killed,2026-05-02T02:20:46Z,,https://wandb.ai/jerrychsh-ucsd/dreamer4-tokenizer/runs/qpuq9n6z,81700,0.013043973594903946,0.0022041043266654015,0.05419934540987015,,,,,26.567678451538086,0.5561696290969849,0.4437408447265625,,,,,,,,,,,,,,,,0.992047131061554,8388608,0.0001,14.564600353638331
jerrychsh-ucsd,dreamer4-tokenizer,qpuq9n6z,pusht-tokenizer,jerrychsh-ucsd/dreamer4-tokenizer/qpuq9n6z,killed,2026-05-02T02:20:46Z,,https://wandb.ai/jerrychsh-ucsd/dreamer4-tokenizer/runs/qpuq9n6z,81800,0.008395541459321976,0.0016003807540982962,0.03397580236196518,,,,,27.957767486572266,0.4857531189918518,0.5144500732421875,,,,,,,,,,,,,,,,0.9913148283958435,8388608,0.0001,14.582418045865165
jerrychsh-ucsd,dreamer4-tokenizer,qpuq9n6z,pusht-tokenizer,jerrychsh-ucsd/dreamer4-tokenizer/qpuq9n6z,killed,2026-05-02T02:20:46Z,,https://wandb.ai/jerrychsh-ucsd/dreamer4-tokenizer/runs/qpuq9n6z,81900,0.010132160037755966,0.0015813964419066906,0.04275381565093994,,,,,28.009593963623047,0.5495260953903198,0.4510345458984375,,,,,,,,,,,,,,,,0.9920309782028198,8388608,0.0001,14.600236675010787
jerrychsh-ucsd,dreamer4-tokenizer,qpuq9n6z,pusht-tokenizer,jerrychsh-ucsd/dreamer4-tokenizer/qpuq9n6z,killed,2026-05-02T02:20:46Z,,https://wandb.ai/jerrychsh-ucsd/dreamer4-tokenizer/runs/qpuq9n6z,82000,0.006628329399973154,0.0013277018442749977,0.02650313824415207,,,,,28.76899528503418,0.5484374761581421,0.4526824951171875,,,,,,,,,,,,,,,,0.9905951619148254,8388608,0.0001,14.618066842158635
jerrychsh-ucsd,dreamer4-tokenizer,qpuq9n6z,pusht-tokenizer,jerrychsh-ucsd/dreamer4-tokenizer/qpuq9n6z,killed,2026-05-02T02:20:46Z,,https://wandb.ai/jerrychsh-ucsd/dreamer4-tokenizer/runs/qpuq9n6z,82100,0.007534504868090153,0.0016122267115861177,0.029611391946673393,,,,,27.925739288330078,0.49943119287490845,0.5017547607421875,,,,,,,,,,,,,,,,0.9915646910667419,8388608,0.0001,14.635962594548861
jerrychsh-ucsd,dreamer4-tokenizer,qpuq9n6z,pusht-tokenizer,jerrychsh-ucsd/dreamer4-tokenizer/qpuq9n6z,killed,2026-05-02T02:20:46Z,,https://wandb.ai/jerrychsh-ucsd/dreamer4-tokenizer/runs/qpuq9n6z,82200,0.006884726230055094,0.001442775479517877,0.027209753170609474,,,,,28.40801429748535,0.5175902843475342,0.480499267578125,,,,,,,,,,,,,,,,0.9916883111000061,8388608,0.0001,14.653784068955316
jerrychsh-ucsd,dreamer4-tokenizer,qpuq9n6z,pusht-tokenizer,jerrychsh-ucsd/dreamer4-tokenizer/qpuq9n6z,killed,2026-05-02T02:20:46Z,,https://wandb.ai/jerrychsh-ucsd/dreamer4-tokenizer/runs/qpuq9n6z,82300,0.007525874767452478,0.001449916628189385,0.03037979081273079,,,,,28.38656997680664,0.5042686462402344,0.497222900390625,,,,,,,,,,,,,,,,0.9923691749572754,8388608,0.0001,14.671597071091334
jerrychsh-ucsd,dreamer4-tokenizer,qpuq9n6z,pusht-tokenizer,jerrychsh-ucsd/dreamer4-tokenizer/qpuq9n6z,killed,2026-05-02T02:20:46Z,,https://wandb.ai/jerrychsh-ucsd/dreamer4-tokenizer/runs/qpuq9n6z,82400,0.005994333885610104,0.0013854040298610926,0.0230446495115757,,,,,28.5842342376709,0.5474168658256531,0.4532928466796875,,,,,,,,,,,,,,,,0.9905881881713867,8388608,0.0001,14.68940988447931
jerrychsh-ucsd,dreamer4-tokenizer,qpuq9n6z,pusht-tokenizer,jerrychsh-ucsd/dreamer4-tokenizer/qpuq9n6z,killed,2026-05-02T02:20:46Z,,https://wandb.ai/jerrychsh-ucsd/dreamer4-tokenizer/runs/qpuq9n6z,82500,0.0075668152421712875,0.0014420950319617987,0.030623601749539375,,,,,28.410062789916992,0.5253771543502808,0.4722442626953125,,,,,,,,,,,,,,,,0.9916830658912659,8388608,0.0001,14.707229368156858
jerrychsh-ucsd,dreamer4-tokenizer,qpuq9n6z,pusht-tokenizer,jerrychsh-ucsd/dreamer4-tokenizer/qpuq9n6z,killed,2026-05-02T02:20:46Z,,https://wandb.ai/jerrychsh-ucsd/dreamer4-tokenizer/runs/qpuq9n6z,82600,0.008308173157274723,0.002005764516070485,0.03151204437017441,,,,,26.97719955444336,0.5509321689605713,0.449310302734375,,,,,,,,,,,,,,,,0.9919626116752625,8388608,0.0001,14.725144204894702
jerrychsh-ucsd,dreamer4-tokenizer,qpuq9n6z,pusht-tokenizer,jerrychsh-ucsd/dreamer4-tokenizer/qpuq9n6z,killed,2026-05-02T02:20:46Z,,https://wandb.ai/jerrychsh-ucsd/dreamer4-tokenizer/runs/qpuq9n6z,82700,0.008549732156097889,0.0014747966779395938,0.035374678671360016,,,,,28.312679290771484,0.535918653011322,0.4657440185546875,,,,,,,,,,,,,,,,0.9883863925933838,8388608,0.0001,14.742952323291037
jerrychsh-ucsd,dreamer4-tokenizer,qpuq9n6z,pusht-tokenizer,jerrychsh-ucsd/dreamer4-tokenizer/qpuq9n6z,killed,2026-05-02T02:20:46Z,,https://wandb.ai/jerrychsh-ucsd/dreamer4-tokenizer/runs/qpuq9n6z,82800,0.008666392415761948,0.001540078315883875,0.03563156723976135,,,,,28.12457275390625,0.5545555353164673,0.44439697265625,,,,,,,,,,,,,,,,0.9914904832839966,16777216,0.0001,14.760770846141709
jerrychsh-ucsd,dreamer4-tokenizer,qpuq9n6z,pusht-tokenizer,jerrychsh-ucsd/dreamer4-tokenizer/qpuq9n6z,killed,2026-05-02T02:20:46Z,,https://wandb.ai/jerrychsh-ucsd/dreamer4-tokenizer/runs/qpuq9n6z,82900,0.007063338533043861,0.0015149551909416914,0.027741918340325356,,,,,28.196002960205078,0.5181608200073242,0.482696533203125,,,,,,,,,,,,,,,,0.990881621837616,16777216,0.0001,14.778586330016454
jerrychsh-ucsd,dreamer4-tokenizer,qpuq9n6z,pusht-tokenizer,jerrychsh-ucsd/dreamer4-tokenizer/qpuq9n6z,killed,2026-05-02T02:20:46Z,,https://wandb.ai/jerrychsh-ucsd/dreamer4-tokenizer/runs/qpuq9n6z,83000,0.006316472310572863,0.0014475368661805987,0.02434467524290085,,,,,28.393705368041992,0.5695483684539795,0.4300537109375,,,,,,,,,,,,,,,,0.9916554093360901,16777216,0.0001,14.796396335363388
jerrychsh-ucsd,dreamer4-tokenizer,qpuq9n6z,pusht-tokenizer,jerrychsh-ucsd/dreamer4-tokenizer/qpuq9n6z,killed,2026-05-02T02:20:46Z,,https://wandb.ai/jerrychsh-ucsd/dreamer4-tokenizer/runs/qpuq9n6z,83100,0.005075439810752869,0.0012256468180567026,0.01924896612763405,,,,,29.11634635925293,0.5342484712600708,0.4654388427734375,,,,,,,,,,,,,,,,0.9924046993255615,16777216,0.0001,14.814298840165138
jerrychsh-ucsd,dreamer4-tokenizer,qpuq9n6z,pusht-tokenizer,jerrychsh-ucsd/dreamer4-tokenizer/qpuq9n6z,killed,2026-05-02T02:20:46Z,,https://wandb.ai/jerrychsh-ucsd/dreamer4-tokenizer/runs/qpuq9n6z,83200,0.005902954842895269,0.0011954958317801356,0.023537294939160347,,,,,29.224519729614258,0.5265713930130005,0.4729766845703125,,,,,,,,,,,,,,,,0.9879348874092102,8388608,0.0001,14.832107760575083
jerrychsh-ucsd,dreamer4-tokenizer,qpuq9n6z,pusht-tokenizer,jerrychsh-ucsd/dreamer4-tokenizer/qpuq9n6z,killed,2026-05-02T02:20:46Z,,https://wandb.ai/jerrychsh-ucsd/dreamer4-tokenizer/runs/qpuq9n6z,83300,0.007931818254292011,0.0014401631196960807,0.03245827555656433,,,,,28.415882110595703,0.5615298748016357,0.438018798828125,,,,,,,,,,,,,,,,0.9927298426628113,8388608,0.0001,14.849924569394853
jerrychsh-ucsd,dreamer4-tokenizer,qpuq9n6z,pusht-tokenizer,jerrychsh-ucsd/dreamer4-tokenizer/qpuq9n6z,killed,2026-05-02T02:20:46Z,,https://wandb.ai/jerrychsh-ucsd/dreamer4-tokenizer/runs/qpuq9n6z,83400,0.01069612056016922,0.0015350178582593799,0.045805513858795166,,,,,28.138866424560547,0.5585747361183167,0.439849853515625,,,,,,,,,,,,,,,,0.9906229376792908,8388608,0.0001,14.867730743487677
jerrychsh-ucsd,dreamer4-tokenizer,qpuq9n6z,pusht-tokenizer,jerrychsh-ucsd/dreamer4-tokenizer/qpuq9n6z,killed,2026-05-02T02:20:46Z,,https://wandb.ai/jerrychsh-ucsd/dreamer4-tokenizer/runs/qpuq9n6z,83500,0.007349732331931591,0.0014644237235188484,0.029426543042063713,,,,,28.343334197998047,0.546973705291748,0.450714111328125,,,,,,,,,,,,,,,,0.9910470247268677,8388608,0.0001,14.885537495480643
jerrychsh-ucsd,dreamer4-tokenizer,qpuq9n6z,pusht-tokenizer,jerrychsh-ucsd/dreamer4-tokenizer/qpuq9n6z,killed,2026-05-02T02:20:46Z,,https://wandb.ai/jerrychsh-ucsd/dreamer4-tokenizer/runs/qpuq9n6z,83600,0.00813406240195036,0.001471149967983365,0.03331455960869789,,,,,28.32343101501465,0.5606734752655029,0.4395294189453125,,,,,,,,,,,,,,,,0.991032063961029,8388608,0.0001,14.9034432999293
jerrychsh-ucsd,dreamer4-tokenizer,qpuq9n6z,pusht-tokenizer,jerrychsh-ucsd/dreamer4-tokenizer/qpuq9n6z,killed,2026-05-02T02:20:46Z,,https://wandb.ai/jerrychsh-ucsd/dreamer4-tokenizer/runs/qpuq9n6z,83700,0.007472601253539324,0.0014404250541701913,0.03016088157892227,,,,,28.41509246826172,0.5523189306259155,0.44696044921875,,,,,,,,,,,,,,,,0.9907535910606384,8388608,0.0001,14.921259786751536
jerrychsh-ucsd,dreamer4-tokenizer,qpuq9n6z,pusht-tokenizer,jerrychsh-ucsd/dreamer4-tokenizer/qpuq9n6z,killed,2026-05-02T02:20:46Z,,https://wandb.ai/jerrychsh-ucsd/dreamer4-tokenizer/runs/qpuq9n6z,83800,0.0065335724502801895,0.0014763023937121034,0.025286350399255753,,,,,28.30824851989746,0.5599585771560669,0.44036865234375,,,,,,,,,,,,,,,,0.9923369884490967,8388608,0.0001,14.939078292051951
jerrychsh-ucsd,dreamer4-tokenizer,qpuq9n6z,pusht-tokenizer,jerrychsh-ucsd/dreamer4-tokenizer/qpuq9n6z,killed,2026-05-02T02:20:46Z,,https://wandb.ai/jerrychsh-ucsd/dreamer4-tokenizer/runs/qpuq9n6z,83900,0.009066288359463215,0.0019256743835285306,0.03570307046175003,,,,,27.154170989990234,0.6029528379440308,0.3986663818359375,,,,,,,,,,,,,,,,0.9910888075828552,8388608,0.0001,14.956885698040326
jerrychsh-ucsd,dreamer4-tokenizer,qpuq9n6z,pusht-tokenizer,jerrychsh-ucsd/dreamer4-tokenizer/qpuq9n6z,killed,2026-05-02T02:20:46Z,,https://wandb.ai/jerrychsh-ucsd/dreamer4-tokenizer/runs/qpuq9n6z,84000,0.006487362086772919,0.0014381732326000929,0.025245945900678635,,,,,28.42188835144043,0.5300581455230713,0.469207763671875,,,,,,,,,,,,,,,,0.9921173453330994,8388608,0.0001,14.974689882596333
jerrychsh-ucsd,dreamer4-tokenizer,qpuq9n6z,pusht-tokenizer,jerrychsh-ucsd/dreamer4-tokenizer/qpuq9n6z,killed,2026-05-02T02:20:46Z,,https://wandb.ai/jerrychsh-ucsd/dreamer4-tokenizer/runs/qpuq9n6z,84100,0.007192625198513269,0.001497454009950161,0.02847585640847683,,,,,28.24646759033203,0.5470040440559387,0.454681396484375,,,,,,,,,,,,,,,,0.9910999536514282,8388608,0.0001,14.992593625651466
jerrychsh-ucsd,dreamer4-tokenizer,qpuq9n6z,pusht-tokenizer,jerrychsh-ucsd/dreamer4-tokenizer/qpuq9n6z,killed,2026-05-02T02:20:46Z,,https://wandb.ai/jerrychsh-ucsd/dreamer4-tokenizer/runs/qpuq9n6z,84200,0.00717883137986064,0.001341345370747149,0.029187429696321487,,,,,28.724594116210938,0.576103925704956,0.426177978515625,,,,,,,,,,,,,,,,0.9905033707618713,8388608,0.0001,15.010421006745762
jerrychsh-ucsd,dreamer4-tokenizer,qpuq9n6z,pusht-tokenizer,jerrychsh-ucsd/dreamer4-tokenizer/qpuq9n6z,killed,2026-05-02T02:20:46Z,,https://wandb.ai/jerrychsh-ucsd/dreamer4-tokenizer/runs/qpuq9n6z,84300,0.007677809800952673,0.0013697509421035647,0.031540293246507645,,,,,28.63358497619629,0.5075671672821045,0.49481201171875,,,,,,,,,,,,,,,,0.9913493394851685,8388608,0.0001,15.028221418791347
jerrychsh-ucsd,dreamer4-tokenizer,qpuq9n6z,pusht-tokenizer,jerrychsh-ucsd/dreamer4-tokenizer/qpuq9n6z,killed,2026-05-02T02:20:46Z,,https://wandb.ai/jerrychsh-ucsd/dreamer4-tokenizer/runs/qpuq9n6z,84400,0.006020537577569485,0.0013686801539734006,0.02325928770005703,,,,,28.636980056762695,0.6040425896644592,0.3950653076171875,,,,,,,,,,,,,,,,0.9921124577522278,8388608,0.0001,15.046037190821435
jerrychsh-ucsd,dreamer4-tokenizer,qpuq9n6z,pusht-tokenizer,jerrychsh-ucsd/dreamer4-tokenizer/qpuq9n6z,killed,2026-05-02T02:20:46Z,,https://wandb.ai/jerrychsh-ucsd/dreamer4-tokenizer/runs/qpuq9n6z,84500,0.0059363660402596,0.0015667277621105313,0.02184819057583809,,,,,28.050064086914062,0.5748369693756104,0.427642822265625,,,,,,,,,,,,,,,,0.9916262626647949,8388608,0.0001,15.063839986390537
jerrychsh-ucsd,dreamer4-tokenizer,qpuq9n6z,pusht-tokenizer,jerrychsh-ucsd/dreamer4-tokenizer/qpuq9n6z,killed,2026-05-02T02:20:46Z,,https://wandb.ai/jerrychsh-ucsd/dreamer4-tokenizer/runs/qpuq9n6z,84600,0.007350648287683725,0.001744440640322864,0.028031036257743835,,,,,27.583438873291016,0.5646750926971436,0.4338226318359375,,,,,,,,,,,,,,,,0.9921891689300537,8388608,0.0001,15.081730643179682
jerrychsh-ucsd,dreamer4-tokenizer,qpuq9n6z,pusht-tokenizer,jerrychsh-ucsd/dreamer4-tokenizer/qpuq9n6z,killed,2026-05-02T02:20:46Z,,https://wandb.ai/jerrychsh-ucsd/dreamer4-tokenizer/runs/qpuq9n6z,84700,0.008330744691193104,0.0015716863563284278,0.03379528969526291,,,,,28.03634262084961,0.5559061765670776,0.444305419921875,,,,,,,,,,,,,,,,0.9919281601905823,8388608,0.0001,15.099549557036823
jerrychsh-ucsd,dreamer4-tokenizer,qpuq9n6z,pusht-tokenizer,jerrychsh-ucsd/dreamer4-tokenizer/qpuq9n6z,killed,2026-05-02T02:20:46Z,,https://wandb.ai/jerrychsh-ucsd/dreamer4-tokenizer/runs/qpuq9n6z,84800,0.006802453193813562,0.001321802963502705,0.027403252199292183,,,,,28.788333892822266,0.5720508098602295,0.4245147705078125,,,,,,,,,,,,,,,,0.9923962354660034,8388608,0.0001,15.117351143161455
jerrychsh-ucsd,dreamer4-tokenizer,qpuq9n6z,pusht-tokenizer,jerrychsh-ucsd/dreamer4-tokenizer/qpuq9n6z,killed,2026-05-02T02:20:46Z,,https://wandb.ai/jerrychsh-ucsd/dreamer4-tokenizer/runs/qpuq9n6z,84900,0.005798104219138622,0.0012075132690370083,0.022952955216169357,,,,,29.181079864501953,0.5904586315155029,0.409149169921875,,,,,,,,,,,,,,,,0.9904577136039734,8388608,0.0001,15.135147965815332
jerrychsh-ucsd,dreamer4-tokenizer,qpuq9n6z,pusht-tokenizer,jerrychsh-ucsd/dreamer4-tokenizer/qpuq9n6z,killed,2026-05-02T02:20:46Z,,https://wandb.ai/jerrychsh-ucsd/dreamer4-tokenizer/runs/qpuq9n6z,85000,0.004739174619317055,0.0011606720509007573,0.017892513424158096,,,,,29.3529052734375,0.600372314453125,0.40179443359375,,,,,,,,,,,,,,,,0.9908599257469177,8388608,0.0001,15.152952560053931
jerrychsh-ucsd,dreamer4-tokenizer,qpuq9n6z,pusht-tokenizer,jerrychsh-ucsd/dreamer4-tokenizer/qpuq9n6z,killed,2026-05-02T02:20:46Z,,https://wandb.ai/jerrychsh-ucsd/dreamer4-tokenizer/runs/qpuq9n6z,85100,0.005520175211131573,0.0011607403866946697,0.021797172725200653,,,,,29.35264778137207,0.6044349670410156,0.4004974365234375,,,,,,,,,,,,,,,,0.9894186854362488,8388608,0.0001,15.170935731066598
jerrychsh-ucsd,dreamer4-tokenizer,qpuq9n6z,pusht-tokenizer,jerrychsh-ucsd/dreamer4-tokenizer/qpuq9n6z,killed,2026-05-02T02:20:46Z,,https://wandb.ai/jerrychsh-ucsd/dreamer4-tokenizer/runs/qpuq9n6z,85200,0.007269212976098061,0.001515934825874865,0.028766389936208725,,,,,28.193195343017578,0.5734107494354248,0.4285125732421875,,,,,,,,,,,,,,,,0.9910653829574585,16777216,0.0001,15.18873348183102
jerrychsh-ucsd,dreamer4-tokenizer,qpuq9n6z,pusht-tokenizer,jerrychsh-ucsd/dreamer4-tokenizer/qpuq9n6z,killed,2026-05-02T02:20:46Z,,https://wandb.ai/jerrychsh-ucsd/dreamer4-tokenizer/runs/qpuq9n6z,85300,0.007403193973004818,0.0015746090793982148,0.029142925515770912,,,,,28.028274536132812,0.5249875783920288,0.4732666015625,,,,,,,,,,,,,,,,0.991939902305603,8388608,0.0001,15.206544551452001
jerrychsh-ucsd,dreamer4-tokenizer,qpuq9n6z,pusht-tokenizer,jerrychsh-ucsd/dreamer4-tokenizer/qpuq9n6z,killed,2026-05-02T02:20:46Z,,https://wandb.ai/jerrychsh-ucsd/dreamer4-tokenizer/runs/qpuq9n6z,85400,0.006193834822624922,0.0011459719389677048,0.025239314883947372,,,,,29.408260345458984,0.5769633054733276,0.425018310546875,,,,,,,,,,,,,,,,0.9905241131782532,8388608,0.0001,15.224362527794309
jerrychsh-ucsd,dreamer4-tokenizer,qpuq9n6z,pusht-tokenizer,jerrychsh-ucsd/dreamer4-tokenizer/qpuq9n6z,killed,2026-05-02T02:20:46Z,,https://wandb.ai/jerrychsh-ucsd/dreamer4-tokenizer/runs/qpuq9n6z,85500,0.006708849221467972,0.0014353140722960234,0.0263676755130291,,,,,28.430530548095703,0.5589878559112549,0.4428253173828125,,,,,,,,,,,,,,,,0.9926087260246277,4194304,0.0001,15.242170080012745
jerrychsh-ucsd,dreamer4-tokenizer,qpuq9n6z,pusht-tokenizer,jerrychsh-ucsd/dreamer4-tokenizer/qpuq9n6z,killed,2026-05-02T02:20:46Z,,https://wandb.ai/jerrychsh-ucsd/dreamer4-tokenizer/runs/qpuq9n6z,85600,0.011467266827821732,0.0018977608997374773,0.047847531735897064,,,,,27.217586517333984,0.588106632232666,0.4124755859375,,,,,,,,,,,,,,,,0.9911284446716309,4194304,0.0001,15.260073754456307
jerrychsh-ucsd,dreamer4-tokenizer,qpuq9n6z,pusht-tokenizer,jerrychsh-ucsd/dreamer4-tokenizer/qpuq9n6z,killed,2026-05-02T02:20:46Z,,https://wandb.ai/jerrychsh-ucsd/dreamer4-tokenizer/runs/qpuq9n6z,85700,0.006756973918527365,0.0012414082884788513,0.027577828615903854,,,,,29.060855865478516,0.5405353307723999,0.4577178955078125,,,,,,,,,,,,,,,,0.9897673726081848,4194304,0.0001,15.277878207299445
jerrychsh-ucsd,dreamer4-tokenizer,qpuq9n6z,pusht-tokenizer,jerrychsh-ucsd/dreamer4-tokenizer/qpuq9n6z,killed,2026-05-02T02:20:46Z,,https://wandb.ai/jerrychsh-ucsd/dreamer4-tokenizer/runs/qpuq9n6z,85800,0.005921076517552137,0.0013891927665099502,0.022659417241811752,,,,,28.572376251220703,0.5607075691223145,0.43707275390625,,,,,,,,,,,,,,,,0.9911502599716187,4194304,0.0001,15.295682523184352
jerrychsh-ucsd,dreamer4-tokenizer,qpuq9n6z,pusht-tokenizer,jerrychsh-ucsd/dreamer4-tokenizer/qpuq9n6z,killed,2026-05-02T02:20:46Z,,https://wandb.ai/jerrychsh-ucsd/dreamer4-tokenizer/runs/qpuq9n6z,85900,0.007920213043689728,0.0016461694613099098,0.031370215117931366,,,,,27.835254669189453,0.5549961924552917,0.4436492919921875,,,,,,,,,,,,,,,,0.991746187210083,4194304,0.0001,15.31349875556098
jerrychsh-ucsd,dreamer4-tokenizer,qpuq9n6z,pusht-tokenizer,jerrychsh-ucsd/dreamer4-tokenizer/qpuq9n6z,killed,2026-05-02T02:20:46Z,,https://wandb.ai/jerrychsh-ucsd/dreamer4-tokenizer/runs/qpuq9n6z,86000,0.00908278115093708,0.0017303291242569685,0.036762259900569916,,,,,27.61871337890625,0.5510209798812866,0.44903564453125,,,,,,,,,,,,,,,,0.9924982786178589,4194304,0.0001,15.331307568550109
jerrychsh-ucsd,dreamer4-tokenizer,qpuq9n6z,pusht-tokenizer,jerrychsh-ucsd/dreamer4-tokenizer/qpuq9n6z,killed,2026-05-02T02:20:46Z,,https://wandb.ai/jerrychsh-ucsd/dreamer4-tokenizer/runs/qpuq9n6z,86100,0.007638998329639435,0.0012095982674509287,0.03214699774980545,,,,,29.173587799072266,0.48728787899017334,0.5120086669921875,,,,,,,,,,,,,,,,0.9896394610404968,4194304,0.0001,15.349207483198908
jerrychsh-ucsd,dreamer4-tokenizer,qpuq9n6z,pusht-tokenizer,jerrychsh-ucsd/dreamer4-tokenizer/qpuq9n6z,killed,2026-05-02T02:20:46Z,,https://wandb.ai/jerrychsh-ucsd/dreamer4-tokenizer/runs/qpuq9n6z,86200,0.005829503294080496,0.0015288976719602942,0.0215030275285244,,,,,28.15621566772461,0.5657389163970947,0.432281494140625,,,,,,,,,,,,,,,,0.9921042323112488,4194304,0.0001,15.367013743122419
jerrychsh-ucsd,dreamer4-tokenizer,qpuq9n6z,pusht-tokenizer,jerrychsh-ucsd/dreamer4-tokenizer/qpuq9n6z,killed,2026-05-02T02:20:46Z,,https://wandb.ai/jerrychsh-ucsd/dreamer4-tokenizer/runs/qpuq9n6z,86300,0.009318536147475243,0.0021663508377969265,0.03576092794537544,,,,,26.64271354675293,0.525795578956604,0.472412109375,,,,,,,,,,,,,,,,0.9917632341384888,4194304,0.0001,15.384813063608275
jerrychsh-ucsd,dreamer4-tokenizer,qpuq9n6z,pusht-tokenizer,jerrychsh-ucsd/dreamer4-tokenizer/qpuq9n6z,killed,2026-05-02T02:20:46Z,,https://wandb.ai/jerrychsh-ucsd/dreamer4-tokenizer/runs/qpuq9n6z,86400,0.008065871894359589,0.0017939270474016666,0.0313597209751606,,,,,27.461952209472656,0.5609616041183472,0.440673828125,,,,,,,,,,,,,,,,0.9919506907463074,4194304,0.0001,15.402615554398961
jerrychsh-ucsd,dreamer4-tokenizer,qpuq9n6z,pusht-tokenizer,jerrychsh-ucsd/dreamer4-tokenizer/qpuq9n6z,killed,2026-05-02T02:20:46Z,,https://wandb.ai/jerrychsh-ucsd/dreamer4-tokenizer/runs/qpuq9n6z,86500,0.008535591885447502,0.0018579302122816443,0.03338830918073654,,,,,27.309707641601562,0.644849419593811,0.3571624755859375,,,,,,,,,,,,,,,,0.9911691546440125,4194304,0.0001,15.420425130592452
jerrychsh-ucsd,dreamer4-tokenizer,qpuq9n6z,pusht-tokenizer,jerrychsh-ucsd/dreamer4-tokenizer/qpuq9n6z,killed,2026-05-02T02:20:46Z,,https://wandb.ai/jerrychsh-ucsd/dreamer4-tokenizer/runs/qpuq9n6z,86600,0.006677861791104078,0.0015465709147974849,0.025656454265117645,,,,,28.106300354003906,0.5548819899559021,0.4439849853515625,,,,,,,,,,,,,,,,0.9906851053237915,4194304,0.0001,15.43832545525498
jerrychsh-ucsd,dreamer4-tokenizer,qpuq9n6z,pusht-tokenizer,jerrychsh-ucsd/dreamer4-tokenizer/qpuq9n6z,killed,2026-05-02T02:20:46Z,,https://wandb.ai/jerrychsh-ucsd/dreamer4-tokenizer/runs/qpuq9n6z,86700,0.00872519239783287,0.0015502865426242352,0.03587453067302704,,,,,28.095882415771484,0.5594353675842285,0.443389892578125,,,,,,,,,,,,,,,,0.9904084205627441,4194304,0.0001,15.456132246322102
jerrychsh-ucsd,dreamer4-tokenizer,qpuq9n6z,pusht-tokenizer,jerrychsh-ucsd/dreamer4-tokenizer/qpuq9n6z,killed,2026-05-02T02:20:46Z,,https://wandb.ai/jerrychsh-ucsd/dreamer4-tokenizer/runs/qpuq9n6z,86800,0.007209652569144964,0.0014280671020969748,0.028907926753163338,,,,,28.4525146484375,0.5369375944137573,0.4624786376953125,,,,,,,,,,,,,,,,0.991928219795227,4194304,0.0001,15.473940473331345
jerrychsh-ucsd,dreamer4-tokenizer,qpuq9n6z,pusht-tokenizer,jerrychsh-ucsd/dreamer4-tokenizer/qpuq9n6z,killed,2026-05-02T02:20:46Z,,https://wandb.ai/jerrychsh-ucsd/dreamer4-tokenizer/runs/qpuq9n6z,86900,0.005577468778938055,0.0015034266980364919,0.020370209589600563,,,,,28.229177474975586,0.5845588445663452,0.4150848388671875,,,,,,,,,,,,,,,,0.9927319288253784,4194304,0.0001,15.491749419371287
jerrychsh-ucsd,dreamer4-tokenizer,qpuq9n6z,pusht-tokenizer,jerrychsh-ucsd/dreamer4-tokenizer/qpuq9n6z,killed,2026-05-02T02:20:46Z,,https://wandb.ai/jerrychsh-ucsd/dreamer4-tokenizer/runs/qpuq9n6z,87000,0.006138116121292114,0.001305562094785273,0.024162771180272102,,,,,28.84202766418457,0.5372674465179443,0.4634552001953125,,,,,,,,,,,,,,,,0.9914818406105042,4194304,0.0001,15.509600840674507
jerrychsh-ucsd,dreamer4-tokenizer,qpuq9n6z,pusht-tokenizer,jerrychsh-ucsd/dreamer4-tokenizer/qpuq9n6z,killed,2026-05-02T02:20:46Z,,https://wandb.ai/jerrychsh-ucsd/dreamer4-tokenizer/runs/qpuq9n6z,87100,0.007031072862446308,0.00140637275762856,0.02812349796295166,,,,,28.518997192382812,0.5611200332641602,0.43963623046875,,,,,,,,,,,,,,,,0.9912980198860168,4194304,0.0001,15.527493658264477
jerrychsh-ucsd,dreamer4-tokenizer,qpuq9n6z,pusht-tokenizer,jerrychsh-ucsd/dreamer4-tokenizer/qpuq9n6z,killed,2026-05-02T02:20:46Z,,https://wandb.ai/jerrychsh-ucsd/dreamer4-tokenizer/runs/qpuq9n6z,87200,0.00687817158177495,0.0013370109954848886,0.027705803513526917,,,,,28.738651275634766,0.5626564025878906,0.438751220703125,,,,,,,,,,,,,,,,0.9910995960235596,4194304,0.0001,15.545301925871108
jerrychsh-ucsd,dreamer4-tokenizer,qpuq9n6z,pusht-tokenizer,jerrychsh-ucsd/dreamer4-tokenizer/qpuq9n6z,killed,2026-05-02T02:20:46Z,,https://wandb.ai/jerrychsh-ucsd/dreamer4-tokenizer/runs/qpuq9n6z,87300,0.009061381220817566,0.0014946314040571451,0.037833746522665024,,,,,28.25465965270996,0.5454437732696533,0.4570159912109375,,,,,,,,,,,,,,,,0.991701066493988,4194304,0.0001,15.563105171455277
jerrychsh-ucsd,dreamer4-tokenizer,qpuq9n6z,pusht-tokenizer,jerrychsh-ucsd/dreamer4-tokenizer/qpuq9n6z,killed,2026-05-02T02:20:46Z,,https://wandb.ai/jerrychsh-ucsd/dreamer4-tokenizer/runs/qpuq9n6z,87400,0.007188189309090376,0.0014601125149056315,0.02864038199186325,,,,,28.356136322021484,0.5594245195388794,0.4398193359375,,,,,,,,,,,,,,,,0.9919793605804443,4194304,0.0001,15.580919101436933
jerrychsh-ucsd,dreamer4-tokenizer,qpuq9n6z,pusht-tokenizer,jerrychsh-ucsd/dreamer4-tokenizer/qpuq9n6z,killed,2026-05-02T02:20:46Z,,https://wandb.ai/jerrychsh-ucsd/dreamer4-tokenizer/runs/qpuq9n6z,87500,0.008208476938307285,0.0015957533614709973,0.0330636166036129,,,,,27.9703426361084,0.5559672117233276,0.443450927734375,,,,,,,,,,,,,,,,0.9923431873321533,8388608,0.0001,15.598731262816322
jerrychsh-ucsd,dreamer4-tokenizer,qpuq9n6z,pusht-tokenizer,jerrychsh-ucsd/dreamer4-tokenizer/qpuq9n6z,killed,2026-05-02T02:20:46Z,,https://wandb.ai/jerrychsh-ucsd/dreamer4-tokenizer/runs/qpuq9n6z,87600,0.006582637783139944,0.0014720825711265206,0.02555277571082115,,,,,28.3206787109375,0.5595074892044067,0.436279296875,,,,,,,,,,,,,,,,0.9916651844978333,8388608,0.0001,15.616632761889035
jerrychsh-ucsd,dreamer4-tokenizer,qpuq9n6z,pusht-tokenizer,jerrychsh-ucsd/dreamer4-tokenizer/qpuq9n6z,killed,2026-05-02T02:20:46Z,,https://wandb.ai/jerrychsh-ucsd/dreamer4-tokenizer/runs/qpuq9n6z,87700,0.007449630182236433,0.0015904288738965988,0.02929600700736046,,,,,27.984859466552734,0.5367046594619751,0.4645538330078125,,,,,,,,,,,,,,,,0.9925793409347534,8388608,0.0001,15.634452157153024
jerrychsh-ucsd,dreamer4-tokenizer,qpuq9n6z,pusht-tokenizer,jerrychsh-ucsd/dreamer4-tokenizer/qpuq9n6z,killed,2026-05-02T02:20:46Z,,https://wandb.ai/jerrychsh-ucsd/dreamer4-tokenizer/runs/qpuq9n6z,87800,0.008197239600121975,0.0016226095613092184,0.03287314996123314,,,,,27.897857666015625,0.5689825415611267,0.431182861328125,,,,,,,,,,,,,,,,0.9922449588775635,8388608,0.0001,15.652274013294114
jerrychsh-ucsd,dreamer4-tokenizer,qpuq9n6z,pusht-tokenizer,jerrychsh-ucsd/dreamer4-tokenizer/qpuq9n6z,killed,2026-05-02T02:20:46Z,,https://wandb.ai/jerrychsh-ucsd/dreamer4-tokenizer/runs/qpuq9n6z,87900,0.008135108277201653,0.001659118803218007,0.03237994760274887,,,,,27.801225662231445,0.5914884209632874,0.409027099609375,,,,,,,,,,,,,,,,0.9912711381912231,8388608,0.0001,15.670084138115246
jerrychsh-ucsd,dreamer4-tokenizer,qpuq9n6z,pusht-tokenizer,jerrychsh-ucsd/dreamer4-tokenizer/qpuq9n6z,killed,2026-05-02T02:20:46Z,,https://wandb.ai/jerrychsh-ucsd/dreamer4-tokenizer/runs/qpuq9n6z,88000,0.007597813848406076,0.0015479327412322164,0.030249405652284622,,,,,28.10247802734375,0.5295169353485107,0.4699554443359375,,,,,,,,,,,,,,,,0.9906740188598633,8388608,0.0001,15.68790175596873
jerrychsh-ucsd,dreamer4-tokenizer,qpuq9n6z,pusht-tokenizer,jerrychsh-ucsd/dreamer4-tokenizer/qpuq9n6z,killed,2026-05-02T02:20:46Z,,https://wandb.ai/jerrychsh-ucsd/dreamer4-tokenizer/runs/qpuq9n6z,88100,0.007251718081533909,0.001448964118026197,0.02901376783847809,,,,,28.389423370361328,0.5630145072937012,0.4365081787109375,,,,,,,,,,,,,,,,0.990623414516449,8388608,0.0001,15.705798998541303
jerrychsh-ucsd,dreamer4-tokenizer,qpuq9n6z,pusht-tokenizer,jerrychsh-ucsd/dreamer4-tokenizer/qpuq9n6z,killed,2026-05-02T02:20:46Z,,https://wandb.ai/jerrychsh-ucsd/dreamer4-tokenizer/runs/qpuq9n6z,88200,0.008469902910292149,0.0015676411567255855,0.03451130911707878,,,,,28.047534942626953,0.4907129406929016,0.5082855224609375,,,,,,,,,,,,,,,,0.9917253851890564,8388608,0.0001,15.723610561490059
jerrychsh-ucsd,dreamer4-tokenizer,qpuq9n6z,pusht-tokenizer,jerrychsh-ucsd/dreamer4-tokenizer/qpuq9n6z,killed,2026-05-02T02:20:46Z,,https://wandb.ai/jerrychsh-ucsd/dreamer4-tokenizer/runs/qpuq9n6z,88300,0.007477840408682823,0.0014500342076644301,0.030139030888676643,,,,,28.386219024658203,0.546583890914917,0.45245361328125,,,,,,,,,,,,,,,,0.992195725440979,8388608,0.0001,15.741430733270116
jerrychsh-ucsd,dreamer4-tokenizer,qpuq9n6z,pusht-tokenizer,jerrychsh-ucsd/dreamer4-tokenizer/qpuq9n6z,killed,2026-05-02T02:20:46Z,,https://wandb.ai/jerrychsh-ucsd/dreamer4-tokenizer/runs/qpuq9n6z,88400,0.009477471001446247,0.001981572713702917,0.03747949004173279,,,,,27.02989959716797,0.5452013611793518,0.45550537109375,,,,,,,,,,,,,,,,0.9919120073318481,8388608,0.0001,15.759247835874557
jerrychsh-ucsd,dreamer4-tokenizer,qpuq9n6z,pusht-tokenizer,jerrychsh-ucsd/dreamer4-tokenizer/qpuq9n6z,killed,2026-05-02T02:20:46Z,,https://wandb.ai/jerrychsh-ucsd/dreamer4-tokenizer/runs/qpuq9n6z,88500,0.006338453385978937,0.0016127742128446698,0.023628395050764084,,,,,27.924266815185547,0.5747388601303101,0.42510986328125,,,,,,,,,,,,,,,,0.9918749332427979,8388608,0.0001,15.777055711282625
jerrychsh-ucsd,dreamer4-tokenizer,qpuq9n6z,pusht-tokenizer,jerrychsh-ucsd/dreamer4-tokenizer/qpuq9n6z,killed,2026-05-02T02:20:46Z,,https://wandb.ai/jerrychsh-ucsd/dreamer4-tokenizer/runs/qpuq9n6z,88600,0.00664054648950696,0.001578649622388184,0.0253094844520092,,,,,28.017141342163086,0.5768060684204102,0.424224853515625,,,,,,,,,,,,,,,,0.9918704628944397,4194304,0.0001,15.794964102374182
jerrychsh-ucsd,dreamer4-tokenizer,qpuq9n6z,pusht-tokenizer,jerrychsh-ucsd/dreamer4-tokenizer/qpuq9n6z,killed,2026-05-02T02:20:46Z,,https://wandb.ai/jerrychsh-ucsd/dreamer4-tokenizer/runs/qpuq9n6z,88700,0.007713883183896542,0.001442455337382853,0.031357139348983765,,,,,28.408977508544922,0.6044389009475708,0.3957366943359375,,,,,,,,,,,,,,,,0.9908896088600159,4194304,0.0001,15.812776456276575
jerrychsh-ucsd,dreamer4-tokenizer,qpuq9n6z,pusht-tokenizer,jerrychsh-ucsd/dreamer4-tokenizer/qpuq9n6z,killed,2026-05-02T02:20:46Z,,https://wandb.ai/jerrychsh-ucsd/dreamer4-tokenizer/runs/qpuq9n6z,88800,0.009071644395589828,0.001571979490108788,0.03749832510948181,,,,,28.03553009033203,0.5483928918838501,0.4502105712890625,,,,,,,,,,,,,,,,0.9920347332954407,4194304,0.0001,15.830596663819419
jerrychsh-ucsd,dreamer4-tokenizer,qpuq9n6z,pusht-tokenizer,jerrychsh-ucsd/dreamer4-tokenizer/qpuq9n6z,killed,2026-05-02T02:20:46Z,,https://wandb.ai/jerrychsh-ucsd/dreamer4-tokenizer/runs/qpuq9n6z,88900,0.007855532690882683,0.0014150707283988595,0.032202307134866714,,,,,28.492219924926758,0.6051462888717651,0.3957977294921875,,,,,,,,,,,,,,,,0.9922767877578735,4194304,0.0001,15.848402760691114
jerrychsh-ucsd,dreamer4-tokenizer,qpuq9n6z,pusht-tokenizer,jerrychsh-ucsd/dreamer4-tokenizer/qpuq9n6z,killed,2026-05-02T02:20:46Z,,https://wandb.ai/jerrychsh-ucsd/dreamer4-tokenizer/runs/qpuq9n6z,89000,0.007694564759731293,0.0018108815420418978,0.02941841445863247,,,,,27.421100616455078,0.5776222944259644,0.426177978515625,,,,,,,,,,,,,,,,0.9914494156837463,4194304,0.0001,15.866218913462427
jerrychsh-ucsd,dreamer4-tokenizer,qpuq9n6z,pusht-tokenizer,jerrychsh-ucsd/dreamer4-tokenizer/qpuq9n6z,killed,2026-05-02T02:20:46Z,,https://wandb.ai/jerrychsh-ucsd/dreamer4-tokenizer/runs/qpuq9n6z,89100,0.007962546311318874,0.0015714088222011924,0.03195568546652794,,,,,28.037109375,0.49096930027008057,0.508544921875,,,,,,,,,,,,,,,,0.9917402863502502,4194304,0.0001,15.884119585288895
jerrychsh-ucsd,dreamer4-tokenizer,qpuq9n6z,pusht-tokenizer,jerrychsh-ucsd/dreamer4-tokenizer/qpuq9n6z,killed,2026-05-02T02:20:46Z,,https://wandb.ai/jerrychsh-ucsd/dreamer4-tokenizer/runs/qpuq9n6z,89200,0.0075987218879163265,0.001253139809705317,0.03172791004180908,,,,,29.02000617980957,0.5474061965942383,0.451629638671875,,,,,,,,,,,,,,,,0.9915481805801392,4194304,0.0001,15.901922210852305
jerrychsh-ucsd,dreamer4-tokenizer,qpuq9n6z,pusht-tokenizer,jerrychsh-ucsd/dreamer4-tokenizer/qpuq9n6z,killed,2026-05-02T02:20:46Z,,https://wandb.ai/jerrychsh-ucsd/dreamer4-tokenizer/runs/qpuq9n6z,89300,0.0060859378427267075,0.0016159716760739684,0.022349830716848373,,,,,27.915664672851562,0.5749063491821289,0.4236907958984375,,,,,,,,,,,,,,,,0.9917961955070496,4194304,0.0001,15.919740719861455
jerrychsh-ucsd,dreamer4-tokenizer,qpuq9n6z,pusht-tokenizer,jerrychsh-ucsd/dreamer4-tokenizer/qpuq9n6z,killed,2026-05-02T02:20:46Z,,https://wandb.ai/jerrychsh-ucsd/dreamer4-tokenizer/runs/qpuq9n6z,89400,0.009507402777671814,0.001973277423530817,0.037670623511075974,,,,,27.048118591308594,0.5409680604934692,0.4584197998046875,,,,,,,,,,,,,,,,0.9915151596069336,4194304,0.0001,15.937544186049038
jerrychsh-ucsd,dreamer4-tokenizer,qpuq9n6z,pusht-tokenizer,jerrychsh-ucsd/dreamer4-tokenizer/qpuq9n6z,killed,2026-05-02T02:20:46Z,,https://wandb.ai/jerrychsh-ucsd/dreamer4-tokenizer/runs/qpuq9n6z,89500,0.006750753615051508,0.0015801460249349475,0.02585303783416748,,,,,28.013029098510742,0.520875871181488,0.47711181640625,,,,,,,,,,,,,,,,0.9917777180671692,4194304,0.0001,15.955359339382913
jerrychsh-ucsd,dreamer4-tokenizer,qpuq9n6z,pusht-tokenizer,jerrychsh-ucsd/dreamer4-tokenizer/qpuq9n6z,killed,2026-05-02T02:20:46Z,,https://wandb.ai/jerrychsh-ucsd/dreamer4-tokenizer/runs/qpuq9n6z,89600,0.008015872910618782,0.0014803668018430471,0.032677531242370605,,,,,28.296306610107422,0.5536872148513794,0.4464111328125,,,,,,,,,,,,,,,,0.9920697212219238,4194304,0.0001,15.973255151907603
jerrychsh-ucsd,dreamer4-tokenizer,qpuq9n6z,pusht-tokenizer,jerrychsh-ucsd/dreamer4-tokenizer/qpuq9n6z,killed,2026-05-02T02:20:46Z,,https://wandb.ai/jerrychsh-ucsd/dreamer4-tokenizer/runs/qpuq9n6z,89700,0.005921512376517057,0.0012981947511434555,0.023116588592529297,,,,,28.866600036621094,0.5488731265068054,0.4501800537109375,,,,,,,,,,,,,,,,0.9915257096290588,4194304,0.0001,15.99106690035926
jerrychsh-ucsd,dreamer4-tokenizer,qpuq9n6z,pusht-tokenizer,jerrychsh-ucsd/dreamer4-tokenizer/qpuq9n6z,killed,2026-05-02T02:20:46Z,,https://wandb.ai/jerrychsh-ucsd/dreamer4-tokenizer/runs/qpuq9n6z,89800,0.011792296543717384,0.0019166040001437068,0.04937846213579178,,,,,27.17467498779297,0.4976140856742859,0.501556396484375,,,,,,,,,,,,,,,,0.9914152026176453,4194304,0.0001,16.00887092762523
jerrychsh-ucsd,dreamer4-tokenizer,qpuq9n6z,pusht-tokenizer,jerrychsh-ucsd/dreamer4-tokenizer/qpuq9n6z,killed,2026-05-02T02:20:46Z,,https://wandb.ai/jerrychsh-ucsd/dreamer4-tokenizer/runs/qpuq9n6z,89900,0.0059738862328231335,0.001378206885419786,0.022978395223617554,,,,,28.606855392456055,0.5648423433303833,0.432098388671875,,,,,,,,,,,,,,,,0.9925044775009155,4194304,0.0001,16.026688733299572
jerrychsh-ucsd,dreamer4-tokenizer,qpuq9n6z,pusht-tokenizer,jerrychsh-ucsd/dreamer4-tokenizer/qpuq9n6z,killed,2026-05-02T02:20:46Z,,https://wandb.ai/jerrychsh-ucsd/dreamer4-tokenizer/runs/qpuq9n6z,90000,0.007483011577278376,0.001475471188314259,0.03003770299255848,,,,,28.310691833496094,0.5324223041534424,0.4684295654296875,,,,,,,,,,,,,,,,0.9918060898780823,4194304,0.0001,16.044493068522875
jerrychsh-ucsd,dreamer4-tokenizer,qpuq9n6z,pusht-tokenizer,jerrychsh-ucsd/dreamer4-tokenizer/qpuq9n6z,killed,2026-05-02T02:20:46Z,,https://wandb.ai/jerrychsh-ucsd/dreamer4-tokenizer/runs/qpuq9n6z,90100,0.00831094104796648,0.0016998916398733854,0.033055245876312256,,,,,27.69578742980957,0.5375035405158997,0.464385986328125,,,,,,,,,,,,,,,,0.9925395846366882,4194304,0.0001,16.062496642139223
jerrychsh-ucsd,dreamer4-tokenizer,qpuq9n6z,pusht-tokenizer,jerrychsh-ucsd/dreamer4-tokenizer/qpuq9n6z,killed,2026-05-02T02:20:46Z,,https://wandb.ai/jerrychsh-ucsd/dreamer4-tokenizer/runs/qpuq9n6z,90200,0.008318104781210423,0.0016856951406225562,0.03316204622387886,,,,,27.732210159301758,0.5500348210334778,0.4512176513671875,,,,,,,,,,,,,,,,0.9921538233757019,4194304,0.0001,16.08030343943172
jerrychsh-ucsd,dreamer4-tokenizer,qpuq9n6z,pusht-tokenizer,jerrychsh-ucsd/dreamer4-tokenizer/qpuq9n6z,killed,2026-05-02T02:20:46Z,,https://wandb.ai/jerrychsh-ucsd/dreamer4-tokenizer/runs/qpuq9n6z,90300,0.00954516138881445,0.001343980198726058,0.041005901992321014,,,,,28.7160701751709,0.5524117946624756,0.4463958740234375,,,,,,,,,,,,,,,,0.9906575679779053,4194304,0.0001,16.098122331168916
jerrychsh-ucsd,dreamer4-tokenizer,qpuq9n6z,pusht-tokenizer,jerrychsh-ucsd/dreamer4-tokenizer/qpuq9n6z,killed,2026-05-02T02:20:46Z,,https://wandb.ai/jerrychsh-ucsd/dreamer4-tokenizer/runs/qpuq9n6z,90400,0.011349746957421303,0.0014234012924134731,0.04963172599673271,,,,,28.46672821044922,0.5254494547843933,0.4759979248046875,,,,,,,,,,,,,,,,0.9922893643379211,4194304,0.0001,16.11593893898858
jerrychsh-ucsd,dreamer4-tokenizer,qpuq9n6z,pusht-tokenizer,jerrychsh-ucsd/dreamer4-tokenizer/qpuq9n6z,killed,2026-05-02T02:20:46Z,,https://wandb.ai/jerrychsh-ucsd/dreamer4-tokenizer/runs/qpuq9n6z,90500,0.008768870495259762,0.0014956120867282152,0.0363662913441658,,,,,28.251811981201172,0.542186439037323,0.455535888671875,,,,,,,,,,,,,,,,0.9906956553459167,4194304,0.0001,16.13375528375308
jerrychsh-ucsd,dreamer4-tokenizer,qpuq9n6z,pusht-tokenizer,jerrychsh-ucsd/dreamer4-tokenizer/qpuq9n6z,killed,2026-05-02T02:20:46Z,,https://wandb.ai/jerrychsh-ucsd/dreamer4-tokenizer/runs/qpuq9n6z,90600,0.006766847334802151,0.0013319371500983834,0.02717455103993416,,,,,28.755165100097656,0.5636980533599854,0.435638427734375,,,,,,,,,,,,,,,,0.9908657670021057,8388608,0.0001,16.151651561458905
jerrychsh-ucsd,dreamer4-tokenizer,qpuq9n6z,pusht-tokenizer,jerrychsh-ucsd/dreamer4-tokenizer/qpuq9n6z,killed,2026-05-02T02:20:46Z,,https://wandb.ai/jerrychsh-ucsd/dreamer4-tokenizer/runs/qpuq9n6z,90700,0.0049203368835151196,0.0013325187610462308,0.017939090728759766,,,,,28.753265380859375,0.5864515900611877,0.4138336181640625,,,,,,,,,,,,,,,,0.9925126433372498,4194304,0.0001,16.16946015516917
jerrychsh-ucsd,dreamer4-tokenizer,qpuq9n6z,pusht-tokenizer,jerrychsh-ucsd/dreamer4-tokenizer/qpuq9n6z,killed,2026-05-02T02:20:46Z,,https://wandb.ai/jerrychsh-ucsd/dreamer4-tokenizer/runs/qpuq9n6z,90800,0.007782613392919302,0.0012737889774143696,0.03254412114620209,,,,,28.94902801513672,0.5271020531654358,0.47137451171875,,,,,,,,,,,,,,,,0.990949273109436,4194304,0.0001,16.187273883422215
jerrychsh-ucsd,dreamer4-tokenizer,qpuq9n6z,pusht-tokenizer,jerrychsh-ucsd/dreamer4-tokenizer/qpuq9n6z,killed,2026-05-02T02:20:46Z,,https://wandb.ai/jerrychsh-ucsd/dreamer4-tokenizer/runs/qpuq9n6z,90900,0.0092091616243124,0.0017985173035413027,0.037053219974040985,,,,,27.450855255126953,0.4839676022529602,0.5175933837890625,,,,,,,,,,,,,,,,0.9913819432258606,4194304,0.0001,16.205088170170782
jerrychsh-ucsd,dreamer4-tokenizer,qpuq9n6z,pusht-tokenizer,jerrychsh-ucsd/dreamer4-tokenizer/qpuq9n6z,killed,2026-05-02T02:20:46Z,,https://wandb.ai/jerrychsh-ucsd/dreamer4-tokenizer/runs/qpuq9n6z,91000,0.007376432418823242,0.0016029926482588053,0.028867198154330254,,,,,27.950685501098633,0.5443869233131409,0.4528350830078125,,,,,,,,,,,,,,,,0.9930136799812317,4194304,0.0001,16.22290336469809
jerrychsh-ucsd,dreamer4-tokenizer,qpuq9n6z,pusht-tokenizer,jerrychsh-ucsd/dreamer4-tokenizer/qpuq9n6z,killed,2026-05-02T02:20:46Z,,https://wandb.ai/jerrychsh-ucsd/dreamer4-tokenizer/runs/qpuq9n6z,91100,0.0066956100054085255,0.001146395574323833,0.02774607017636299,,,,,29.406654357910156,0.5796235799789429,0.4200897216796875,,,,,,,,,,,,,,,,0.9916305541992188,4194304,0.0001,16.240822634829414
jerrychsh-ucsd,dreamer4-tokenizer,qpuq9n6z,pusht-tokenizer,jerrychsh-ucsd/dreamer4-tokenizer/qpuq9n6z,killed,2026-05-02T02:20:46Z,,https://wandb.ai/jerrychsh-ucsd/dreamer4-tokenizer/runs/qpuq9n6z,91200,0.00708317244425416,0.0016153743490576744,0.027338989078998566,,,,,27.91727066040039,0.530838668346405,0.4700164794921875,,,,,,,,,,,,,,,,0.9905551075935364,4194304,0.0001,16.25863506337007
jerrychsh-ucsd,dreamer4-tokenizer,qpuq9n6z,pusht-tokenizer,jerrychsh-ucsd/dreamer4-tokenizer/qpuq9n6z,killed,2026-05-02T02:20:46Z,,https://wandb.ai/jerrychsh-ucsd/dreamer4-tokenizer/runs/qpuq9n6z,91300,0.0063487449660897255,0.0015810348559170961,0.023838549852371216,,,,,28.01058578491211,0.6006739139556885,0.40264892578125,,,,,,,,,,,,,,,,0.9927167892456055,4194304,0.0001,16.276449229054982
jerrychsh-ucsd,dreamer4-tokenizer,qpuq9n6z,pusht-tokenizer,jerrychsh-ucsd/dreamer4-tokenizer/qpuq9n6z,killed,2026-05-02T02:20:46Z,,https://wandb.ai/jerrychsh-ucsd/dreamer4-tokenizer/runs/qpuq9n6z,91400,0.007649176754057407,0.0014397671911865473,0.031047046184539795,,,,,28.417076110839844,0.4981241226196289,0.502655029296875,,,,,,,,,,,,,,,,0.9902182817459106,4194304,0.0001,16.294258281853462
jerrychsh-ucsd,dreamer4-tokenizer,qpuq9n6z,pusht-tokenizer,jerrychsh-ucsd/dreamer4-tokenizer/qpuq9n6z,killed,2026-05-02T02:20:46Z,,https://wandb.ai/jerrychsh-ucsd/dreamer4-tokenizer/runs/qpuq9n6z,91500,0.0061761001124978065,0.00128706987015903,0.024445150047540665,,,,,28.90397834777832,0.5212814807891846,0.4798736572265625,,,,,,,,,,,,,,,,0.9916866421699524,4194304,0.0001,16.3120721307728
jerrychsh-ucsd,dreamer4-tokenizer,qpuq9n6z,pusht-tokenizer,jerrychsh-ucsd/dreamer4-tokenizer/qpuq9n6z,killed,2026-05-02T02:20:46Z,,https://wandb.ai/jerrychsh-ucsd/dreamer4-tokenizer/runs/qpuq9n6z,91600,0.007449775002896786,0.001665681367740035,0.02892046608030796,,,,,27.784080505371094,0.6005908250808716,0.400634765625,,,,,,,,,,,,,,,,0.9915487170219421,4194304,0.0001,16.329981431563695
jerrychsh-ucsd,dreamer4-tokenizer,qpuq9n6z,pusht-tokenizer,jerrychsh-ucsd/dreamer4-tokenizer/qpuq9n6z,killed,2026-05-02T02:20:46Z,,https://wandb.ai/jerrychsh-ucsd/dreamer4-tokenizer/runs/qpuq9n6z,91700,0.00856667011976242,0.0015572176780551672,0.0350472629070282,,,,,28.076507568359375,0.5350089073181152,0.467987060546875,,,,,,,,,,,,,,,,0.9915543794631958,4194304,0.0001,16.34779996474584
jerrychsh-ucsd,dreamer4-tokenizer,qpuq9n6z,pusht-tokenizer,jerrychsh-ucsd/dreamer4-tokenizer/qpuq9n6z,killed,2026-05-02T02:20:46Z,,https://wandb.ai/jerrychsh-ucsd/dreamer4-tokenizer/runs/qpuq9n6z,91800,0.006301439832895994,0.001698617939837277,0.023014109581708908,,,,,27.69904327392578,0.5979937314987183,0.4017486572265625,,,,,,,,,,,,,,,,0.9923199415206909,4194304,0.0001,16.365618204540677
jerrychsh-ucsd,dreamer4-tokenizer,qpuq9n6z,pusht-tokenizer,jerrychsh-ucsd/dreamer4-tokenizer/qpuq9n6z,killed,2026-05-02T02:20:46Z,,https://wandb.ai/jerrychsh-ucsd/dreamer4-tokenizer/runs/qpuq9n6z,91900,0.007995948195457458,0.001464880770072341,0.03265533596277237,,,,,28.341978073120117,0.5916686654090881,0.408355712890625,,,,,,,,,,,,,,,,0.9907435178756714,4194304,0.0001,16.383432306779756
jerrychsh-ucsd,dreamer4-tokenizer,qpuq9n6z,pusht-tokenizer,jerrychsh-ucsd/dreamer4-tokenizer/qpuq9n6z,killed,2026-05-02T02:20:46Z,,https://wandb.ai/jerrychsh-ucsd/dreamer4-tokenizer/runs/qpuq9n6z,92000,0.006836801767349243,0.001372423255816102,0.027321893721818924,,,,,28.6251220703125,0.5569921135902405,0.4442596435546875,,,,,,,,,,,,,,,,0.9922162294387817,4194304,0.0001,16.401248669226963
jerrychsh-ucsd,dreamer4-tokenizer,qpuq9n6z,pusht-tokenizer,jerrychsh-ucsd/dreamer4-tokenizer/qpuq9n6z,killed,2026-05-02T02:20:46Z,,https://wandb.ai/jerrychsh-ucsd/dreamer4-tokenizer/runs/qpuq9n6z,92100,0.009979872032999992,0.0019903616048395634,0.03994755446910858,,,,,27.01068115234375,0.5090693235397339,0.4927520751953125,,,,,,,,,,,,,,,,0.9913656711578369,4194304,0.0001,16.41914547801018
jerrychsh-ucsd,dreamer4-tokenizer,qpuq9n6z,pusht-tokenizer,jerrychsh-ucsd/dreamer4-tokenizer/qpuq9n6z,killed,2026-05-02T02:20:46Z,,https://wandb.ai/jerrychsh-ucsd/dreamer4-tokenizer/runs/qpuq9n6z,92200,0.006195991765707731,0.0012200275668874383,0.0248798206448555,,,,,29.13630485534668,0.5687237977981567,0.4313812255859375,,,,,,,,,,,,,,,,0.9911043643951416,4194304,0.0001,16.436939874423874
jerrychsh-ucsd,dreamer4-tokenizer,qpuq9n6z,pusht-tokenizer,jerrychsh-ucsd/dreamer4-tokenizer/qpuq9n6z,killed,2026-05-02T02:20:46Z,,https://wandb.ai/jerrychsh-ucsd/dreamer4-tokenizer/runs/qpuq9n6z,92300,0.008406518958508968,0.002058786805719137,0.03173866122961044,,,,,26.863887786865234,0.610175371170044,0.3892364501953125,,,,,,,,,,,,,,,,0.9934210777282715,4194304,0.0001,16.454750395947034
jerrychsh-ucsd,dreamer4-tokenizer,qpuq9n6z,pusht-tokenizer,jerrychsh-ucsd/dreamer4-tokenizer/qpuq9n6z,killed,2026-05-02T02:20:46Z,,https://wandb.ai/jerrychsh-ucsd/dreamer4-tokenizer/runs/qpuq9n6z,92400,0.007510877214372158,0.0012973397970199585,0.031067686155438423,,,,,28.869464874267578,0.5653215646743774,0.430816650390625,,,,,,,,,,,,,,,,0.9926946759223938,4194304,0.0001,16.472559605174595
jerrychsh-ucsd,dreamer4-tokenizer,qpuq9n6z,pusht-tokenizer,jerrychsh-ucsd/dreamer4-tokenizer/qpuq9n6z,killed,2026-05-02T02:20:46Z,,https://wandb.ai/jerrychsh-ucsd/dreamer4-tokenizer/runs/qpuq9n6z,92500,0.007270454429090023,0.0014546136371791363,0.029079202562570572,,,,,28.37252426147461,0.5272470712661743,0.474029541015625,,,,,,,,,,,,,,,,0.991815447807312,4194304,0.0001,16.49037632432249
jerrychsh-ucsd,dreamer4-tokenizer,qpuq9n6z,pusht-tokenizer,jerrychsh-ucsd/dreamer4-tokenizer/qpuq9n6z,killed,2026-05-02T02:20:46Z,,https://wandb.ai/jerrychsh-ucsd/dreamer4-tokenizer/runs/qpuq9n6z,92600,0.0052603911608457565,0.0013942981604486704,0.01933046616613865,,,,,28.55644416809082,0.5892333984375,0.410797119140625,,,,,,,,,,,,,,,,0.9918667078018188,4194304,0.0001,16.50828048818641
jerrychsh-ucsd,dreamer4-tokenizer,qpuq9n6z,pusht-tokenizer,jerrychsh-ucsd/dreamer4-tokenizer/qpuq9n6z,killed,2026-05-02T02:20:46Z,,https://wandb.ai/jerrychsh-ucsd/dreamer4-tokenizer/runs/qpuq9n6z,92700,0.009732525795698166,0.0014595655957236886,0.041364796459674835,,,,,28.357763290405273,0.5727300643920898,0.42828369140625,,,,,,,,,,,,,,,,0.9916736483573914,8388608,0.0001,16.526145688295365
jerrychsh-ucsd,dreamer4-tokenizer,qpuq9n6z,pusht-tokenizer,jerrychsh-ucsd/dreamer4-tokenizer/qpuq9n6z,killed,2026-05-02T02:20:46Z,,https://wandb.ai/jerrychsh-ucsd/dreamer4-tokenizer/runs/qpuq9n6z,92800,0.007145239040255547,0.001332723768427968,0.029062574729323387,,,,,28.75259780883789,0.5271967649459839,0.4731597900390625,,,,,,,,,,,,,,,,0.992802619934082,8388608,0.0001,16.54396218544907
jerrychsh-ucsd,dreamer4-tokenizer,qpuq9n6z,pusht-tokenizer,jerrychsh-ucsd/dreamer4-tokenizer/qpuq9n6z,killed,2026-05-02T02:20:46Z,,https://wandb.ai/jerrychsh-ucsd/dreamer4-tokenizer/runs/qpuq9n6z,92900,0.008815489709377289,0.00141639425419271,0.036995477974414825,,,,,28.4881591796875,0.5094466209411621,0.492034912109375,,,,,,,,,,,,,,,,0.9920637607574463,8388608,0.0001,16.561783893704416
jerrychsh-ucsd,dreamer4-tokenizer,qpuq9n6z,pusht-tokenizer,jerrychsh-ucsd/dreamer4-tokenizer/qpuq9n6z,killed,2026-05-02T02:20:46Z,,https://wandb.ai/jerrychsh-ucsd/dreamer4-tokenizer/runs/qpuq9n6z,93000,0.00788870919495821,0.0013554501347243786,0.032666295766830444,,,,,28.679162979125977,0.48047351837158203,0.519775390625,,,,,,,,,,,,,,,,0.9868818521499634,8388608,0.0001,16.579603510101638
jerrychsh-ucsd,dreamer4-tokenizer,qpuq9n6z,pusht-tokenizer,jerrychsh-ucsd/dreamer4-tokenizer/qpuq9n6z,killed,2026-05-02T02:20:46Z,,https://wandb.ai/jerrychsh-ucsd/dreamer4-tokenizer/runs/qpuq9n6z,93100,0.008932006545364857,0.0016534399474039674,0.03639283403754234,,,,,27.816116333007812,0.5431712865829468,0.456634521484375,,,,,,,,,,,,,,,,0.990805983543396,8388608,0.0001,16.59751210404767
jerrychsh-ucsd,dreamer4-tokenizer,qpuq9n6z,pusht-tokenizer,jerrychsh-ucsd/dreamer4-tokenizer/qpuq9n6z,killed,2026-05-02T02:20:46Z,,https://wandb.ai/jerrychsh-ucsd/dreamer4-tokenizer/runs/qpuq9n6z,93200,0.007509305141866207,0.0014455593191087246,0.0303187295794487,,,,,28.399641036987305,0.594403862953186,0.4067230224609375,,,,,,,,,,,,,,,,0.9912752509117126,8388608,0.0001,16.615312477284007
jerrychsh-ucsd,dreamer4-tokenizer,qpuq9n6z,pusht-tokenizer,jerrychsh-ucsd/dreamer4-tokenizer/qpuq9n6z,killed,2026-05-02T02:20:46Z,,https://wandb.ai/jerrychsh-ucsd/dreamer4-tokenizer/runs/qpuq9n6z,93300,0.007628066930919886,0.0014823226956650615,0.030728720128536224,,,,,28.290573120117188,0.5621709227561951,0.435150146484375,,,,,,,,,,,,,,,,0.992607831954956,8388608,0.0001,16.63311778710948
jerrychsh-ucsd,dreamer4-tokenizer,qpuq9n6z,pusht-tokenizer,jerrychsh-ucsd/dreamer4-tokenizer/qpuq9n6z,killed,2026-05-02T02:20:46Z,,https://wandb.ai/jerrychsh-ucsd/dreamer4-tokenizer/runs/qpuq9n6z,93400,0.006799677386879921,0.001528985914774239,0.02635345794260502,,,,,28.15596580505371,0.5544033050537109,0.445281982421875,,,,,,,,,,,,,,,,0.9918807744979858,8388608,0.0001,16.650937653978666
jerrychsh-ucsd,dreamer4-tokenizer,qpuq9n6z,pusht-tokenizer,jerrychsh-ucsd/dreamer4-tokenizer/qpuq9n6z,killed,2026-05-02T02:20:46Z,,https://wandb.ai/jerrychsh-ucsd/dreamer4-tokenizer/runs/qpuq9n6z,93500,0.00898404698818922,0.0013696919195353985,0.03807177394628525,,,,,28.633769989013672,0.58933424949646,0.4100494384765625,,,,,,,,,,,,,,,,0.9906994104385376,8388608,0.0001,16.668763912121456
jerrychsh-ucsd,dreamer4-tokenizer,qpuq9n6z,pusht-tokenizer,jerrychsh-ucsd/dreamer4-tokenizer/qpuq9n6z,killed,2026-05-02T02:20:46Z,,https://wandb.ai/jerrychsh-ucsd/dreamer4-tokenizer/runs/qpuq9n6z,93600,0.0071268812753260136,0.0014727050438523293,0.02827088162302971,,,,,28.3188419342041,0.5647821426391602,0.435455322265625,,,,,,,,,,,,,,,,0.9907129406929016,4194304,0.0001,16.68665720436308
jerrychsh-ucsd,dreamer4-tokenizer,qpuq9n6z,pusht-tokenizer,jerrychsh-ucsd/dreamer4-tokenizer/qpuq9n6z,killed,2026-05-02T02:20:46Z,,https://wandb.ai/jerrychsh-ucsd/dreamer4-tokenizer/runs/qpuq9n6z,93700,0.009952719323337078,0.002094560069963336,0.03929079324007034,,,,,26.789072036743164,0.5800402164459229,0.4214935302734375,,,,,,,,,,,,,,,,0.9919710755348206,4194304,0.0001,16.704469452169207
jerrychsh-ucsd,dreamer4-tokenizer,qpuq9n6z,pusht-tokenizer,jerrychsh-ucsd/dreamer4-tokenizer/qpuq9n6z,killed,2026-05-02T02:20:46Z,,https://wandb.ai/jerrychsh-ucsd/dreamer4-tokenizer/runs/qpuq9n6z,93800,0.005107395816594362,0.0012789954198524356,0.01914200186729431,,,,,28.931310653686523,0.592055082321167,0.4092864990234375,,,,,,,,,,,,,,,,0.9923425316810608,4194304,0.0001,16.72227531042364
jerrychsh-ucsd,dreamer4-tokenizer,qpuq9n6z,pusht-tokenizer,jerrychsh-ucsd/dreamer4-tokenizer/qpuq9n6z,killed,2026-05-02T02:20:46Z,,https://wandb.ai/jerrychsh-ucsd/dreamer4-tokenizer/runs/qpuq9n6z,93900,0.008678323589265347,0.0017730208346620202,0.034526512026786804,,,,,27.512863159179688,0.5500804781913757,0.4473114013671875,,,,,,,,,,,,,,,,0.9918275475502014,4194304,0.0001,16.7400849726465
jerrychsh-ucsd,dreamer4-tokenizer,qpuq9n6z,pusht-tokenizer,jerrychsh-ucsd/dreamer4-tokenizer/qpuq9n6z,killed,2026-05-02T02:20:46Z,,https://wandb.ai/jerrychsh-ucsd/dreamer4-tokenizer/runs/qpuq9n6z,94000,0.007936629466712475,0.0013622383121401072,0.03287195414304733,,,,,28.657470703125,0.5362454056739807,0.4625396728515625,,,,,,,,,,,,,,,,0.9917105436325073,4194304,0.0001,16.75789189795653
jerrychsh-ucsd,dreamer4-tokenizer,qpuq9n6z,pusht-tokenizer,jerrychsh-ucsd/dreamer4-tokenizer/qpuq9n6z,killed,2026-05-02T02:20:46Z,,https://wandb.ai/jerrychsh-ucsd/dreamer4-tokenizer/runs/qpuq9n6z,94100,0.0076835872605443,0.0013062821235507727,0.03188652545213699,,,,,28.839630126953125,0.5313328504562378,0.4691619873046875,,,,,,,,,,,,,,,,0.9909058809280396,4194304,0.0001,16.775784791310627
jerrychsh-ucsd,dreamer4-tokenizer,qpuq9n6z,pusht-tokenizer,jerrychsh-ucsd/dreamer4-tokenizer/qpuq9n6z,killed,2026-05-02T02:20:46Z,,https://wandb.ai/jerrychsh-ucsd/dreamer4-tokenizer/runs/qpuq9n6z,94200,0.007481118198484182,0.0017003240063786507,0.02890397049486637,,,,,27.694683074951172,0.582567036151886,0.418914794921875,,,,,,,,,,,,,,,,0.9904861450195312,4194304,0.0001,16.79358817809158
jerrychsh-ucsd,dreamer4-tokenizer,qpuq9n6z,pusht-tokenizer,jerrychsh-ucsd/dreamer4-tokenizer/qpuq9n6z,killed,2026-05-02T02:20:46Z,,https://wandb.ai/jerrychsh-ucsd/dreamer4-tokenizer/runs/qpuq9n6z,94300,0.005918466951698065,0.0013394356938079,0.02289515733718872,,,,,28.730783462524414,0.5196571350097656,0.4788055419921875,,,,,,,,,,,,,,,,0.9886392951011658,4194304,0.0001,16.811399022870592
jerrychsh-ucsd,dreamer4-tokenizer,qpuq9n6z,pusht-tokenizer,jerrychsh-ucsd/dreamer4-tokenizer/qpuq9n6z,killed,2026-05-02T02:20:46Z,,https://wandb.ai/jerrychsh-ucsd/dreamer4-tokenizer/runs/qpuq9n6z,94400,0.005359699949622154,0.0012538369046524167,0.020529314875602722,,,,,29.017589569091797,0.606604814529419,0.39532470703125,,,,,,,,,,,,,,,,0.9930436015129089,4194304,0.0001,16.829200913906096
jerrychsh-ucsd,dreamer4-tokenizer,qpuq9n6z,pusht-tokenizer,jerrychsh-ucsd/dreamer4-tokenizer/qpuq9n6z,killed,2026-05-02T02:20:46Z,,https://wandb.ai/jerrychsh-ucsd/dreamer4-tokenizer/runs/qpuq9n6z,94500,0.008920514956116676,0.0013993699103593826,0.03760572522878647,,,,,28.54067611694336,0.5740557312965393,0.4282684326171875,,,,,,,,,,,,,,,,0.9908518195152283,4194304,0.0001,16.84700953722
jerrychsh-ucsd,dreamer4-tokenizer,qpuq9n6z,pusht-tokenizer,jerrychsh-ucsd/dreamer4-tokenizer/qpuq9n6z,killed,2026-05-02T02:20:46Z,,https://wandb.ai/jerrychsh-ucsd/dreamer4-tokenizer/runs/qpuq9n6z,94600,0.008687736466526985,0.0016933681908994913,0.03497184067964554,,,,,27.712488174438477,0.47616061568260193,0.5274810791015625,,,,,,,,,,,,,,,,0.9921966791152954,4194304,0.0001,16.86491050647365
jerrychsh-ucsd,dreamer4-tokenizer,qpuq9n6z,pusht-tokenizer,jerrychsh-ucsd/dreamer4-tokenizer/qpuq9n6z,killed,2026-05-02T02:20:46Z,,https://wandb.ai/jerrychsh-ucsd/dreamer4-tokenizer/runs/qpuq9n6z,94700,0.007325541228055954,0.0017917959485203028,0.027668727561831474,,,,,27.46711540222168,0.5522091388702393,0.4463348388671875,,,,,,,,,,,,,,,,0.9925824403762817,4194304,0.0001,16.882726668516796
jerrychsh-ucsd,dreamer4-tokenizer,qpuq9n6z,pusht-tokenizer,jerrychsh-ucsd/dreamer4-tokenizer/qpuq9n6z,killed,2026-05-02T02:20:46Z,,https://wandb.ai/jerrychsh-ucsd/dreamer4-tokenizer/runs/qpuq9n6z,94800,0.0083080492913723,0.001439511775970459,0.0343426875770092,,,,,28.417850494384766,0.5524187684059143,0.449066162109375,,,,,,,,,,,,,,,,0.9910663962364197,4194304,0.0001,16.900539735886785
jerrychsh-ucsd,dreamer4-tokenizer,qpuq9n6z,pusht-tokenizer,jerrychsh-ucsd/dreamer4-tokenizer/qpuq9n6z,killed,2026-05-02T02:20:46Z,,https://wandb.ai/jerrychsh-ucsd/dreamer4-tokenizer/runs/qpuq9n6z,94900,0.007993041537702084,0.0014050175668671727,0.03294011950492859,,,,,28.523181915283203,0.6390961408615112,0.35760498046875,,,,,,,,,,,,,,,,0.9917365908622742,4194304,0.0001,16.918347752690316
jerrychsh-ucsd,dreamer4-tokenizer,qpuq9n6z,pusht-tokenizer,jerrychsh-ucsd/dreamer4-tokenizer/qpuq9n6z,killed,2026-05-02T02:20:46Z,,https://wandb.ai/jerrychsh-ucsd/dreamer4-tokenizer/runs/qpuq9n6z,95000,0.006003181915730238,0.0012582734925672412,0.023724541068077087,,,,,29.002248764038086,0.593663215637207,0.4044036865234375,,,,,,,,,,,,,,,,0.9911788702011108,4194304,0.0001,16.93614769074652
jerrychsh-ucsd,dreamer4-tokenizer,qpuq9n6z,pusht-tokenizer,jerrychsh-ucsd/dreamer4-tokenizer/qpuq9n6z,killed,2026-05-02T02:20:46Z,,https://wandb.ai/jerrychsh-ucsd/dreamer4-tokenizer/runs/qpuq9n6z,95100,0.008320150896906853,0.001566969440318644,0.03376590460538864,,,,,28.049394607543945,0.5080892443656921,0.492645263671875,,,,,,,,,,,,,,,,0.9916677474975586,4194304,0.0001,16.95415487613943
jerrychsh-ucsd,dreamer4-tokenizer,qpuq9n6z,pusht-tokenizer,jerrychsh-ucsd/dreamer4-tokenizer/qpuq9n6z,killed,2026-05-02T02:20:46Z,,https://wandb.ai/jerrychsh-ucsd/dreamer4-tokenizer/runs/qpuq9n6z,95200,0.0063146306201815605,0.0015794674400240183,0.023675814270973206,,,,,28.014892578125,0.5562210083007812,0.44256591796875,,,,,,,,,,,,,,,,0.9925324320793152,2097152,0.0001,16.971976006428402
jerrychsh-ucsd,dreamer4-tokenizer,qpuq9n6z,pusht-tokenizer,jerrychsh-ucsd/dreamer4-tokenizer/qpuq9n6z,killed,2026-05-02T02:20:46Z,,https://wandb.ai/jerrychsh-ucsd/dreamer4-tokenizer/runs/qpuq9n6z,95300,0.009414429776370525,0.0017537433886900544,0.0383034311234951,,,,,27.560338973999023,0.5177793502807617,0.4840240478515625,,,,,,,,,,,,,,,,0.9930469989776611,2097152,0.0001,16.98979351957639
jerrychsh-ucsd,dreamer4-tokenizer,qpuq9n6z,pusht-tokenizer,jerrychsh-ucsd/dreamer4-tokenizer/qpuq9n6z,killed,2026-05-02T02:20:46Z,,https://wandb.ai/jerrychsh-ucsd/dreamer4-tokenizer/runs/qpuq9n6z,95400,0.006593318656086922,0.0010651618940755725,0.027640782296657562,,,,,29.725845336914062,0.5436593294143677,0.455718994140625,,,,,,,,,,,,,,,,0.9902492165565491,2097152,0.0001,17.007599630554516
jerrychsh-ucsd,dreamer4-tokenizer,qpuq9n6z,pusht-tokenizer,jerrychsh-ucsd/dreamer4-tokenizer/qpuq9n6z,killed,2026-05-02T02:20:46Z,,https://wandb.ai/jerrychsh-ucsd/dreamer4-tokenizer/runs/qpuq9n6z,95500,0.008335202932357788,0.0015636399621143937,0.033857814967632294,,,,,28.058631896972656,0.499301552772522,0.4999847412109375,,,,,,,,,,,,,,,,0.9933170676231384,2097152,0.0001,17.025407882663938
jerrychsh-ucsd,dreamer4-tokenizer,qpuq9n6z,pusht-tokenizer,jerrychsh-ucsd/dreamer4-tokenizer/qpuq9n6z,killed,2026-05-02T02:20:46Z,,https://wandb.ai/jerrychsh-ucsd/dreamer4-tokenizer/runs/qpuq9n6z,95600,0.005039172247052193,0.0011093000648543239,0.019649360328912735,,,,,29.549510955810547,0.572452187538147,0.429412841796875,,,,,,,,,,,,,,,,0.9920130372047424,2097152,0.0001,17.04330564558506
jerrychsh-ucsd,dreamer4-tokenizer,qpuq9n6z,pusht-tokenizer,jerrychsh-ucsd/dreamer4-tokenizer/qpuq9n6z,killed,2026-05-02T02:20:46Z,,https://wandb.ai/jerrychsh-ucsd/dreamer4-tokenizer/runs/qpuq9n6z,95700,0.007898299023509026,0.0015614525182172656,0.031684231013059616,,,,,28.06471061706543,0.5827102661132812,0.416595458984375,,,,,,,,,,,,,,,,0.9913762211799622,2097152,0.0001,17.061112478706573
jerrychsh-ucsd,dreamer4-tokenizer,qpuq9n6z,pusht-tokenizer,jerrychsh-ucsd/dreamer4-tokenizer/qpuq9n6z,killed,2026-05-02T02:20:46Z,,https://wandb.ai/jerrychsh-ucsd/dreamer4-tokenizer/runs/qpuq9n6z,95800,0.006501091178506613,0.0014453543117269874,0.025278683751821518,,,,,28.400259017944336,0.5290382504463196,0.469207763671875,,,,,,,,,,,,,,,,0.9902932047843933,2097152,0.0001,17.07891852259636
jerrychsh-ucsd,dreamer4-tokenizer,qpuq9n6z,pusht-tokenizer,jerrychsh-ucsd/dreamer4-tokenizer/qpuq9n6z,killed,2026-05-02T02:20:46Z,,https://wandb.ai/jerrychsh-ucsd/dreamer4-tokenizer/runs/qpuq9n6z,95900,0.007724845316261053,0.0016292632790282369,0.03047790937125683,,,,,27.88008689880371,0.5075733661651611,0.4924774169921875,,,,,,,,,,,,,,,,0.9915521740913391,2097152,0.0001,17.09673206806183
jerrychsh-ucsd,dreamer4-tokenizer,qpuq9n6z,pusht-tokenizer,jerrychsh-ucsd/dreamer4-tokenizer/qpuq9n6z,killed,2026-05-02T02:20:46Z,,https://wandb.ai/jerrychsh-ucsd/dreamer4-tokenizer/runs/qpuq9n6z,96000,0.008713101968169212,0.0021981324534863234,0.0325748473405838,,,,,26.579463958740234,0.5691989660263062,0.4312286376953125,,,,,,,,,,,,,,,,0.9913583397865295,2097152,0.0001,17.114546692437596
jerrychsh-ucsd,dreamer4-tokenizer,qpuq9n6z,pusht-tokenizer,jerrychsh-ucsd/dreamer4-tokenizer/qpuq9n6z,killed,2026-05-02T02:20:46Z,,https://wandb.ai/jerrychsh-ucsd/dreamer4-tokenizer/runs/qpuq9n6z,96100,0.005984150804579258,0.00142911565490067,0.022775176912546158,,,,,28.44932746887207,0.5624845623970032,0.4370269775390625,,,,,,,,,,,,,,,,0.9930938482284546,2097152,0.0001,17.13244714068042
jerrychsh-ucsd,dreamer4-tokenizer,qpuq9n6z,pusht-tokenizer,jerrychsh-ucsd/dreamer4-tokenizer/qpuq9n6z,killed,2026-05-02T02:20:46Z,,https://wandb.ai/jerrychsh-ucsd/dreamer4-tokenizer/runs/qpuq9n6z,96200,0.005945122800767422,0.0012773264897987247,0.023338980972766876,,,,,28.936981201171875,0.559451699256897,0.444732666015625,,,,,,,,,,,,,,,,0.9913957715034485,2097152,0.0001,17.15025352789296
jerrychsh-ucsd,dreamer4-tokenizer,qpuq9n6z,pusht-tokenizer,jerrychsh-ucsd/dreamer4-tokenizer/qpuq9n6z,killed,2026-05-02T02:20:46Z,,https://wandb.ai/jerrychsh-ucsd/dreamer4-tokenizer/runs/qpuq9n6z,96300,0.005550690460950136,0.001436526537872851,0.020570820197463036,,,,,28.426864624023438,0.5776723623275757,0.4232330322265625,,,,,,,,,,,,,,,,0.9922667741775513,2097152,0.0001,17.16806639538871
jerrychsh-ucsd,dreamer4-tokenizer,qpuq9n6z,pusht-tokenizer,jerrychsh-ucsd/dreamer4-tokenizer/qpuq9n6z,killed,2026-05-02T02:20:46Z,,https://wandb.ai/jerrychsh-ucsd/dreamer4-tokenizer/runs/qpuq9n6z,96400,0.006714663468301296,0.0013429777463898063,0.026858428493142128,,,,,28.71931266784668,0.5567489862442017,0.44207763671875,,,,,,,,,,,,,,,,0.9919662475585938,2097152,0.0001,17.185875738859178
jerrychsh-ucsd,dreamer4-tokenizer,qpuq9n6z,pusht-tokenizer,jerrychsh-ucsd/dreamer4-tokenizer/qpuq9n6z,killed,2026-05-02T02:20:46Z,,https://wandb.ai/jerrychsh-ucsd/dreamer4-tokenizer/runs/qpuq9n6z,96500,0.005890106316655874,0.0013202520785853267,0.022849269211292267,,,,,28.79343032836914,0.574874222278595,0.4267730712890625,,,,,,,,,,,,,,,,0.9905266761779785,2097152,0.0001,17.203683377040758
jerrychsh-ucsd,dreamer4-tokenizer,qpuq9n6z,pusht-tokenizer,jerrychsh-ucsd/dreamer4-tokenizer/qpuq9n6z,killed,2026-05-02T02:20:46Z,,https://wandb.ai/jerrychsh-ucsd/dreamer4-tokenizer/runs/qpuq9n6z,96600,0.007545335218310356,0.0015871358336880803,0.02979099750518799,,,,,27.993860244750977,0.5426359176635742,0.457061767578125,,,,,,,,,,,,,,,,0.9918429851531982,2097152,0.0001,17.22156372414695
jerrychsh-ucsd,dreamer4-tokenizer,qpuq9n6z,pusht-tokenizer,jerrychsh-ucsd/dreamer4-tokenizer/qpuq9n6z,killed,2026-05-02T02:20:46Z,,https://wandb.ai/jerrychsh-ucsd/dreamer4-tokenizer/runs/qpuq9n6z,96700,0.007415506988763809,0.001302925287745893,0.030562907457351685,,,,,28.850805282592773,0.5396559238433838,0.4596710205078125,,,,,,,,,,,,,,,,0.9919717311859131,2097152,0.0001,17.239369168943828
jerrychsh-ucsd,dreamer4-tokenizer,qpuq9n6z,pusht-tokenizer,jerrychsh-ucsd/dreamer4-tokenizer/qpuq9n6z,killed,2026-05-02T02:20:46Z,,https://wandb.ai/jerrychsh-ucsd/dreamer4-tokenizer/runs/qpuq9n6z,96800,0.005039064213633537,0.0011761114001274109,0.019314762204885483,,,,,29.295516967773438,0.5188086032867432,0.4792022705078125,,,,,,,,,,,,,,,,0.9916270971298218,2097152,0.0001,17.25717323826419
jerrychsh-ucsd,dreamer4-tokenizer,qpuq9n6z,pusht-tokenizer,jerrychsh-ucsd/dreamer4-tokenizer/qpuq9n6z,killed,2026-05-02T02:20:46Z,,https://wandb.ai/jerrychsh-ucsd/dreamer4-tokenizer/runs/qpuq9n6z,96900,0.0073298797942698,0.0013514785096049309,0.029892005026340485,,,,,28.691909790039062,0.5277119874954224,0.473602294921875,,,,,,,,,,,,,,,,0.9911103248596191,2097152,0.0001,17.274979279504883
jerrychsh-ucsd,dreamer4-tokenizer,qpuq9n6z,pusht-tokenizer,jerrychsh-ucsd/dreamer4-tokenizer/qpuq9n6z,killed,2026-05-02T02:20:46Z,,https://wandb.ai/jerrychsh-ucsd/dreamer4-tokenizer/runs/qpuq9n6z,97000,0.0045252274721860886,0.0012265892000868917,0.016493191942572594,,,,,29.113008499145508,0.5678601861000061,0.431243896484375,,,,,,,,,,,,,,,,0.9911096096038818,2097152,0.0001,17.292786383562618
jerrychsh-ucsd,dreamer4-tokenizer,qpuq9n6z,pusht-tokenizer,jerrychsh-ucsd/dreamer4-tokenizer/qpuq9n6z,killed,2026-05-02T02:20:46Z,,https://wandb.ai/jerrychsh-ucsd/dreamer4-tokenizer/runs/qpuq9n6z,97100,0.008044347167015076,0.0012986029032617807,0.033728718757629395,,,,,28.865238189697266,0.5349977016448975,0.46636962890625,,,,,,,,,,,,,,,,0.9913554787635803,2097152,0.0001,17.310690992805693
jerrychsh-ucsd,dreamer4-tokenizer,qpuq9n6z,pusht-tokenizer,jerrychsh-ucsd/dreamer4-tokenizer/qpuq9n6z,killed,2026-05-02T02:20:46Z,,https://wandb.ai/jerrychsh-ucsd/dreamer4-tokenizer/runs/qpuq9n6z,97200,0.007838141173124313,0.0015612244606018066,0.031384579837322235,,,,,28.06534767150879,0.47378766536712646,0.5253143310546875,,,,,,,,,,,,,,,,0.9939438700675964,4194304,0.0001,17.32850014269352
jerrychsh-ucsd,dreamer4-tokenizer,qpuq9n6z,pusht-tokenizer,jerrychsh-ucsd/dreamer4-tokenizer/qpuq9n6z,killed,2026-05-02T02:20:46Z,,https://wandb.ai/jerrychsh-ucsd/dreamer4-tokenizer/runs/qpuq9n6z,97300,0.007968582212924957,0.001455081976018846,0.032567501068115234,,,,,28.371126174926758,0.5704643130302429,0.431884765625,,,,,,,,,,,,,,,,0.99130779504776,4194304,0.0001,17.346319069597456
jerrychsh-ucsd,dreamer4-tokenizer,qpuq9n6z,pusht-tokenizer,jerrychsh-ucsd/dreamer4-tokenizer/qpuq9n6z,killed,2026-05-02T02:20:46Z,,https://wandb.ai/jerrychsh-ucsd/dreamer4-tokenizer/runs/qpuq9n6z,97400,0.00792188011109829,0.0015580084873363376,0.031819358468055725,,,,,28.074302673339844,0.5210602879524231,0.47857666015625,,,,,,,,,,,,,,,,0.9912324547767639,4194304,0.0001,17.36413372867637
jerrychsh-ucsd,dreamer4-tokenizer,qpuq9n6z,pusht-tokenizer,jerrychsh-ucsd/dreamer4-tokenizer/qpuq9n6z,killed,2026-05-02T02:20:46Z,,https://wandb.ai/jerrychsh-ucsd/dreamer4-tokenizer/runs/qpuq9n6z,97500,0.006312396842986345,0.0012353365309536457,0.025385301560163498,,,,,29.0821475982666,0.5085537433624268,0.4932098388671875,,,,,,,,,,,,,,,,0.9901010990142822,4194304,0.0001,17.381938523252806
jerrychsh-ucsd,dreamer4-tokenizer,qpuq9n6z,pusht-tokenizer,jerrychsh-ucsd/dreamer4-tokenizer/qpuq9n6z,killed,2026-05-02T02:20:46Z,,https://wandb.ai/jerrychsh-ucsd/dreamer4-tokenizer/runs/qpuq9n6z,97600,0.007220886647701263,0.001541160512715578,0.028398629277944565,,,,,28.12152099609375,0.5666747689247131,0.4344940185546875,,,,,,,,,,,,,,,,0.9920516014099121,2097152,0.0001,17.399833909339375
jerrychsh-ucsd,dreamer4-tokenizer,qpuq9n6z,pusht-tokenizer,jerrychsh-ucsd/dreamer4-tokenizer/qpuq9n6z,killed,2026-05-02T02:20:46Z,,https://wandb.ai/jerrychsh-ucsd/dreamer4-tokenizer/runs/qpuq9n6z,97700,0.005825858563184738,0.0013554024044424295,0.022352278232574463,,,,,28.679317474365234,0.6015012860298157,0.3972625732421875,,,,,,,,,,,,,,,,0.989952802658081,2097152,0.0001,17.41763086511029
jerrychsh-ucsd,dreamer4-tokenizer,qpuq9n6z,pusht-tokenizer,jerrychsh-ucsd/dreamer4-tokenizer/qpuq9n6z,killed,2026-05-02T02:20:46Z,,https://wandb.ai/jerrychsh-ucsd/dreamer4-tokenizer/runs/qpuq9n6z,97800,0.00970942247658968,0.0018416743259876966,0.03933873772621155,,,,,27.347871780395508,0.5176159739494324,0.4801025390625,,,,,,,,,,,,,,,,0.9931964874267578,2097152,0.0001,17.43543669713868
jerrychsh-ucsd,dreamer4-tokenizer,qpuq9n6z,pusht-tokenizer,jerrychsh-ucsd/dreamer4-tokenizer/qpuq9n6z,killed,2026-05-02T02:20:46Z,,https://wandb.ai/jerrychsh-ucsd/dreamer4-tokenizer/runs/qpuq9n6z,97900,0.004725847393274307,0.001066309865564108,0.01829768717288971,,,,,29.72116470336914,0.5706561803817749,0.4289093017578125,,,,,,,,,,,,,,,,0.9913768172264099,2097152,0.0001,17.45325703051355
jerrychsh-ucsd,dreamer4-tokenizer,qpuq9n6z,pusht-tokenizer,jerrychsh-ucsd/dreamer4-tokenizer/qpuq9n6z,killed,2026-05-02T02:20:46Z,,https://wandb.ai/jerrychsh-ucsd/dreamer4-tokenizer/runs/qpuq9n6z,98000,0.0064142500050365925,0.001414577360264957,0.024998361244797707,,,,,28.493732452392578,0.5321248769760132,0.468292236328125,,,,,,,,,,,,,,,,0.990768551826477,2097152,0.0001,17.471074978775448
jerrychsh-ucsd,dreamer4-tokenizer,qpuq9n6z,pusht-tokenizer,jerrychsh-ucsd/dreamer4-tokenizer/qpuq9n6z,killed,2026-05-02T02:20:46Z,,https://wandb.ai/jerrychsh-ucsd/dreamer4-tokenizer/runs/qpuq9n6z,98100,0.00700033362954855,0.0012378596002236009,0.02881237119436264,,,,,29.073287963867188,0.5479384660720825,0.452728271484375,,,,,,,,,,,,,,,,0.9903648495674133,2097152,0.0001,17.488956219156584
jerrychsh-ucsd,dreamer4-tokenizer,qpuq9n6z,pusht-tokenizer,jerrychsh-ucsd/dreamer4-tokenizer/qpuq9n6z,killed,2026-05-02T02:20:46Z,,https://wandb.ai/jerrychsh-ucsd/dreamer4-tokenizer/runs/qpuq9n6z,98200,0.009417133405804634,0.0014208363136276603,0.03998148441314697,,,,,28.474559783935547,0.46707776188850403,0.5313720703125,,,,,,,,,,,,,,,,0.9911685585975647,2097152,0.0001,17.506765848265754
jerrychsh-ucsd,dreamer4-tokenizer,qpuq9n6z,pusht-tokenizer,jerrychsh-ucsd/dreamer4-tokenizer/qpuq9n6z,killed,2026-05-02T02:20:46Z,,https://wandb.ai/jerrychsh-ucsd/dreamer4-tokenizer/runs/qpuq9n6z,98300,0.008328002877533436,0.0016756778350099921,0.033261626958847046,,,,,27.758094787597656,0.5471876263618469,0.4549560546875,,,,,,,,,,,,,,,,0.9911693334579468,2097152,0.0001,17.52460599594646
jerrychsh-ucsd,dreamer4-tokenizer,qpuq9n6z,pusht-tokenizer,jerrychsh-ucsd/dreamer4-tokenizer/qpuq9n6z,killed,2026-05-02T02:20:46Z,,https://wandb.ai/jerrychsh-ucsd/dreamer4-tokenizer/runs/qpuq9n6z,98400,0.00941970944404602,0.0017289260867983103,0.03845391422510147,,,,,27.622238159179688,0.5342488288879395,0.46600341796875,,,,,,,,,,,,,,,,0.990218997001648,2097152,0.0001,17.5424131897423
jerrychsh-ucsd,dreamer4-tokenizer,qpuq9n6z,pusht-tokenizer,jerrychsh-ucsd/dreamer4-tokenizer/qpuq9n6z,killed,2026-05-02T02:20:46Z,,https://wandb.ai/jerrychsh-ucsd/dreamer4-tokenizer/runs/qpuq9n6z,98500,0.006544692441821098,0.0017798827029764652,0.023824049159884453,,,,,27.4960880279541,0.5674237608909607,0.4320220947265625,,,,,,,,,,,,,,,,0.9924771189689636,2097152,0.0001,17.560214615331756
jerrychsh-ucsd,dreamer4-tokenizer,qpuq9n6z,pusht-tokenizer,jerrychsh-ucsd/dreamer4-tokenizer/qpuq9n6z,killed,2026-05-02T02:20:46Z,,https://wandb.ai/jerrychsh-ucsd/dreamer4-tokenizer/runs/qpuq9n6z,98600,0.006950603798031807,0.0011923792771995068,0.028791122138500214,,,,,29.235857009887695,0.5403351783752441,0.4598388671875,,,,,,,,,,,,,,,,0.9924757480621338,2097152,0.0001,17.578092960185476
jerrychsh-ucsd,dreamer4-tokenizer,qpuq9n6z,pusht-tokenizer,jerrychsh-ucsd/dreamer4-tokenizer/qpuq9n6z,killed,2026-05-02T02:20:46Z,,https://wandb.ai/jerrychsh-ucsd/dreamer4-tokenizer/runs/qpuq9n6z,98700,0.007439035922288895,0.0013327030465006828,0.030531663447618484,,,,,28.752666473388672,0.5182114839553833,0.47998046875,,,,,,,,,,,,,,,,0.9920668601989746,2097152,0.0001,17.595900759895642
jerrychsh-ucsd,dreamer4-tokenizer,qpuq9n6z,pusht-tokenizer,jerrychsh-ucsd/dreamer4-tokenizer/qpuq9n6z,killed,2026-05-02T02:20:46Z,,https://wandb.ai/jerrychsh-ucsd/dreamer4-tokenizer/runs/qpuq9n6z,98800,0.006341267377138138,0.0014100337866693735,0.02465616725385189,,,,,28.507707595825195,0.5065569877624512,0.4955596923828125,,,,,,,,,,,,,,,,0.9925897121429443,2097152,0.0001,17.613715969920158
jerrychsh-ucsd,dreamer4-tokenizer,qpuq9n6z,pusht-tokenizer,jerrychsh-ucsd/dreamer4-tokenizer/qpuq9n6z,killed,2026-05-02T02:20:46Z,,https://wandb.ai/jerrychsh-ucsd/dreamer4-tokenizer/runs/qpuq9n6z,98900,0.007459774147719145,0.001466564368456602,0.029966048896312714,,,,,28.336990356445312,0.5940806865692139,0.4066314697265625,,,,,,,,,,,,,,,,0.9910746812820435,2097152,0.0001,17.63153507351875
jerrychsh-ucsd,dreamer4-tokenizer,qpuq9n6z,pusht-tokenizer,jerrychsh-ucsd/dreamer4-tokenizer/qpuq9n6z,killed,2026-05-02T02:20:46Z,,https://wandb.ai/jerrychsh-ucsd/dreamer4-tokenizer/runs/qpuq9n6z,99000,0.004504786804318428,0.0012158708414062858,0.016444580629467964,,,,,29.151124954223633,0.5806072950363159,0.4213714599609375,,,,,,,,,,,,,,,,0.9900507926940918,2097152,0.0001,17.649350962705082
jerrychsh-ucsd,dreamer4-tokenizer,qpuq9n6z,pusht-tokenizer,jerrychsh-ucsd/dreamer4-tokenizer/qpuq9n6z,killed,2026-05-02T02:20:46Z,,https://wandb.ai/jerrychsh-ucsd/dreamer4-tokenizer/runs/qpuq9n6z,99100,0.008275989443063736,0.0018308633007109165,0.032225627452135086,,,,,27.37343978881836,0.528019905090332,0.4728240966796875,,,,,,,,,,,,,,,,0.9920292496681213,2097152,0.0001,17.66724754565292
jerrychsh-ucsd,dreamer4-tokenizer,qpuq9n6z,pusht-tokenizer,jerrychsh-ucsd/dreamer4-tokenizer/qpuq9n6z,killed,2026-05-02T02:20:46Z,,https://wandb.ai/jerrychsh-ucsd/dreamer4-tokenizer/runs/qpuq9n6z,99200,0.007837788201868534,0.0014897376531735063,0.031740251928567886,,,,,28.268901824951172,0.551429271697998,0.449127197265625,,,,,,,,,,,,,,,,0.992125391960144,2097152,0.0001,17.685056020352576
jerrychsh-ucsd,dreamer4-tokenizer,qpuq9n6z,pusht-tokenizer,jerrychsh-ucsd/dreamer4-tokenizer/qpuq9n6z,killed,2026-05-02T02:20:46Z,,https://wandb.ai/jerrychsh-ucsd/dreamer4-tokenizer/runs/qpuq9n6z,99300,0.007836837321519852,0.0013260578271001577,0.03255389630794525,,,,,28.774377822875977,0.5494803190231323,0.4515838623046875,,,,,,,,,,,,,,,,0.9913491010665894,2097152,0.0001,17.702863519589105
jerrychsh-ucsd,dreamer4-tokenizer,qpuq9n6z,pusht-tokenizer,jerrychsh-ucsd/dreamer4-tokenizer/qpuq9n6z,killed,2026-05-02T02:20:46Z,,https://wandb.ai/jerrychsh-ucsd/dreamer4-tokenizer/runs/qpuq9n6z,99400,0.008139696903526783,0.0015288147842511535,0.0330544114112854,,,,,28.156452178955078,0.4945884346961975,0.5053253173828125,,,,,,,,,,,,,,,,0.9927334189414978,2097152,0.0001,17.72066742281119
jerrychsh-ucsd,dreamer4-tokenizer,qpuq9n6z,pusht-tokenizer,jerrychsh-ucsd/dreamer4-tokenizer/qpuq9n6z,killed,2026-05-02T02:20:46Z,,https://wandb.ai/jerrychsh-ucsd/dreamer4-tokenizer/runs/qpuq9n6z,99500,0.006173358764499426,0.001364929135888815,0.024042148143053055,,,,,28.648900985717773,0.5574692487716675,0.444610595703125,,,,,,,,,,,,,,,,0.9907897710800171,2097152,0.0001,17.73846077038182
jerrychsh-ucsd,dreamer4-tokenizer,qpuq9n6z,pusht-tokenizer,jerrychsh-ucsd/dreamer4-tokenizer/qpuq9n6z,killed,2026-05-02T02:20:46Z,,https://wandb.ai/jerrychsh-ucsd/dreamer4-tokenizer/runs/qpuq9n6z,99600,0.008232968859374523,0.0014544628793373704,0.03389253094792366,,,,,28.372974395751953,0.5398874878883362,0.4614715576171875,,,,,,,,,,,,,,,,0.9918100237846375,4194304,0.0001,17.756357816259065
jerrychsh-ucsd,dreamer4-tokenizer,qpuq9n6z,pusht-tokenizer,jerrychsh-ucsd/dreamer4-tokenizer/qpuq9n6z,killed,2026-05-02T02:20:46Z,,https://wandb.ai/jerrychsh-ucsd/dreamer4-tokenizer/runs/qpuq9n6z,99700,0.006854783743619919,0.0014481940306723118,0.027032947167754173,,,,,28.391733169555664,0.5249311327934265,0.473541259765625,,,,,,,,,,,,,,,,0.9916253089904785,4194304,0.0001,17.77416882687145
jerrychsh-ucsd,dreamer4-tokenizer,qpuq9n6z,pusht-tokenizer,jerrychsh-ucsd/dreamer4-tokenizer/qpuq9n6z,killed,2026-05-02T02:20:46Z,,https://wandb.ai/jerrychsh-ucsd/dreamer4-tokenizer/runs/qpuq9n6z,99800,0.007690192200243473,0.0016317220870405436,0.03029235079884529,,,,,27.873538970947266,0.58635014295578,0.41162109375,,,,,,,,,,,,,,,,0.9923660159111023,4194304,0.0001,17.791976493729486
jerrychsh-ucsd,dreamer4-tokenizer,qpuq9n6z,pusht-tokenizer,jerrychsh-ucsd/dreamer4-tokenizer/qpuq9n6z,killed,2026-05-02T02:20:46Z,,https://wandb.ai/jerrychsh-ucsd/dreamer4-tokenizer/runs/qpuq9n6z,99900,0.006708349101245403,0.0012872634688392282,0.027105428278446198,,,,,28.90332794189453,0.5543196201324463,0.4452667236328125,,,,,,,,,,,,,,,,0.9923361539840698,4194304,0.0001,17.80978163010544
jerrychsh-ucsd,dreamer4-tokenizer,qpuq9n6z,pusht-tokenizer,jerrychsh-ucsd/dreamer4-tokenizer/qpuq9n6z,killed,2026-05-02T02:20:46Z,,https://wandb.ai/jerrychsh-ucsd/dreamer4-tokenizer/runs/qpuq9n6z,100000,0.005706471856683493,0.0014231614768505096,0.021416550502181053,,,,,28.46746063232422,0.5328515768051147,0.4680633544921875,,,,,,,,,,,,,,,,0.9887968897819519,4194304,0.0001,17.827599949042003
jerrychsh-ucsd,dreamer4-tokenizer,qpuq9n6z,pusht-tokenizer,jerrychsh-ucsd/dreamer4-tokenizer/qpuq9n6z,killed,2026-05-02T02:20:46Z,,https://wandb.ai/jerrychsh-ucsd/dreamer4-tokenizer/runs/qpuq9n6z,100100,0.006263765040785074,0.0013279331615194678,0.02467915788292885,,,,,28.768238067626953,0.605398416519165,0.39239501953125,,,,,,,,,,,,,,,,0.9922159910202026,4194304,0.0001,17.84561044136683
jerrychsh-ucsd,dreamer4-tokenizer,qpuq9n6z,pusht-tokenizer,jerrychsh-ucsd/dreamer4-tokenizer/qpuq9n6z,killed,2026-05-02T02:20:46Z,,https://wandb.ai/jerrychsh-ucsd/dreamer4-tokenizer/runs/qpuq9n6z,100200,0.00663763890042901,0.0012562639312818646,0.026906874030828476,,,,,29.009191513061523,0.5160930156707764,0.484130859375,,,,,,,,,,,,,,,,0.992233157157898,4194304,0.0001,17.863416118952962
jerrychsh-ucsd,dreamer4-tokenizer,qpuq9n6z,pusht-tokenizer,jerrychsh-ucsd/dreamer4-tokenizer/qpuq9n6z,killed,2026-05-02T02:20:46Z,,https://wandb.ai/jerrychsh-ucsd/dreamer4-tokenizer/runs/qpuq9n6z,100300,0.006156436633318663,0.0013676938833668828,0.023943714797496796,,,,,28.640113830566406,0.5501885414123535,0.45147705078125,,,,,,,,,,,,,,,,0.9906637668609619,4194304,0.0001,17.88121734817823
jerrychsh-ucsd,dreamer4-tokenizer,qpuq9n6z,pusht-tokenizer,jerrychsh-ucsd/dreamer4-tokenizer/qpuq9n6z,killed,2026-05-02T02:20:46Z,,https://wandb.ai/jerrychsh-ucsd/dreamer4-tokenizer/runs/qpuq9n6z,100400,0.006261337082833052,0.0013310890644788742,0.024651240557432175,,,,,28.757930755615234,0.5747483968734741,0.425048828125,,,,,,,,,,,,,,,,0.9910305142402649,4194304,0.0001,17.89903085993396
jerrychsh-ucsd,dreamer4-tokenizer,qpuq9n6z,pusht-tokenizer,jerrychsh-ucsd/dreamer4-tokenizer/qpuq9n6z,killed,2026-05-02T02:20:46Z,,https://wandb.ai/jerrychsh-ucsd/dreamer4-tokenizer/runs/qpuq9n6z,100500,0.006382898893207312,0.001325356774032116,0.02528771013021469,,,,,28.77667236328125,0.5537199378013611,0.44525146484375,,,,,,,,,,,,,,,,0.9916421175003052,4194304,0.0001,17.916850377784836
jerrychsh-ucsd,dreamer4-tokenizer,qpuq9n6z,pusht-tokenizer,jerrychsh-ucsd/dreamer4-tokenizer/qpuq9n6z,killed,2026-05-02T02:20:46Z,,https://wandb.ai/jerrychsh-ucsd/dreamer4-tokenizer/runs/qpuq9n6z,100600,0.0048905108124017715,0.001200400060042739,0.018450554460287094,,,,,29.206741333007812,0.5274097919464111,0.470855712890625,,,,,,,,,,,,,,,,0.9909693002700806,4194304,0.0001,17.93476044197877
jerrychsh-ucsd,dreamer4-tokenizer,qpuq9n6z,pusht-tokenizer,jerrychsh-ucsd/dreamer4-tokenizer/qpuq9n6z,killed,2026-05-02T02:20:46Z,,https://wandb.ai/jerrychsh-ucsd/dreamer4-tokenizer/runs/qpuq9n6z,100700,0.007589407730847597,0.0014022131217643619,0.030935971066355705,,,,,28.5318603515625,0.5467021465301514,0.4541778564453125,,,,,,,,,,,,,,,,0.9921739101409912,4194304,0.0001,17.952581028805838
jerrychsh-ucsd,dreamer4-tokenizer,qpuq9n6z,pusht-tokenizer,jerrychsh-ucsd/dreamer4-tokenizer/qpuq9n6z,killed,2026-05-02T02:20:46Z,,https://wandb.ai/jerrychsh-ucsd/dreamer4-tokenizer/runs/qpuq9n6z,100800,0.004548407159745693,0.0011401019291952252,0.01704152673482895,,,,,29.43056297302246,0.49597838521003723,0.505767822265625,,,,,,,,,,,,,,,,0.9922769665718079,4194304,0.0001,17.970399471852513
jerrychsh-ucsd,dreamer4-tokenizer,qpuq9n6z,pusht-tokenizer,jerrychsh-ucsd/dreamer4-tokenizer/qpuq9n6z,killed,2026-05-02T02:20:46Z,,https://wandb.ai/jerrychsh-ucsd/dreamer4-tokenizer/runs/qpuq9n6z,100900,0.009294207207858562,0.001723787165246904,0.037852101027965546,,,,,27.635164260864258,0.5711049437522888,0.4319610595703125,,,,,,,,,,,,,,,,0.9907097816467285,4194304,0.0001,17.988241268197694
jerrychsh-ucsd,dreamer4-tokenizer,qpuq9n6z,pusht-tokenizer,jerrychsh-ucsd/dreamer4-tokenizer/qpuq9n6z,killed,2026-05-02T02:20:46Z,,https://wandb.ai/jerrychsh-ucsd/dreamer4-tokenizer/runs/qpuq9n6z,101000,0.008959559723734856,0.0014063471462577581,0.03776606172323227,,,,,28.519075393676758,0.4861568212509155,0.514190673828125,,,,,,,,,,,,,,,,0.9921229481697083,4194304,0.0001,18.006066410210398
jerrychsh-ucsd,dreamer4-tokenizer,qpuq9n6z,pusht-tokenizer,jerrychsh-ucsd/dreamer4-tokenizer/qpuq9n6z,killed,2026-05-02T02:20:46Z,,https://wandb.ai/jerrychsh-ucsd/dreamer4-tokenizer/runs/qpuq9n6z,101100,0.0061320471577346325,0.0012844186276197433,0.024238143116235733,,,,,28.912935256958008,0.5434033274650574,0.45648193359375,,,,,,,,,,,,,,,,0.9911344647407532,4194304,0.0001,18.023972723285357
jerrychsh-ucsd,dreamer4-tokenizer,qpuq9n6z,pusht-tokenizer,jerrychsh-ucsd/dreamer4-tokenizer/qpuq9n6z,killed,2026-05-02T02:20:46Z,,https://wandb.ai/jerrychsh-ucsd/dreamer4-tokenizer/runs/qpuq9n6z,101200,0.00861597154289484,0.0016148191643878818,0.03500576317310333,,,,,27.918760299682617,0.611574113368988,0.3897552490234375,,,,,,,,,,,,,,,,0.9910650253295898,4194304,0.0001,18.04180787887838
jerrychsh-ucsd,dreamer4-tokenizer,qpuq9n6z,pusht-tokenizer,jerrychsh-ucsd/dreamer4-tokenizer/qpuq9n6z,killed,2026-05-02T02:20:46Z,,https://wandb.ai/jerrychsh-ucsd/dreamer4-tokenizer/runs/qpuq9n6z,101300,0.009300797246396542,0.0014488805318251252,0.03925958275794983,,,,,28.389673233032227,0.49329110980033875,0.5029296875,,,,,,,,,,,,,,,,0.9921522736549377,4194304,0.0001,18.0596168715424
jerrychsh-ucsd,dreamer4-tokenizer,qpuq9n6z,pusht-tokenizer,jerrychsh-ucsd/dreamer4-tokenizer/qpuq9n6z,killed,2026-05-02T02:20:46Z,,https://wandb.ai/jerrychsh-ucsd/dreamer4-tokenizer/runs/qpuq9n6z,101400,0.006999380420893431,0.0014752271817997098,0.027620766311883926,,,,,28.311412811279297,0.5550074577331543,0.44189453125,,,,,,,,,,,,,,,,0.9930247068405151,4194304,0.0001,18.07743179778258
jerrychsh-ucsd,dreamer4-tokenizer,qpuq9n6z,pusht-tokenizer,jerrychsh-ucsd/dreamer4-tokenizer/qpuq9n6z,killed,2026-05-02T02:20:46Z,,https://wandb.ai/jerrychsh-ucsd/dreamer4-tokenizer/runs/qpuq9n6z,101500,0.006020351778715849,0.0011954590445384383,0.02412446215748787,,,,,29.224653244018555,0.5528517961502075,0.446929931640625,,,,,,,,,,,,,,,,0.9918758869171143,4194304,0.0001,18.095237656831742
jerrychsh-ucsd,dreamer4-tokenizer,qpuq9n6z,pusht-tokenizer,jerrychsh-ucsd/dreamer4-tokenizer/qpuq9n6z,killed,2026-05-02T02:20:46Z,,https://wandb.ai/jerrychsh-ucsd/dreamer4-tokenizer/runs/qpuq9n6z,101600,0.007427606265991926,0.0014974066289141774,0.02965099737048149,,,,,28.24660301208496,0.4583442211151123,0.5441436767578125,,,,,,,,,,,,,,,,0.9930066466331482,8388608,0.0001,18.113144219583937
jerrychsh-ucsd,dreamer4-tokenizer,qpuq9n6z,pusht-tokenizer,jerrychsh-ucsd/dreamer4-tokenizer/qpuq9n6z,killed,2026-05-02T02:20:46Z,,https://wandb.ai/jerrychsh-ucsd/dreamer4-tokenizer/runs/qpuq9n6z,101700,0.0068231429904699326,0.0014007131103426218,0.027112148702144623,,,,,28.536508560180664,0.5095273852348328,0.492095947265625,,,,,,,,,,,,,,,,0.9911451935768127,8388608,0.0001,18.130967021915648
jerrychsh-ucsd,dreamer4-tokenizer,qpuq9n6z,pusht-tokenizer,jerrychsh-ucsd/dreamer4-tokenizer/qpuq9n6z,killed,2026-05-02T02:20:46Z,,https://wandb.ai/jerrychsh-ucsd/dreamer4-tokenizer/runs/qpuq9n6z,101800,0.006174270994961262,0.0012239901116117835,0.02475140243768692,,,,,29.122220993041992,0.5407755374908447,0.458282470703125,,,,,,,,,,,,,,,,0.9922614693641663,8388608,0.0001,18.1487986704376
